year,team,league,cutoff,excluded,G,RF,mean_runs,zero,zero_rate,three_plus,three_plus_rate,n0,n1,n2,n3,n4,n5_plus,mean_runs_rank,other5_mean_runs,other5_zero_rate,other5_three_plus_rate
2013,b,P,6,0,144,377,2.6180555555555554,27,0.1875,60,0.4166666666666667,27,32,25,20,14,26,6,2.949860724233983,0.15459610027855153,0.46657381615598886
2013,b,P,7,0,144,428,2.9722222222222223,20,0.1388888888888889,70,0.4861111111111111,20,32,22,21,16,33,6,3.3272980501392757,0.116991643454039,0.5292479108635098
2013,c,C,6,0,144,390,2.7083333333333335,31,0.2152777777777778,59,0.4097222222222222,31,31,23,21,8,30,4,2.7083333333333335,0.225,0.44583333333333336
2013,c,C,7,0,144,454,3.1527777777777777,24,0.16666666666666666,73,0.5069444444444444,24,29,18,25,15,33,4,3.201388888888889,0.18055555555555555,0.5166666666666667
2013,d,C,6,0,144,365,2.5347222222222223,37,0.2569444444444444,61,0.4236111111111111,37,20,26,23,14,24,5,2.7430555555555554,0.21666666666666667,0.44305555555555554
2013,d,C,7,0,144,427,2.9652777777777777,31,0.2152777777777778,72,0.5,31,16,25,25,17,30,5,3.238888888888889,0.17083333333333334,0.5180555555555556
2013,db,C,6,0,144,414,2.875,23,0.1597222222222222,68,0.4722222222222222,23,34,19,19,15,34,1,2.675,0.2361111111111111,0.43333333333333335
2013,db,C,7,0,144,504,3.5,18,0.125,79,0.5486111111111112,18,30,17,19,14,46,1,3.1319444444444446,0.18888888888888888,0.5083333333333333
2013,e,P,6,1,143,432,3.020979020979021,24,0.16783216783216784,66,0.46153846153846156,24,27,26,15,10,41,2,2.8692628650904033,0.15855354659248957,0.4575799721835883
2013,e,P,7,1,143,498,3.4825174825174825,17,0.11888111888111888,77,0.5384615384615384,17,26,23,21,13,43,2,3.2253129346314324,0.12100139082058414,0.5187760778859527
2013,f,P,6,0,144,396,2.75,24,0.16666666666666666,64,0.4444444444444444,24,33,23,22,15,27,5,2.9233983286908076,0.15877437325905291,0.4610027855153203
2013,f,P,7,0,144,437,3.0347222222222223,21,0.14583333333333334,68,0.4722222222222222,21,30,25,19,15,34,5,3.3147632311977717,0.11559888579387187,0.532033426183844
2013,g,C,6,0,144,397,2.7569444444444446,32,0.2222222222222222,66,0.4583333333333333,32,22,24,18,16,32,3,2.698611111111111,0.22361111111111112,0.4361111111111111
2013,g,C,7,0,144,477,3.3125,23,0.1597222222222222,75,0.5208333333333334,23,18,28,15,17,43,2,3.1694444444444443,0.18194444444444444,0.5138888888888888
2013,h,P,6,0,144,470,3.263888888888889,19,0.13194444444444445,75,0.5208333333333334,19,22,28,24,13,38,1,2.82033426183844,0.16573816155988857,0.4456824512534819
2013,h,P,7,0,144,537,3.7291666666666665,15,0.10416666666666667,87,0.6041666666666666,15,20,22,25,11,51,1,3.1754874651810585,0.12395543175487465,0.5055710306406686
2013,l,P,6,1,143,415,2.902097902097902,20,0.13986013986013987,64,0.44755244755244755,20,32,27,14,17,33,3,2.8929068150208623,0.16411682892906815,0.4603616133518776
2013,l,P,7,1,143,448,3.132867132867133,16,0.11188811188811189,70,0.48951048951048953,16,30,27,13,22,35,4,3.2948539638386647,0.12239221140472879,0.5285118219749653
2013,m,P,6,0,144,405,2.8125,24,0.16666666666666666,66,0.4583333333333333,24,24,30,21,17,28,4,2.9108635097493036,0.15877437325905291,0.4582172701949861
2013,m,P,7,0,144,469,3.2569444444444446,15,0.10416666666666667,78,0.5416666666666666,15,26,25,25,16,37,3,3.2701949860724233,0.12395543175487465,0.5181058495821727
2013,s,C,6,0,144,410,2.8472222222222223,27,0.1875,71,0.4930555555555556,27,25,21,25,14,32,2,2.6805555555555554,0.23055555555555557,0.42916666666666664
2013,s,C,7,0,144,472,3.2777777777777777,25,0.1736111111111111,82,0.5694444444444444,25,20,17,27,15,40,3,3.176388888888889,0.17916666666666667,0.5041666666666667
2013,t,C,6,0,144,364,2.5277777777777777,43,0.2986111111111111,55,0.3819444444444444,43,22,24,17,10,28,6,2.7444444444444445,0.20833333333333334,0.4513888888888889
2013,t,C,7,0,144,425,2.951388888888889,33,0.22916666666666666,64,0.4444444444444444,33,24,23,23,5,36,6,3.2416666666666667,0.16805555555555557,0.5291666666666667
2014,b,P,6,0,144,430,2.986111111111111,31,0.2152777777777778,74,0.5138888888888888,31,15,24,23,18,33,1,2.7621696801112656,0.16968011126564672,0.4520166898470097
2014,b,P,7,0,144,482,3.3472222222222223,22,0.1527777777777778,84,0.5833333333333334,22,22,16,25,18,41,3,3.214783821478382,0.12412831241283125,0.5230125523012552
2014,c,C,6,1,143,429,3.0,23,0.16083916083916083,68,0.4755244755244755,23,28,24,12,19,37,2,2.83983286908078,0.1713091922005571,0.4610027855153203
2014,c,C,7,1,143,489,3.4195804195804196,19,0.13286713286713286,75,0.5244755244755245,19,26,23,15,17,43,2,3.2952646239554317,0.12395543175487465,0.5278551532033426
2014,d,C,6,1,143,377,2.6363636363636362,26,0.18181818181818182,66,0.46153846153846156,26,29,22,25,15,26,6,2.9122562674094707,0.1671309192200557,0.4637883008356546
2014,d,C,7,1,143,455,3.1818181818181817,16,0.11188811188811189,79,0.5524475524475524,16,28,20,21,18,40,4,3.3426183844011144,0.12813370473537605,0.5222841225626741
2014,db,C,6,0,144,402,2.7916666666666665,26,0.18055555555555555,68,0.4722222222222222,26,22,28,22,10,36,4,2.881450488145049,0.16736401673640167,0.4616457461645746
2014,db,C,7,0,144,450,3.125,21,0.14583333333333334,73,0.5069444444444444,21,22,28,17,14,42,6,3.3542538354253835,0.12133891213389121,0.5313807531380753
2014,e,P,6,0,144,381,2.6458333333333335,35,0.24305555555555555,62,0.4305555555555556,35,26,21,17,16,29,5,2.8303198887343535,0.16411682892906815,0.46870653685674546
2014,e,P,7,0,144,442,3.0694444444444446,26,0.18055555555555555,66,0.4583333333333333,26,27,25,13,15,38,5,3.2705718270571826,0.11854951185495119,0.5481171548117155
2014,f,P,6,1,143,416,2.909090909090909,24,0.16783216783216784,68,0.4755244755244755,24,25,26,18,18,32,3,2.7777777777777777,0.17916666666666667,0.4597222222222222
2014,f,P,7,1,143,501,3.5034965034965033,16,0.11188811188811189,84,0.5874125874125874,16,24,19,21,20,43,1,3.183844011142061,0.13231197771587744,0.5222841225626741
2014,g,C,6,0,144,381,2.6458333333333335,26,0.18055555555555555,62,0.4305555555555556,26,28,28,19,15,28,5,2.9107391910739193,0.16736401673640167,0.4700139470013947
2014,g,C,7,0,144,452,3.138888888888889,19,0.13194444444444445,74,0.5138888888888888,19,28,23,21,19,34,5,3.3514644351464433,0.12412831241283125,0.5299860529986054
2014,h,P,6,0,144,430,2.986111111111111,16,0.1111111111111111,68,0.4722222222222222,16,28,32,21,14,33,1,2.7621696801112656,0.1905424200278164,0.4603616133518776
2014,h,P,7,0,144,489,3.3958333333333335,11,0.0763888888888889,81,0.5625,11,23,29,26,16,39,2,3.205020920502092,0.1394700139470014,0.5271966527196653
2014,l,P,6,0,144,389,2.701388888888889,23,0.1597222222222222,63,0.4375,23,28,30,23,12,28,4,2.819193324061196,0.1808066759388039,0.4673157162726008
2014,l,P,7,1,143,445,3.111888111888112,16,0.11188811188811189,73,0.5104895104895105,16,27,27,27,11,35,4,3.2618384401114207,0.13231197771587744,0.5376044568245125
2014,m,P,6,0,144,370,2.5694444444444446,24,0.16666666666666666,64,0.4444444444444444,24,29,27,24,13,27,6,2.8456189151599443,0.17941585535465926,0.4659248956884562
2014,m,P,7,1,143,428,2.993006993006993,20,0.13986013986013987,71,0.4965034965034965,20,24,28,21,17,33,6,3.285515320334262,0.12674094707520892,0.5403899721448467
2014,s,C,6,1,143,472,3.300699300699301,16,0.11188811188811189,73,0.5104895104895105,16,24,30,19,15,39,1,2.7799442896935935,0.181058495821727,0.45403899721448465
2014,s,C,7,1,143,543,3.797202797202797,12,0.08391608391608392,84,0.5874125874125874,12,20,27,21,16,47,1,3.2200557103064065,0.13370473537604458,0.5153203342618384
2014,t,C,6,0,144,407,2.826388888888889,29,0.2013888888888889,62,0.4305555555555556,29,33,20,16,17,29,3,2.8744769874476988,0.16317991631799164,0.4700139470013947
2014,t,C,7,0,144,466,3.236111111111111,21,0.14583333333333334,69,0.4791666666666667,21,31,23,20,15,34,3,3.331938633193863,0.12133891213389121,0.5369595536959554
2015,b,P,6,0,143,376,2.629370629370629,33,0.23076923076923078,63,0.4405594405594406,33,25,22,19,19,25,5,2.834733893557423,0.18627450980392157,0.4579831932773109
2015,b,P,7,0,143,424,2.965034965034965,27,0.1888111888111888,72,0.5034965034965035,27,19,25,22,19,31,5,3.323529411764706,0.14145658263305322,0.5364145658263305
2015,c,C,6,0,143,357,2.4965034965034967,30,0.2097902097902098,58,0.40559440559440557,30,27,28,19,15,24,2,2.38375350140056,0.21568627450980393,0.3907563025210084
2015,c,C,7,0,143,395,2.762237762237762,26,0.18181818181818182,64,0.44755244755244755,26,27,26,20,15,29,4,2.7745098039215685,0.1568627450980392,0.44397759103641454
2015,d,C,6,0,143,317,2.2167832167832167,28,0.1958041958041958,55,0.38461538461538464,28,28,32,23,16,16,6,2.439775910364146,0.2184873949579832,0.3949579831932773
2015,d,C,7,0,143,367,2.5664335664335662,21,0.14685314685314685,62,0.43356643356643354,21,27,33,24,15,23,5,2.8137254901960786,0.1638655462184874,0.44677871148459386
2015,db,C,6,1,142,337,2.3732394366197185,29,0.20422535211267606,54,0.38028169014084506,29,35,24,13,20,21,3,2.4083916083916086,0.21678321678321677,0.3958041958041958
2015,db,C,7,1,142,395,2.7816901408450705,21,0.14788732394366197,62,0.43661971830985913,21,31,28,16,17,29,3,2.7706293706293708,0.16363636363636364,0.4461538461538462
2015,e,P,6,0,143,326,2.2797202797202796,32,0.22377622377622378,53,0.3706293706293706,32,31,27,23,12,18,6,2.9047619047619047,0.1876750700280112,0.47198879551820727
2015,e,P,7,0,143,367,2.5664335664335662,26,0.18181818181818182,61,0.42657342657342656,26,29,27,23,13,25,6,3.403361344537815,0.14285714285714285,0.5518207282913166
2015,f,P,6,0,143,422,2.9510489510489513,22,0.15384615384615385,65,0.45454545454545453,22,32,24,21,9,35,3,2.7703081232492996,0.20168067226890757,0.45518207282913165
2015,f,P,7,0,143,493,3.4475524475524475,13,0.09090909090909091,78,0.5454545454545454,13,26,26,27,11,40,3,3.226890756302521,0.16106442577030813,0.5280112044817927
2015,g,C,6,0,143,334,2.335664335664336,36,0.2517482517482518,50,0.34965034965034963,36,28,29,16,11,23,4,2.4159663865546217,0.20728291316526612,0.4019607843137255
2015,g,C,7,0,143,404,2.825174825174825,24,0.16783216783216784,61,0.42657342657342656,24,24,34,22,12,27,2,2.761904761904762,0.15966386554621848,0.4481792717086835
2015,h,P,6,0,143,442,3.090909090909091,23,0.16083916083916083,76,0.5314685314685315,23,21,23,24,17,35,2,2.742296918767507,0.20028011204481794,0.43977591036414565
2015,h,P,7,0,143,541,3.7832167832167833,14,0.0979020979020979,91,0.6363636363636364,14,17,21,25,20,46,1,3.1596638655462184,0.15966386554621848,0.5098039215686274
2015,l,P,6,1,142,444,3.1267605633802815,27,0.19014084507042253,72,0.5070422535211268,27,21,22,24,11,37,1,2.7356643356643358,0.1944055944055944,0.44475524475524475
2015,l,P,7,1,142,514,3.619718309859155,23,0.1619718309859155,83,0.5845070422535211,23,19,17,24,14,45,2,3.193006993006993,0.14685314685314685,0.5202797202797202
2015,m,P,6,0,143,390,2.727272727272727,29,0.20279720279720279,61,0.42657342657342656,29,32,21,19,7,35,4,2.8151260504201683,0.19187675070028012,0.46078431372549017
2015,m,P,7,0,143,458,3.202797202797203,25,0.17482517482517482,70,0.48951048951048953,25,21,27,17,9,44,4,3.275910364145658,0.14425770308123248,0.5392156862745098
2015,s,C,6,0,143,395,2.762237762237762,29,0.20279720279720279,64,0.44755244755244755,29,33,17,12,17,35,1,2.330532212885154,0.21708683473389356,0.38235294117647056
2015,s,C,7,0,143,448,3.132867132867133,18,0.1258741258741259,68,0.4755244755244755,18,32,25,9,18,41,1,2.700280112044818,0.16806722689075632,0.438375350140056
2015,t,C,6,0,143,319,2.230769230769231,32,0.22377622377622378,56,0.3916083916083916,32,32,23,25,11,20,5,2.436974789915966,0.21288515406162464,0.39355742296918766
2015,t,C,7,0,143,367,2.5664335664335662,28,0.1958041958041958,64,0.44755244755244755,28,26,25,27,7,30,5,2.8137254901960786,0.15406162464985995,0.44397759103641454
2016,b,P,6,0,143,357,2.4965034965034967,23,0.16083916083916083,54,0.3776223776223776,23,31,35,21,11,22,5,2.8865546218487395,0.18207282913165265,0.47759103641456585
2016,b,P,7,0,143,414,2.895104895104895,17,0.11888111888111888,68,0.4755244755244755,17,24,34,29,11,28,6,3.410364145658263,0.13165266106442577,0.5560224089635855
2016,c,C,6,1,142,471,3.316901408450704,15,0.1056338028169014,73,0.5140845070422535,15,31,23,16,17,40,1,2.586013986013986,0.1902097902097902,0.43216783216783217
2016,c,C,7,1,142,547,3.852112676056338,11,0.07746478873239436,83,0.5845070422535211,11,24,24,17,15,51,1,3.041958041958042,0.13846153846153847,0.4937062937062937
2016,d,C,6,0,143,335,2.3426573426573425,32,0.22377622377622378,50,0.34965034965034963,32,31,30,16,10,24,6,2.780112044817927,0.16666666666666666,0.4649859943977591
2016,d,C,7,0,143,401,2.804195804195804,22,0.15384615384615385,61,0.42657342657342656,22,33,27,18,10,33,5,3.250700280112045,0.12324929971988796,0.5252100840336135
2016,db,C,6,0,143,399,2.7902097902097904,28,0.1958041958041958,69,0.4825174825174825,28,28,18,25,13,31,2,2.6904761904761907,0.1722689075630252,0.438375350140056
2016,db,C,7,0,143,463,3.237762237762238,22,0.15384615384615385,76,0.5314685314685315,22,24,21,25,11,40,3,3.1638655462184873,0.12324929971988796,0.5042016806722689
2016,e,P,6,0,143,357,2.4965034965034967,41,0.2867132867132867,58,0.40559440559440557,41,23,21,22,13,23,5,2.8865546218487395,0.1568627450980392,0.47198879551820727
2016,e,P,7,0,143,432,3.020979020979021,30,0.2097902097902098,69,0.4825174825174825,30,26,18,21,13,35,5,3.38515406162465,0.1134453781512605,0.5546218487394958
2016,f,P,6,0,143,426,2.979020979020979,27,0.1888111888111888,71,0.4965034965034965,27,20,25,19,20,32,3,2.7899159663865545,0.17647058823529413,0.453781512605042
2016,f,P,7,0,143,506,3.5384615384615383,18,0.1258741258741259,81,0.5664335664335665,18,22,22,18,21,42,3,3.2815126050420167,0.13025210084033614,0.5378151260504201
2016,g,C,6,0,143,370,2.5874125874125875,26,0.18181818181818182,64,0.44755244755244755,26,25,28,26,10,28,4,2.73109243697479,0.17507002801120447,0.44537815126050423
2016,g,C,7,0,143,425,2.972027972027972,17,0.11888111888111888,73,0.5104895104895105,17,26,27,29,11,33,4,3.2170868347338937,0.13025210084033614,0.5084033613445378
2016,h,P,6,1,142,447,3.147887323943662,19,0.13380281690140844,75,0.528169014084507,19,22,26,26,16,33,1,2.7566433566433566,0.1874125874125874,0.44755244755244755
2016,h,P,7,1,142,512,3.6056338028169015,15,0.1056338028169014,82,0.5774647887323944,15,19,26,21,21,40,2,3.2685314685314686,0.13426573426573427,0.5356643356643357
2016,l,P,6,0,143,435,3.041958041958042,16,0.11188811188811189,73,0.5104895104895105,16,22,32,27,11,35,2,2.777310924369748,0.19187675070028012,0.45098039215686275
2016,l,P,7,0,143,518,3.6223776223776225,11,0.07692307692307693,88,0.6153846153846154,11,17,27,26,18,44,1,3.264705882352941,0.1400560224089636,0.5280112044817927
2016,m,P,6,0,143,396,2.769230769230769,27,0.1888111888111888,64,0.44755244755244755,27,25,27,24,11,29,4,2.831932773109244,0.17647058823529413,0.4635854341736695
2016,m,P,7,0,143,467,3.265734265734266,20,0.13986013986013987,77,0.5384615384615384,20,24,22,26,12,39,4,3.3361344537815127,0.12745098039215685,0.5434173669467787
2016,s,C,6,0,143,393,2.7482517482517483,22,0.15384615384615385,71,0.4965034965034965,22,30,20,23,13,35,3,2.6988795518207285,0.18067226890756302,0.43557422969187676
2016,s,C,7,0,143,486,3.3986013986013988,19,0.13286713286713286,83,0.5804195804195804,19,19,22,20,12,51,2,3.1316526610644257,0.12745098039215685,0.4943977591036415
2016,t,C,6,0,143,352,2.4615384615384617,28,0.1958041958041958,55,0.38461538461538464,28,33,27,21,12,22,5,2.7563025210084033,0.1722689075630252,0.4579831932773109
2016,t,C,7,0,143,400,2.797202797202797,19,0.13286713286713286,60,0.4195804195804196,19,30,34,19,10,31,6,3.2521008403361344,0.12745098039215685,0.5266106442577031
2017,b,P,6,0,143,363,2.5384615384615383,24,0.16783216783216784,58,0.40559440559440557,24,25,36,22,11,25,5,2.8120617110799437,0.18513323983169705,0.453015427769986
2017,b,P,7,0,143,440,3.076923076923077,20,0.13986013986013987,69,0.4825174825174825,20,20,34,20,18,31,4,3.2692847124824684,0.13464235624123422,0.5315568022440392
2017,c,C,6,0,143,501,3.5034965034965033,16,0.11188811188811189,79,0.5524475524475524,16,25,23,14,19,46,1,2.613986013986014,0.1958041958041958,0.4097902097902098
2017,c,C,7,0,143,587,4.104895104895105,10,0.06993006993006994,92,0.6433566433566433,10,18,23,14,21,57,1,3.0377622377622377,0.13986013986013987,0.48671328671328673
2017,d,C,6,0,143,335,2.3426573426573425,24,0.16783216783216784,51,0.35664335664335667,24,36,32,17,13,21,5,2.8461538461538463,0.18461538461538463,0.4489510489510489
2017,d,C,7,0,143,392,2.7412587412587412,14,0.0979020979020979,63,0.4405594405594406,14,34,32,23,15,25,5,3.3104895104895107,0.13426573426573427,0.5272727272727272
2017,db,C,6,0,143,437,3.055944055944056,21,0.14685314685314685,69,0.4825174825174825,21,30,23,20,13,36,2,2.7034965034965035,0.1888111888111888,0.42377622377622376
2017,db,C,7,0,143,503,3.5174825174825175,14,0.0979020979020979,80,0.5594405594405595,14,30,19,23,14,43,2,3.1552447552447553,0.13426573426573427,0.5034965034965035
2017,e,P,6,1,142,389,2.73943661971831,24,0.16901408450704225,58,0.4084507042253521,24,28,32,19,13,26,3,2.7717086834733893,0.18487394957983194,0.4523809523809524
2017,e,P,7,1,142,454,3.1971830985915495,18,0.1267605633802817,69,0.4859154929577465,18,23,32,24,12,33,3,3.2450980392156863,0.13725490196078433,0.530812324929972
2017,f,P,6,0,143,366,2.5594405594405596,35,0.24475524475524477,62,0.43356643356643354,35,20,26,24,12,26,4,2.8078541374474053,0.1697054698457223,0.4474053295932679
2017,f,P,7,0,143,431,3.013986013986014,25,0.17482517482517482,76,0.5314685314685315,25,22,20,30,10,36,5,3.281907433380084,0.1276297335203366,0.5217391304347826
2017,g,C,6,0,143,368,2.5734265734265733,32,0.22377622377622378,60,0.4195804195804196,32,22,29,14,17,29,4,2.8,0.17342657342657342,0.43636363636363634
2017,g,C,7,0,143,432,3.020979020979021,21,0.14685314685314685,71,0.4965034965034965,21,25,26,15,13,43,4,3.2545454545454544,0.12447552447552447,0.5160839160839161
2017,h,P,6,0,143,446,3.1188811188811187,19,0.13286713286713286,72,0.5034965034965035,19,31,21,23,14,35,2,2.6956521739130435,0.19214586255259467,0.43338008415147267
2017,h,P,7,0,143,520,3.6363636363636362,13,0.09090909090909091,85,0.5944055944055944,13,25,20,23,18,44,2,3.1570827489481066,0.14446002805049088,0.5091164095371669
2017,l,P,6,0,143,486,3.3986013986013988,21,0.14685314685314685,76,0.5314685314685315,21,26,20,12,14,50,1,2.6395511921458628,0.18934081346423562,0.4277699859747546
2017,l,P,7,0,143,561,3.923076923076923,16,0.11188811188811189,86,0.6013986013986014,16,22,19,17,10,59,1,3.099579242636746,0.1402524544179523,0.5077138849929874
2017,m,P,6,1,142,318,2.23943661971831,33,0.2323943661971831,55,0.3873239436619718,33,31,23,21,16,18,6,2.8711484593837535,0.1722689075630252,0.4565826330532213
2017,m,P,7,1,142,365,2.5704225352112675,24,0.16901408450704225,63,0.44366197183098594,24,32,23,23,17,23,6,3.369747899159664,0.12885154061624648,0.5392156862745098
2017,s,C,6,0,143,319,2.230769230769231,42,0.2937062937062937,51,0.35664335664335667,42,26,24,16,13,22,6,2.8685314685314687,0.15944055944055943,0.4489510489510489
2017,s,C,7,0,143,367,2.5664335664335662,33,0.23076923076923078,60,0.4195804195804196,33,26,24,21,11,28,6,3.3454545454545452,0.1076923076923077,0.5314685314685315
2017,t,C,6,0,143,410,2.867132867132867,21,0.14685314685314685,62,0.43356643356643354,21,32,28,16,15,31,3,2.7412587412587412,0.1888111888111888,0.43356643356643354
2017,t,C,7,0,143,478,3.3426573426573425,18,0.1258741258741259,74,0.5174825174825175,18,24,27,20,12,42,3,3.1902097902097903,0.12867132867132866,0.5118881118881119
2018,b,P,6,0,143,360,2.5174825174825175,33,0.23076923076923078,60,0.4195804195804196,33,20,30,19,12,29,5,2.952247191011236,0.1797752808988764,0.47752808988764045
2018,b,P,7,0,143,418,2.923076923076923,23,0.16083916083916083,66,0.46153846153846156,23,23,31,19,11,36,5,3.428370786516854,0.13202247191011235,0.5561797752808989
2018,c,C,6,0,143,508,3.5524475524475525,16,0.11188811188811189,91,0.6363636363636364,16,15,21,31,18,42,1,2.843137254901961,0.16806722689075632,0.46078431372549017
2018,c,C,7,0,143,598,4.181818181818182,9,0.06293706293706294,102,0.7132867132867133,9,15,17,28,22,52,1,3.3179271708683475,0.13025210084033614,0.5336134453781513
2018,d,C,6,0,143,421,2.944055944055944,17,0.11888111888111888,66,0.46153846153846156,17,29,31,17,21,28,4,2.9649859943977592,0.16666666666666666,0.4957983193277311
2018,d,C,7,0,143,485,3.3916083916083917,14,0.0979020979020979,75,0.5244755244755245,14,24,30,16,18,41,4,3.4761904761904763,0.12324929971988796,0.5714285714285714
2018,db,C,6,1,142,359,2.528169014084507,25,0.176056338028169,63,0.44366197183098594,25,28,26,27,14,22,6,3.0475524475524476,0.15524475524475526,0.4993006993006993
2018,db,C,7,1,142,430,3.028169014084507,18,0.1267605633802817,77,0.5422535211267606,18,30,17,27,14,36,6,3.548251748251748,0.11748251748251748,0.5678321678321678
2018,e,P,6,0,143,320,2.237762237762238,34,0.23776223776223776,50,0.34965034965034963,34,32,27,18,8,24,6,3.008426966292135,0.17837078651685392,0.49157303370786515
2018,e,P,7,0,143,384,2.6853146853146854,23,0.16083916083916083,58,0.40559440559440557,23,32,30,18,8,32,6,3.476123595505618,0.13202247191011235,0.5674157303370787
2018,f,P,6,1,142,399,2.8098591549295775,30,0.2112676056338028,69,0.4859154929577465,30,18,25,18,22,29,3,2.8934081346423564,0.18373071528751753,0.4642356241234222
2018,f,P,7,1,142,472,3.323943661971831,20,0.14084507042253522,81,0.5704225352112676,20,20,21,21,21,39,3,3.347826086956522,0.13604488078541374,0.5343618513323983
2018,g,C,6,0,143,434,3.034965034965035,27,0.1888111888111888,69,0.4825174825174825,27,21,26,20,16,33,2,2.946778711484594,0.15266106442577032,0.49159663865546216
2018,g,C,7,0,143,511,3.5734265734265733,19,0.13286713286713286,75,0.5244755244755245,19,21,28,19,11,45,2,3.439775910364146,0.11624649859943978,0.5714285714285714
2018,h,P,6,0,143,463,3.237762237762238,21,0.14685314685314685,78,0.5454545454545454,21,22,22,24,16,38,2,2.807584269662921,0.19662921348314608,0.45224719101123595
2018,h,P,7,0,143,514,3.5944055944055946,15,0.1048951048951049,88,0.6153846153846154,15,24,16,25,17,46,2,3.293539325842697,0.14325842696629212,0.5252808988764045
2018,l,P,6,1,142,543,3.823943661971831,19,0.13380281690140844,80,0.5633802816901409,19,18,25,13,15,52,1,2.691444600280505,0.19915848527349228,0.4488078541374474
2018,l,P,7,1,142,647,4.556338028169014,17,0.11971830985915492,97,0.6830985915492958,17,16,12,16,12,69,1,3.102384291725105,0.1402524544179523,0.511921458625526
2018,m,P,6,1,142,377,2.6549295774647885,24,0.16901408450704225,63,0.44366197183098594,24,30,25,21,15,27,4,2.9242636746143056,0.19214586255259467,0.4726507713884993
2018,m,P,7,1,142,424,2.9859154929577465,19,0.13380281690140844,72,0.5070422535211268,19,28,23,22,15,35,4,3.415147265077139,0.13744740532959326,0.5469845722300141
2018,s,C,6,0,143,425,2.972027972027972,21,0.14685314685314685,72,0.5034965034965035,21,30,20,23,17,32,3,2.9593837535014007,0.16106442577030813,0.48739495798319327
2018,s,C,7,0,143,494,3.4545454545454546,16,0.11188811188811189,84,0.5874125874125874,16,22,21,24,17,43,3,3.4635854341736696,0.12044817927170869,0.5588235294117647
2018,t,C,6,0,143,391,2.734265734265734,30,0.2097902097902098,59,0.4125874125874126,30,25,29,16,16,27,5,3.007002801120448,0.1484593837535014,0.5056022408963585
2018,t,C,7,0,143,449,3.13986013986014,26,0.18181818181818182,70,0.48951048951048953,26,21,26,21,14,35,5,3.526610644257703,0.10644257703081232,0.5784313725490197
2019,b,P,6,0,143,384,2.6853146853146854,26,0.18181818181818182,69,0.4825174825174825,26,19,29,26,22,21,6,3.029535864978903,0.16877637130801687,0.5063291139240507
2019,b,P,7,0,143,422,2.9510489510489513,20,0.13986013986013987,74,0.5174825174825175,20,21,28,26,20,28,6,3.5105485232067513,0.12236286919831224,0.5780590717299579
2019,c,C,6,0,143,385,2.6923076923076925,17,0.11888111888111888,59,0.4125874125874126,17,36,31,17,13,29,5,2.9174825174825174,0.15804195804195803,0.4811188811188811
2019,c,C,7,0,143,444,3.104895104895105,14,0.0979020979020979,70,0.48951048951048953,14,25,34,19,16,35,5,3.3678321678321677,0.12027972027972028,0.5566433566433566
2019,d,C,6,0,143,397,2.7762237762237763,24,0.16783216783216784,70,0.48951048951048953,24,31,18,25,14,31,4,2.9006993006993005,0.14825174825174825,0.46573426573426574
2019,d,C,7,0,143,448,3.132867132867133,19,0.13286713286713286,76,0.5314685314685315,19,25,23,23,18,35,4,3.362237762237762,0.11328671328671329,0.5482517482517483
2019,db,C,6,0,143,416,2.909090909090909,22,0.15384615384615385,65,0.45454545454545453,22,26,30,15,13,37,3,2.874125874125874,0.15104895104895105,0.4727272727272727
2019,db,C,7,0,143,484,3.3846153846153846,14,0.0979020979020979,76,0.5314685314685315,14,22,31,22,11,43,3,3.311888111888112,0.12027972027972028,0.5482517482517483
2019,e,P,6,1,142,402,2.8309859154929575,26,0.18309859154929578,66,0.4647887323943662,26,27,23,18,14,34,3,3.0,0.16853932584269662,0.5098314606741573
2019,e,P,7,1,142,456,3.211267605633803,22,0.15492957746478872,73,0.5140845070422535,22,22,25,15,18,40,4,3.457865168539326,0.11938202247191011,0.5786516853932584
2019,f,P,6,1,142,382,2.6901408450704225,26,0.18309859154929578,62,0.43661971830985913,26,29,25,15,18,29,5,3.0280898876404496,0.16853932584269662,0.5154494382022472
2019,f,P,7,1,142,445,3.1338028169014085,20,0.14084507042253522,76,0.5352112676056338,20,24,22,18,23,35,5,3.473314606741573,0.12219101123595505,0.574438202247191
2019,g,C,6,0,143,465,3.2517482517482517,18,0.1258741258741259,78,0.5454545454545454,18,23,24,21,17,40,2,2.8055944055944058,0.15664335664335666,0.45454545454545453
2019,g,C,7,0,143,546,3.8181818181818183,13,0.09090909090909091,87,0.6083916083916084,13,17,26,22,14,51,1,3.2251748251748253,0.12167832167832168,0.5328671328671328
2019,h,P,6,1,142,402,2.8309859154929575,23,0.1619718309859155,69,0.4859154929577465,23,22,28,22,22,25,3,3.0,0.17275280898876405,0.5056179775280899
2019,h,P,7,1,142,458,3.2253521126760565,18,0.1267605633802817,82,0.5774647887323944,18,18,24,29,21,32,3,3.455056179775281,0.125,0.5660112359550562
2019,l,P,6,0,143,526,3.6783216783216783,21,0.14685314685314685,89,0.6223776223776224,21,15,18,22,22,45,1,2.8298171589310828,0.17580872011251758,0.4781997187060478
2019,l,P,7,0,143,624,4.363636363636363,14,0.0979020979020979,94,0.6573426573426573,14,17,18,16,15,63,1,3.2264416315049225,0.1308016877637131,0.549929676511955
2019,m,P,6,1,142,442,3.112676056338028,24,0.16901408450704225,74,0.5211267605633803,24,23,21,21,15,38,2,2.943820224719101,0.17134831460674158,0.49859550561797755
2019,m,P,7,1,142,513,3.612676056338028,13,0.09154929577464789,86,0.6056338028169014,13,23,20,22,17,47,2,3.377808988764045,0.13202247191011235,0.5603932584269663
2019,s,C,6,0,143,468,3.272727272727273,20,0.13986013986013987,76,0.5314685314685315,20,18,29,18,20,38,1,2.8013986013986014,0.15384615384615385,0.45734265734265733
2019,s,C,7,0,143,519,3.629370629370629,16,0.11188811188811189,87,0.6083916083916084,16,18,22,24,20,43,2,3.262937062937063,0.11748251748251748,0.5328671328671328
2019,t,C,6,0,143,340,2.3776223776223775,29,0.20279720279720279,55,0.38461538461538464,29,27,32,20,15,20,6,2.9804195804195803,0.14125874125874127,0.48671328671328673
2019,t,C,7,0,143,411,2.874125874125874,24,0.16783216783216784,72,0.5034965034965035,24,18,29,26,16,30,6,3.413986013986014,0.1062937062937063,0.5538461538461539
2020,b,P,6,0,120,296,2.466666666666667,22,0.18333333333333332,54,0.45,22,31,13,21,17,16,6,2.973333333333333,0.16333333333333333,0.5183333333333333
2020,b,P,7,0,120,350,2.9166666666666665,18,0.15,61,0.5083333333333333,18,26,15,20,16,25,6,3.433333333333333,0.12666666666666668,0.5733333333333334
2020,c,C,6,0,120,321,2.675,21,0.175,50,0.4166666666666667,21,28,21,12,13,25,5,2.790969899665552,0.17892976588628762,0.4765886287625418
2020,c,C,7,0,120,396,3.3,14,0.11666666666666667,66,0.55,14,19,21,20,14,32,3,3.2550335570469797,0.1493288590604027,0.5385906040268457
2020,d,C,6,0,120,289,2.408333333333333,21,0.175,53,0.44166666666666665,21,24,22,23,14,16,6,2.8444816053511706,0.17892976588628762,0.47157190635451507
2020,d,C,7,0,120,332,2.7666666666666666,19,0.15833333333333333,62,0.5166666666666667,19,21,18,20,20,22,6,3.3624161073825505,0.14093959731543623,0.5453020134228188
2020,db,C,6,1,119,334,2.80672268907563,19,0.15966386554621848,58,0.48739495798319327,19,23,19,17,15,26,3,2.7646076794657763,0.18196994991652754,0.46243739565943237
2020,db,C,7,2,118,400,3.389830508474576,16,0.13559322033898305,69,0.5847457627118644,16,15,18,19,10,40,2,3.237458193979933,0.1454849498327759,0.5317725752508361
2020,e,P,6,0,120,393,3.275,18,0.15,67,0.5583333333333333,18,20,15,21,16,30,1,2.8116666666666665,0.17,0.49666666666666665
2020,e,P,7,0,120,461,3.841666666666667,14,0.11666666666666667,71,0.5916666666666667,14,18,17,17,18,36,1,3.2483333333333335,0.13333333333333333,0.5566666666666666
2020,f,P,6,0,120,348,2.9,19,0.15833333333333333,60,0.5,19,17,24,17,16,27,3,2.8866666666666667,0.16833333333333333,0.5083333333333333
2020,f,P,7,0,120,399,3.325,17,0.14166666666666666,67,0.5583333333333333,17,15,21,17,13,37,3,3.3516666666666666,0.12833333333333333,0.5633333333333334
2020,g,C,6,0,120,381,3.175,15,0.125,62,0.5166666666666667,15,26,17,20,11,31,1,2.690635451505017,0.18896321070234115,0.45652173913043476
2020,g,C,7,1,119,439,3.689075630252101,12,0.10084033613445378,69,0.5798319327731093,12,22,16,18,9,42,1,3.1775544388609713,0.152428810720268,0.5326633165829145
2020,h,P,6,0,120,376,3.1333333333333333,14,0.11666666666666667,65,0.5416666666666666,14,26,15,20,13,32,2,2.84,0.17666666666666667,0.5
2020,h,P,7,0,120,435,3.625,10,0.08333333333333333,76,0.6333333333333333,10,20,14,20,17,39,2,3.2916666666666665,0.14,0.5483333333333333
2020,l,P,6,0,120,335,2.7916666666666665,21,0.175,61,0.5083333333333333,21,23,15,23,14,24,4,2.908333333333333,0.165,0.5066666666666667
2020,l,P,7,0,120,382,3.183333333333333,16,0.13333333333333333,66,0.55,16,18,20,21,15,30,5,3.38,0.13,0.565
2020,m,P,6,0,120,332,2.7666666666666666,26,0.21666666666666667,58,0.48333333333333334,26,18,18,18,12,28,5,2.9133333333333336,0.15666666666666668,0.5116666666666667
2020,m,P,7,0,120,383,3.191666666666667,19,0.15833333333333333,64,0.5333333333333333,19,18,19,15,14,35,4,3.3783333333333334,0.125,0.5683333333333334
2020,s,C,6,0,120,327,2.725,28,0.23333333333333334,58,0.48333333333333334,28,17,17,19,13,26,4,2.780936454849498,0.16722408026755853,0.46321070234113715
2020,s,C,7,0,120,378,3.15,22,0.18333333333333332,63,0.525,22,19,16,18,13,32,5,3.285234899328859,0.13590604026845637,0.5436241610738255
2020,t,C,6,1,119,338,2.8403361344537816,24,0.20168067226890757,54,0.453781512605042,24,23,18,20,6,28,2,2.7579298831385644,0.17362270450751252,0.4691151919866444
2020,t,C,7,1,119,391,3.2857142857142856,20,0.16806722689075632,58,0.48739495798319327,20,19,22,14,9,35,4,3.257956448911223,0.1390284757118928,0.5510887772194305
2021,b,P,6,0,143,369,2.5804195804195804,25,0.17482517482517482,64,0.44755244755244755,25,28,26,27,12,25,5,2.5980392156862746,0.19327731092436976,0.42016806722689076
2021,b,P,7,0,143,426,2.979020979020979,16,0.11188811188811189,72,0.5034965034965035,16,26,29,27,14,31,5,3.0210084033613445,0.13865546218487396,0.47619047619047616
2021,c,C,6,0,143,398,2.7832167832167833,23,0.16083916083916083,66,0.46153846153846156,23,34,20,22,11,33,2,2.6106442577030813,0.18627450980392157,0.42997198879551823
2021,c,C,7,0,143,462,3.230769230769231,20,0.13986013986013987,75,0.5244755244755245,20,29,19,19,19,37,3,3.054929577464789,0.1352112676056338,0.49014084507042255
2021,d,C,6,0,143,275,1.9230769230769231,34,0.23776223776223776,44,0.3076923076923077,34,39,26,17,10,17,6,2.7829131652661063,0.17086834733893558,0.46078431372549017
2021,d,C,7,1,142,312,2.1971830985915495,27,0.19014084507042253,52,0.36619718309859156,27,36,27,22,9,21,6,3.261603375527426,0.12517580872011252,0.5218002812939522
2021,db,C,6,0,143,384,2.6853146853146854,28,0.1958041958041958,62,0.43356643356643354,28,30,23,24,13,25,5,2.630252100840336,0.1792717086834734,0.43557422969187676
2021,db,C,7,1,142,462,3.2535211267605635,17,0.11971830985915492,73,0.5140845070422535,17,24,28,26,15,32,2,3.050632911392405,0.13924050632911392,0.49226441631504925
2021,e,P,6,0,143,378,2.6433566433566433,22,0.15384615384615385,64,0.44755244755244755,22,31,26,21,19,24,3,2.585434173669468,0.19747899159663865,0.42016806722689076
2021,e,P,7,0,143,439,3.06993006993007,18,0.1258741258741259,75,0.5244755244755245,18,26,24,21,15,39,3,3.0028011204481793,0.13585434173669467,0.47198879551820727
2021,f,P,6,0,143,316,2.2097902097902096,38,0.26573426573426573,53,0.3706293706293706,38,28,24,20,13,20,6,2.672268907563025,0.17507002801120447,0.43557422969187676
2021,f,P,7,0,143,375,2.6223776223776225,29,0.20279720279720279,62,0.43356643356643354,29,26,26,20,17,25,6,3.092436974789916,0.12044817927170869,0.49019607843137253
2021,g,C,6,0,143,385,2.6923076923076925,24,0.16783216783216784,64,0.44755244755244755,24,30,25,21,13,30,4,2.6288515406162465,0.18487394957983194,0.4327731092436975
2021,g,C,7,1,142,453,3.1901408450704225,19,0.13380281690140844,74,0.5211267605633803,19,22,27,24,12,38,4,3.0632911392405062,0.13642756680731363,0.4908579465541491
2021,h,P,6,0,143,392,2.7412587412587412,29,0.20279720279720279,62,0.43356643356643354,29,33,19,18,12,32,2,2.565826330532213,0.1876750700280112,0.42296918767507
2021,h,P,7,0,143,459,3.2097902097902096,18,0.1258741258741259,67,0.46853146853146854,18,30,28,14,11,42,1,2.9747899159663866,0.13585434173669467,0.4831932773109244
2021,l,P,6,1,142,370,2.6056338028169015,26,0.18309859154929578,61,0.4295774647887324,26,25,30,22,13,26,4,2.593006993006993,0.1916083916083916,0.42377622377622376
2021,l,P,7,1,142,425,2.992957746478873,17,0.11971830985915492,66,0.4647887323943662,17,26,33,22,10,34,4,3.018181818181818,0.13706293706293707,0.48391608391608393
2021,m,P,6,0,143,399,2.7902097902097904,23,0.16083916083916083,60,0.4195804195804196,23,30,30,13,14,33,1,2.5560224089635852,0.19607843137254902,0.4257703081232493
2021,m,P,7,0,143,459,3.2097902097902096,17,0.11888111888111888,70,0.48951048951048953,17,27,29,16,14,40,1,2.9747899159663866,0.13725490196078433,0.4789915966386555
2021,s,C,6,1,142,432,3.0422535211267605,22,0.15492957746478872,70,0.49295774647887325,22,25,25,19,18,33,1,2.5594405594405596,0.1874125874125874,0.42377622377622376
2021,s,C,7,1,142,504,3.5492957746478875,15,0.1056338028169014,80,0.5633802816901409,15,24,23,22,16,42,1,2.9915611814345993,0.1420534458509142,0.48241912798874825
2021,t,C,6,0,143,388,2.7132867132867133,25,0.17482517482517482,67,0.46853146853146854,25,23,28,25,17,25,3,2.6246498599439776,0.18347338935574228,0.42857142857142855
2021,t,C,7,1,142,438,3.084507042253521,18,0.1267605633802817,69,0.4859154929577465,18,23,32,22,12,35,5,3.0843881856540083,0.13783403656821377,0.4978902953586498
2022,b,P,6,0,143,338,2.3636363636363638,26,0.18181818181818182,56,0.3916083916083916,26,31,30,20,13,23,4,2.451748251748252,0.22797202797202798,0.4083916083916084
2022,b,P,7,0,143,390,2.727272727272727,19,0.13286713286713286,63,0.4405594405594406,19,29,32,17,15,31,3,2.868162692847125,0.18653576437587657,0.4726507713884993
2022,c,C,6,0,143,414,2.895104895104895,31,0.21678321678321677,66,0.46153846153846156,31,21,25,23,14,29,1,2.4923076923076923,0.2153846153846154,0.4195804195804196
2022,c,C,7,1,142,468,3.295774647887324,24,0.16901408450704225,75,0.528169014084507,24,21,22,21,15,39,2,2.8258426966292136,0.18820224719101122,0.4648876404494382
2022,d,C,6,0,143,277,1.937062937062937,38,0.26573426573426573,41,0.2867132867132867,38,35,29,17,8,16,6,2.683916083916084,0.2055944055944056,0.45454545454545453
2022,d,C,7,0,143,309,2.160839160839161,34,0.23776223776223776,49,0.34265734265734266,34,33,27,19,9,21,6,3.0534458509142053,0.17440225035161744,0.5021097046413502
2022,db,C,6,0,143,354,2.4755244755244754,29,0.20279720279720279,66,0.46153846153846156,29,26,22,27,16,23,4,2.576223776223776,0.21818181818181817,0.4195804195804196
2022,db,C,7,1,142,385,2.711267605633803,24,0.16901408450704225,72,0.5070422535211268,24,27,19,26,18,28,4,2.942415730337079,0.18820224719101122,0.4691011235955056
2022,e,P,6,0,143,355,2.4825174825174825,34,0.23776223776223776,57,0.3986013986013986,34,28,24,20,15,22,2,2.427972027972028,0.21678321678321677,0.406993006993007
2022,e,P,7,1,142,446,3.140845070422535,27,0.19014084507042253,68,0.4788732394366197,27,22,25,19,15,34,2,2.7857142857142856,0.17507002801120447,0.4649859943977591
2022,f,P,6,0,143,341,2.3846153846153846,31,0.21678321678321677,53,0.3706293706293706,31,25,34,21,11,21,3,2.4475524475524475,0.22097902097902097,0.4125874125874126
2022,f,P,7,0,143,387,2.7062937062937062,26,0.18181818181818182,60,0.4195804195804196,26,25,32,22,12,26,4,2.8723702664796633,0.1767180925666199,0.47685834502103785
2022,g,C,6,0,143,395,2.762237762237762,25,0.17482517482517482,66,0.46153846153846156,25,24,28,22,18,26,3,2.518881118881119,0.22377622377622378,0.4195804195804196
2022,g,C,7,0,143,460,3.2167832167832167,19,0.13286713286713286,74,0.5174825174825175,19,23,27,20,17,37,3,2.841068917018284,0.19549929676511954,0.4669479606188467
2022,h,P,6,0,143,397,2.7762237762237763,29,0.20279720279720279,65,0.45454545454545453,29,26,23,15,16,34,1,2.3692307692307693,0.22377622377622378,0.3958041958041958
2022,h,P,7,1,142,450,3.1690140845070425,25,0.176056338028169,73,0.5140845070422535,25,23,21,15,18,40,1,2.780112044817927,0.17787114845938376,0.4579831932773109
2022,l,P,6,0,143,334,2.335664335664336,34,0.23776223776223776,59,0.4125874125874126,34,22,28,23,15,21,5,2.4573426573426573,0.21678321678321677,0.4041958041958042
2022,l,P,7,0,143,378,2.6433566433566433,26,0.18181818181818182,68,0.4755244755244755,26,19,30,28,17,23,6,2.884992987377279,0.1767180925666199,0.46563814866760167
2022,m,P,6,0,143,326,2.2797202797202796,35,0.24475524475524477,58,0.40559440559440557,35,26,24,30,8,20,6,2.4685314685314683,0.2153846153846154,0.40559440559440557
2022,m,P,7,0,143,384,2.6853146853146854,29,0.20279720279720279,68,0.4755244755244755,29,21,25,29,14,25,5,2.8765778401122017,0.17251051893408134,0.46563814866760167
2022,s,C,6,0,143,410,2.867132867132867,24,0.16783216783216784,67,0.46853146853146854,24,30,22,19,13,35,2,2.497902097902098,0.22517482517482518,0.41818181818181815
2022,s,C,7,0,143,478,3.3426573426573425,21,0.14685314685314685,73,0.5104895104895105,21,25,24,19,11,43,1,2.8157524613220817,0.19268635724331926,0.46835443037974683
2022,t,C,6,0,143,346,2.4195804195804196,38,0.26573426573426573,60,0.4195804195804196,38,19,26,20,18,22,5,2.5874125874125875,0.2055944055944056,0.427972027972028
2022,t,C,7,2,141,380,2.6950354609929077,36,0.2553191489361702,63,0.44680851063829785,36,18,24,17,17,29,5,2.9453015427769986,0.17110799438990182,0.48106591865357645
2023,b,P,6,0,143,341,2.3846153846153846,33,0.23076923076923078,56,0.3916083916083916,33,32,22,20,13,23,3,2.3286713286713288,0.21958041958041957,0.3986013986013986
2023,b,P,7,0,143,414,2.895104895104895,23,0.16083916083916083,69,0.4825174825174825,23,26,25,23,14,32,1,2.727272727272727,0.17482517482517482,0.47132867132867134
2023,c,C,6,1,142,324,2.2816901408450705,29,0.20422535211267606,50,0.352112676056338,29,30,33,21,7,22,5,2.4089635854341735,0.22268907563025211,0.39355742296918766
2023,c,C,7,1,142,390,2.7464788732394365,21,0.14788732394366197,65,0.45774647887323944,21,27,29,24,11,30,4,2.7865168539325844,0.16853932584269662,0.449438202247191
2023,d,C,6,0,143,276,1.93006993006993,42,0.2937062937062937,44,0.3076923076923077,42,32,25,15,11,18,6,2.479663394109397,0.20476858345021037,0.40252454417952316
2023,d,C,7,0,143,308,2.1538461538461537,38,0.26573426573426573,49,0.34265734265734266,38,30,26,18,10,21,6,2.9057665260196908,0.14486638537271448,0.47257383966244726
2023,db,C,6,0,143,356,2.4895104895104896,27,0.1888111888111888,54,0.3776223776223776,27,34,28,17,13,24,3,2.367461430575035,0.22580645161290322,0.3884992987377279
2023,db,C,7,0,143,419,2.93006993006993,21,0.14685314685314685,63,0.4405594405594406,21,28,31,20,14,29,3,2.749648382559775,0.16877637130801687,0.45288326300984527
2023,e,P,6,0,143,326,2.2797202797202796,33,0.23076923076923078,54,0.3776223776223776,33,27,29,18,13,23,5,2.3496503496503496,0.21958041958041957,0.4013986013986014
2023,e,P,7,0,143,382,2.6713286713286712,25,0.17482517482517482,68,0.4755244755244755,25,21,29,25,16,27,5,2.772027972027972,0.17202797202797201,0.4727272727272727
2023,f,P,6,0,143,353,2.4685314685314683,30,0.2097902097902098,56,0.3916083916083916,30,32,25,14,16,26,1,2.311888111888112,0.22377622377622378,0.3986013986013986
2023,f,P,7,0,143,396,2.769230769230769,21,0.14685314685314685,63,0.4405594405594406,21,31,28,15,18,30,4,2.7524475524475522,0.17762237762237762,0.4797202797202797
2023,g,C,6,0,143,336,2.3496503496503496,33,0.23076923076923078,59,0.4125874125874126,33,29,22,23,9,27,4,2.3955119214586253,0.21739130434782608,0.3814866760168303
2023,g,C,7,1,142,381,2.683098591549296,24,0.16901408450704225,64,0.4507042253521127,24,28,26,22,10,32,5,2.7991573033707864,0.16432584269662923,0.4508426966292135
2023,h,P,6,0,143,350,2.4475524475524475,28,0.1958041958041958,64,0.44755244755244755,28,28,23,25,18,21,2,2.316083916083916,0.22657342657342658,0.38741258741258744
2023,h,P,7,0,143,413,2.888111888111888,23,0.16083916083916083,75,0.5244755244755245,23,27,18,25,17,33,2,2.7286713286713287,0.17482517482517482,0.46293706293706294
2023,l,P,6,0,143,299,2.090909090909091,34,0.23776223776223776,48,0.3356643356643357,34,34,27,19,11,18,6,2.3874125874125873,0.21818181818181817,0.4097902097902098
2023,l,P,7,0,143,348,2.4335664335664338,30,0.2097902097902098,54,0.3776223776223776,30,30,29,14,14,26,6,2.8195804195804195,0.16503496503496504,0.49230769230769234
2023,m,P,6,0,143,337,2.3566433566433567,32,0.22377622377622378,63,0.4405594405594406,32,28,20,23,20,20,4,2.3342657342657342,0.22097902097902097,0.3888111888111888
2023,m,P,7,0,143,411,2.874125874125874,26,0.18181818181818182,77,0.5384615384615384,26,21,19,25,21,31,3,2.7314685314685314,0.17062937062937064,0.46013986013986014
2023,s,C,6,0,143,377,2.6363636363636362,26,0.18181818181818182,60,0.4195804195804196,26,31,26,19,15,26,2,2.338008415147265,0.22720897615708274,0.3800841514726508
2023,s,C,7,1,142,430,3.028169014084507,17,0.11971830985915492,70,0.49295774647887325,17,33,22,24,14,32,2,2.730337078651685,0.17415730337078653,0.44241573033707865
2023,t,C,6,1,142,375,2.640845070422535,31,0.21830985915492956,64,0.4507042253521127,31,28,19,14,20,30,1,2.3375350140056024,0.21988795518207283,0.3739495798319328
2023,t,C,7,1,142,446,3.140845070422535,20,0.14084507042253522,74,0.5211267605633803,20,29,19,18,19,37,1,2.707865168539326,0.1699438202247191,0.43679775280898875
2024,b,P,6,1,142,283,1.9929577464788732,40,0.28169014084507044,47,0.33098591549295775,40,33,22,17,13,17,5,2.3398876404494384,0.25140449438202245,0.37780898876404495
2024,b,P,7,2,141,324,2.297872340425532,28,0.19858156028368795,56,0.3971631205673759,28,33,24,19,16,21,5,2.748587570621469,0.17937853107344634,0.4392655367231638
2024,c,C,6,1,142,280,1.971830985915493,48,0.3380281690140845,39,0.2746478873239437,48,31,24,12,8,19,5,2.3211267605633803,0.23380281690140844,0.3816901408450704
2024,c,C,7,1,142,332,2.3380281690140845,37,0.2605633802816901,49,0.34507042253521125,37,31,25,14,11,24,5,2.671852899575672,0.18246110325318246,0.43564356435643564
2024,d,C,6,0,143,252,1.7622377622377623,45,0.3146853146853147,38,0.26573426573426573,45,34,26,18,11,9,6,2.3638928067700986,0.2383638928067701,0.383638928067701
2024,d,C,7,1,142,293,2.063380281690141,33,0.2323943661971831,45,0.31690140845070425,33,35,29,21,10,14,6,2.727015558698727,0.18811881188118812,0.44130127298444133
2024,db,C,6,0,143,396,2.769230769230769,19,0.13286713286713286,67,0.46853146853146854,19,32,25,24,14,29,1,2.1607898448519043,0.2750352609308886,0.3427362482369535
2024,db,C,7,1,142,435,3.063380281690141,15,0.1056338028169014,69,0.4859154929577465,15,31,27,21,9,39,1,2.526166902404526,0.21357850070721357,0.4073550212164074
2024,e,P,6,1,142,332,2.3380281690140845,31,0.21830985915492956,55,0.3873239436619718,31,28,28,25,9,21,4,2.271067415730337,0.2640449438202247,0.36657303370786515
2024,e,P,7,3,140,392,2.8,25,0.17857142857142858,63,0.45,25,24,28,25,13,25,3,2.6488011283497883,0.18335684062059238,0.4287729196050776
2024,f,P,6,0,143,345,2.4125874125874125,34,0.23776223776223776,58,0.40559440559440557,34,27,24,16,19,23,2,2.2559774964838257,0.26019690576652604,0.3628691983122363
2024,f,P,7,0,143,416,2.909090909090909,20,0.13986013986013987,69,0.4825174825174825,20,30,24,21,14,34,2,2.6260623229461757,0.19121813031161472,0.42209631728045327
2024,g,C,6,1,142,317,2.232394366197183,41,0.2887323943661972,51,0.3591549295774648,41,21,29,18,15,18,4,2.269014084507042,0.24366197183098592,0.3647887323943662
2024,g,C,7,1,142,367,2.584507042253521,32,0.22535211267605634,56,0.39436619718309857,32,22,32,16,15,25,4,2.6223479490806225,0.18953323903818953,0.42574257425742573
2024,h,P,6,0,143,428,2.993006993006993,28,0.1958041958041958,64,0.44755244755244755,28,29,22,18,12,34,1,2.1392405063291138,0.26863572433192684,0.35443037974683544
2024,h,P,7,1,142,482,3.3943661971830985,19,0.13380281690140844,74,0.5211267605633803,19,25,24,19,16,39,1,2.528995756718529,0.19236209335219237,0.4144271570014144
2024,l,P,6,0,143,221,1.5454545454545454,53,0.3706293706293706,34,0.23776223776223776,53,32,24,14,11,9,6,2.430379746835443,0.23347398030942335,0.39662447257383965
2024,l,P,7,0,143,271,1.8951048951048952,37,0.25874125874125875,41,0.2867132867132867,37,41,24,15,11,15,6,2.831444759206799,0.1671388101983003,0.46175637393767704
2024,m,P,6,2,141,340,2.4113475177304964,33,0.23404255319148937,58,0.41134751773049644,33,33,17,23,13,22,3,2.2566619915848527,0.2608695652173913,0.36185133239831696
2024,m,P,7,3,140,385,2.75,26,0.18571428571428572,64,0.45714285714285713,26,33,17,25,13,26,4,2.6586741889985896,0.18194640338504936,0.42736248236953456
2024,s,C,6,3,140,338,2.414285714285714,29,0.20714285714285716,61,0.4357142857142857,29,23,27,24,16,21,3,2.2331460674157304,0.2598314606741573,0.3497191011235955
2024,s,C,7,3,140,395,2.8214285714285716,24,0.17142857142857143,74,0.5285714285714286,24,20,22,28,17,29,3,2.5754583921015515,0.2002820874471086,0.3991537376586742
2024,t,C,6,1,142,345,2.4295774647887325,32,0.22535211267605634,54,0.38028169014084506,32,28,28,21,13,20,2,2.2295774647887323,0.2563380281690141,0.36056338028169016
2024,t,C,7,2,141,399,2.8297872340425534,25,0.1773049645390071,64,0.45390070921985815,25,29,23,20,19,25,2,2.573446327683616,0.19915254237288135,0.4138418079096045
2025,b,P,6,0,143,355,2.4825174825174825,33,0.23076923076923078,52,0.36363636363636365,33,30,28,14,11,27,3,2.373071528751753,0.2300140252454418,0.3590462833099579
2025,b,P,7,0,143,388,2.7132867132867133,30,0.2097902097902098,59,0.4125874125874126,30,29,25,14,16,29,3,2.699859747545582,0.182328190743338,0.4221598877980365
2025,c,C,6,1,142,349,2.4577464788732395,30,0.2112676056338028,54,0.38028169014084506,30,26,32,16,16,22,1,2.200280112044818,0.22829131652661064,0.3431372549019608
2025,c,C,7,2,141,385,2.730496453900709,26,0.18439716312056736,61,0.4326241134751773,26,26,28,15,17,29,2,2.538569424964937,0.18934081346423562,0.40813464235624125
2025,d,C,6,0,143,266,1.8601398601398602,40,0.27972027972027974,43,0.3006993006993007,40,31,29,18,12,13,6,2.3197755960729314,0.21458625525946703,0.3590462833099579
2025,d,C,7,0,143,310,2.167832167832168,33,0.23076923076923078,53,0.3706293706293706,33,27,30,20,16,17,6,2.6511954992967652,0.180028129395218,0.42053445850914206
2025,db,C,6,1,142,342,2.408450704225352,35,0.24647887323943662,52,0.36619718309859156,35,27,28,14,12,26,2,2.2100840336134455,0.22128851540616246,0.34593837535014005
2025,db,C,7,2,141,388,2.75177304964539,27,0.19148936170212766,60,0.425531914893617,27,25,29,16,11,33,1,2.5343618513323984,0.1879382889200561,0.40953716690042075
2025,e,P,6,0,143,295,2.062937062937063,41,0.2867132867132867,46,0.32167832167832167,41,29,27,16,11,19,5,2.4572230014025247,0.2187938288920056,0.36746143057503505
2025,e,P,7,0,143,333,2.3286713286713288,35,0.24475524475524477,55,0.38461538461538464,35,26,27,20,11,24,5,2.7769985974754556,0.1753155680224404,0.4277699859747546
2025,f,P,6,0,143,404,2.825174825174825,26,0.18181818181818182,59,0.4125874125874126,26,30,28,12,17,30,1,2.3043478260869565,0.23983169705469845,0.3492286115007013
2025,f,P,7,0,143,451,3.1538461538461537,21,0.14685314685314685,65,0.45454545454545453,21,30,27,12,16,37,1,2.611500701262272,0.1949509116409537,0.41374474053295934
2025,g,C,6,0,143,321,2.2447552447552446,30,0.2097902097902098,48,0.3356643356643357,30,35,30,18,8,22,4,2.2426367461430576,0.22861150070126227,0.3520336605890603
2025,g,C,7,0,143,377,2.6363636363636362,27,0.1888111888111888,59,0.4125874125874126,27,26,31,17,14,28,3,2.5569620253164556,0.18846694796061886,0.4120956399437412
2025,h,P,6,1,142,392,2.76056338028169,27,0.19014084507042253,60,0.4225352112676056,27,30,25,12,19,29,2,2.3179271708683475,0.23809523809523808,0.3473389355742297
2025,h,P,7,1,142,445,3.1338028169014085,20,0.14084507042253522,70,0.49295774647887325,20,30,22,16,17,37,2,2.61624649859944,0.19607843137254902,0.4061624649859944
2025,l,P,6,0,143,265,1.8531468531468531,33,0.23076923076923078,35,0.24475524475524477,33,40,35,13,11,11,6,2.4992987377279103,0.2300140252454418,0.38288920056100983
2025,l,P,7,0,143,314,2.195804195804196,24,0.16783216783216784,48,0.3356643356643357,24,42,29,17,15,16,6,2.803646563814867,0.19074333800841514,0.4375876577840112
2025,m,P,6,1,142,336,2.3661971830985915,37,0.2605633802816901,56,0.39436619718309857,37,33,16,18,11,27,4,2.396358543417367,0.22408963585434175,0.35294117647058826
2025,m,P,7,1,142,382,2.6901408450704225,30,0.2112676056338028,63,0.44366197183098594,30,30,19,18,12,33,4,2.704481792717087,0.18207282913165265,0.41596638655462187
2025,s,C,6,0,143,316,2.2097902097902096,36,0.2517482517482518,46,0.32167832167832167,36,26,35,15,7,24,5,2.249649368863955,0.22019635343618513,0.3548387096774194
2025,s,C,7,0,143,358,2.5034965034965033,30,0.2097902097902098,56,0.3916083916083916,30,25,32,18,11,27,5,2.5836849507735584,0.18424753867791843,0.41631504922644164
2025,t,C,6,0,143,326,2.2797202797202796,22,0.15384615384615385,56,0.3916083916083916,22,31,34,26,15,15,3,2.23562412342216,0.23983169705469845,0.34081346423562414
2025,t,C,7,0,143,377,2.6363636363636362,18,0.1258741258741259,63,0.4405594405594406,18,26,36,21,18,24,3,2.5569620253164556,0.2011251758087201,0.40646976090014064
