year,team,opponent,home_n,away_n,home_r,away_r,home_ra,away_ra,scoring,prevention,gap
2013,c,d,12,12,3.75,3.8333333333333335,3.5833333333333335,3.25,-0.08333333333333348,-0.3333333333333335,-0.41666666666666696
2013,c,db,12,12,3.75,4.833333333333333,3.5833333333333335,4.916666666666667,-1.083333333333333,1.3333333333333335,0.25000000000000044
2013,c,g,12,12,3.5,3.5,4.083333333333333,3.3333333333333335,0.0,-0.7499999999999996,-0.7499999999999996
2013,c,s,12,12,4.416666666666667,7,4.25,5.25,-2.583333333333333,1.0,-1.583333333333333
2013,c,t,12,12,2.5,3.25,3.25,2.9166666666666665,-0.75,-0.3333333333333335,-1.0833333333333335
2013,d,c,12,12,3.25,3.5833333333333335,3.8333333333333335,3.75,-0.3333333333333335,-0.08333333333333348,-0.41666666666666696
2013,d,db,12,12,3.0833333333333335,5,4.333333333333333,4,-1.9166666666666665,-0.33333333333333304,-2.2499999999999996
2013,d,g,12,12,3,4.583333333333333,3.0833333333333335,4.666666666666667,-1.583333333333333,1.5833333333333335,4.440892098500626e-16
2013,d,s,12,12,2.8333333333333335,5.333333333333333,3.25,6,-2.4999999999999996,2.75,0.25000000000000044
2013,d,t,12,12,3.4166666666666665,2.8333333333333335,3.5,3.75,0.583333333333333,0.25,0.833333333333333
2013,db,c,12,12,4.916666666666667,3.5833333333333335,4.833333333333333,3.75,1.3333333333333335,-1.083333333333333,0.25000000000000044
2013,db,d,12,12,4,4.333333333333333,5,3.0833333333333335,-0.33333333333333304,-1.9166666666666665,-2.2499999999999996
2013,db,g,12,12,5.166666666666667,3.5833333333333335,7.166666666666667,6,1.5833333333333335,-1.166666666666667,0.4166666666666665
2013,db,s,12,12,5.583333333333333,5.333333333333333,4.666666666666667,5.166666666666667,0.25,0.5,0.75
2013,db,t,12,12,5,4,5.416666666666667,2.6666666666666665,1,-2.7500000000000004,-1.7500000000000004
2013,g,c,12,12,3.3333333333333335,4.083333333333333,3.5,3.5,-0.7499999999999996,0.0,-0.7499999999999996
2013,g,d,12,12,4.666666666666667,3.0833333333333335,4.583333333333333,3,1.5833333333333335,-1.583333333333333,4.440892098500626e-16
2013,g,db,12,12,6,7.166666666666667,3.5833333333333335,5.166666666666667,-1.166666666666667,1.5833333333333335,0.4166666666666665
2013,g,s,12,12,4.333333333333333,2.5,2.25,3.6666666666666665,1.833333333333333,1.4166666666666665,3.2499999999999996
2013,g,t,12,12,2.75,3.6666666666666665,3.5833333333333335,3.4166666666666665,-0.9166666666666665,-0.16666666666666696,-1.0833333333333335
2013,s,c,12,12,5.25,4.25,7,4.416666666666667,1.0,-2.583333333333333,-1.583333333333333
2013,s,d,12,12,6,3.25,5.333333333333333,2.8333333333333335,2.75,-2.4999999999999996,0.25000000000000044
2013,s,db,12,12,5.166666666666667,4.666666666666667,5.333333333333333,5.583333333333333,0.5,0.25,0.75
2013,s,g,12,12,3.6666666666666665,2.25,2.5,4.333333333333333,1.4166666666666665,1.833333333333333,3.2499999999999996
2013,s,t,12,12,3.4166666666666665,3,4,5.25,0.4166666666666665,1.25,1.6666666666666665
2013,t,c,12,12,2.9166666666666665,3.25,3.25,2.5,-0.3333333333333335,-0.75,-1.0833333333333335
2013,t,d,12,12,3.75,3.5,2.8333333333333335,3.4166666666666665,0.25,0.583333333333333,0.833333333333333
2013,t,db,12,12,2.6666666666666665,5.416666666666667,4,5,-2.7500000000000004,1,-1.7500000000000004
2013,t,g,12,12,3.4166666666666665,3.5833333333333335,3.6666666666666665,2.75,-0.16666666666666696,-0.9166666666666665,-1.0833333333333335
2013,t,s,12,12,5.25,4,3,3.4166666666666665,1.25,0.4166666666666665,1.6666666666666665
2014,c,d,12,12,4.583333333333333,3.6666666666666665,3.5,3.5833333333333335,0.9166666666666665,0.08333333333333348,1.0
2014,c,db,12,12,4.75,5.75,4.666666666666667,4.166666666666667,-1.0,-0.5,-1.5
2014,c,g,12,12,4.833333333333333,3.4166666666666665,4.833333333333333,3.4166666666666665,1.4166666666666665,-1.4166666666666665,0.0
2014,c,s,12,12,5.833333333333333,5.833333333333333,4.333333333333333,4.166666666666667,0.0,-0.16666666666666607,-0.16666666666666607
2014,c,t,12,12,3.8333333333333335,4.5,3.25,4.666666666666667,-0.6666666666666665,1.416666666666667,0.7500000000000004
2014,d,c,12,12,3.5833333333333335,3.5,3.6666666666666665,4.583333333333333,0.08333333333333348,0.9166666666666665,1.0
2014,d,db,12,12,4.75,5,4.75,3.3333333333333335,-0.25,-1.4166666666666665,-1.6666666666666665
2014,d,g,12,12,3.5,3.5833333333333335,4.416666666666667,3.9166666666666665,-0.08333333333333348,-0.5000000000000004,-0.5833333333333339
2014,d,s,12,12,4.75,3.75,3.8333333333333335,5.083333333333333,1.0,1.2499999999999996,2.2499999999999996
2014,d,t,12,12,3.6666666666666665,3.6666666666666665,3.0833333333333335,5.166666666666667,0.0,2.0833333333333335,2.0833333333333335
2014,db,c,12,12,4.166666666666667,4.666666666666667,5.75,4.75,-0.5,-1.0,-1.5
2014,db,d,12,12,3.3333333333333335,4.75,5,4.75,-1.4166666666666665,-0.25,-1.6666666666666665
2014,db,g,12,12,5,2.75,4.166666666666667,3.5,2.25,-0.666666666666667,1.583333333333333
2014,db,s,12,12,3.5833333333333335,5.333333333333333,3.5,3.25,-1.7499999999999996,-0.25,-1.9999999999999996
2014,db,t,12,12,3.8333333333333335,2.6666666666666665,5.666666666666667,3.3333333333333335,1.166666666666667,-2.3333333333333335,-1.1666666666666665
2014,g,c,12,12,3.4166666666666665,4.833333333333333,3.4166666666666665,4.833333333333333,-1.4166666666666665,1.4166666666666665,0.0
2014,g,d,12,12,3.9166666666666665,4.416666666666667,3.5833333333333335,3.5,-0.5000000000000004,-0.08333333333333348,-0.5833333333333339
2014,g,db,12,12,3.5,4.166666666666667,2.75,5,-0.666666666666667,2.25,1.583333333333333
2014,g,s,12,12,3.9166666666666665,4.916666666666667,5.916666666666667,4.083333333333333,-1.0000000000000004,-1.833333333333334,-2.8333333333333344
2014,g,t,12,12,5.416666666666667,2.8333333333333335,3.6666666666666665,2.9166666666666665,2.5833333333333335,-0.75,1.8333333333333335
2014,s,c,12,12,4.166666666666667,4.333333333333333,5.833333333333333,5.833333333333333,-0.16666666666666607,0.0,-0.16666666666666607
2014,s,d,12,12,5.083333333333333,3.8333333333333335,3.75,4.75,1.2499999999999996,1.0,2.2499999999999996
2014,s,db,12,12,3.25,3.5,5.333333333333333,3.5833333333333335,-0.25,-1.7499999999999996,-1.9999999999999996
2014,s,g,12,12,4.083333333333333,5.916666666666667,4.916666666666667,3.9166666666666665,-1.833333333333334,-1.0000000000000004,-2.8333333333333344
2014,s,t,12,12,6.916666666666667,4.166666666666667,6.5,4.416666666666667,2.75,-2.083333333333333,0.666666666666667
2014,t,c,12,12,4.666666666666667,3.25,4.5,3.8333333333333335,1.416666666666667,-0.6666666666666665,0.7500000000000004
2014,t,d,12,12,5.166666666666667,3.0833333333333335,3.6666666666666665,3.6666666666666665,2.0833333333333335,0.0,2.0833333333333335
2014,t,db,12,12,3.3333333333333335,5.666666666666667,2.6666666666666665,3.8333333333333335,-2.3333333333333335,1.166666666666667,-1.1666666666666665
2014,t,g,12,12,2.9166666666666665,3.6666666666666665,2.8333333333333335,5.416666666666667,-0.75,2.5833333333333335,1.8333333333333335
2014,t,s,12,12,4.416666666666667,6.5,4.166666666666667,6.916666666666667,-2.083333333333333,2.75,0.666666666666667
2015,c,d,12,13,3.5,1.8461538461538463,2,4.461538461538462,1.6538461538461537,2.4615384615384617,4.115384615384615
2015,c,db,13,12,3.230769230769231,4.25,3,4.75,-1.0192307692307692,1.75,0.7307692307692308
2015,c,g,13,12,3.1538461538461537,2.75,1.4615384615384615,2.0833333333333335,0.40384615384615374,0.621794871794872,1.0256410256410258
2015,c,s,12,13,4,3.3846153846153846,3.9166666666666665,3.923076923076923,0.6153846153846154,0.0064102564102563875,0.6217948717948718
2015,c,t,12,13,3.5,4.615384615384615,4.25,1.8461538461538463,-1.115384615384615,-2.4038461538461537,-3.5192307692307687
2015,d,c,13,12,4.461538461538462,2,1.8461538461538463,3.5,2.4615384615384617,1.6538461538461537,4.115384615384615
2015,d,db,12,13,3.8333333333333335,3.5384615384615383,3.5833333333333335,4.461538461538462,0.29487179487179516,0.8782051282051282,1.1730769230769234
2015,d,g,13,12,3.076923076923077,3.25,2.8461538461538463,4.583333333333333,-0.1730769230769229,1.7371794871794868,1.5641025641025639
2015,d,s,13,12,3.4615384615384617,4.25,3.6923076923076925,4.333333333333333,-0.7884615384615383,0.6410256410256405,-0.1474358974358978
2015,d,t,12,13,2.8333333333333335,2.923076923076923,2.8333333333333335,3.230769230769231,-0.08974358974358942,0.39743589743589736,0.30769230769230793
2015,db,c,12,13,4.75,3,4.25,3.230769230769231,1.75,-1.0192307692307692,0.7307692307692308
2015,db,d,13,12,4.461538461538462,3.5833333333333335,3.5384615384615383,3.8333333333333335,0.8782051282051282,0.29487179487179516,1.1730769230769234
2015,db,g,12,13,4.25,3.5384615384615383,4.333333333333333,4.461538461538462,0.7115384615384617,0.12820512820512864,0.8397435897435903
2015,db,s,12,13,3.0833333333333335,2,4.916666666666667,3.769230769230769,1.0833333333333335,-1.1474358974358978,-0.06410256410256432
2015,db,t,13,12,4.461538461538462,2.8333333333333335,4.6923076923076925,3.4166666666666665,1.6282051282051282,-1.275641025641026,0.3525641025641022
2015,g,c,12,13,2.0833333333333335,1.4615384615384615,2.75,3.1538461538461537,0.621794871794872,0.40384615384615374,1.0256410256410258
2015,g,d,12,13,4.583333333333333,2.8461538461538463,3.25,3.076923076923077,1.7371794871794868,-0.1730769230769229,1.5641025641025639
2015,g,db,13,12,4.461538461538462,4.333333333333333,3.5384615384615383,4.25,0.12820512820512864,0.7115384615384617,0.8397435897435903
2015,g,s,12,13,3.75,2.8461538461538463,2.5,4,0.9038461538461537,1.5,2.4038461538461537
2015,g,t,13,12,5.384615384615385,2.5833333333333335,2.076923076923077,2.1666666666666665,2.8012820512820515,0.08974358974358942,2.891025641025641
2015,s,c,13,12,3.923076923076923,3.9166666666666665,3.3846153846153846,4,0.0064102564102563875,0.6153846153846154,0.6217948717948718
2015,s,d,12,13,4.333333333333333,3.6923076923076925,4.25,3.4615384615384617,0.6410256410256405,-0.7884615384615383,-0.1474358974358978
2015,s,db,13,12,3.769230769230769,4.916666666666667,2,3.0833333333333335,-1.1474358974358978,1.0833333333333335,-0.06410256410256432
2015,s,g,13,12,4,2.5,2.8461538461538463,3.75,1.5,0.9038461538461537,2.4038461538461537
2015,s,t,12,13,4.583333333333333,3.6923076923076925,3.4166666666666665,4.6923076923076925,0.8910256410256405,1.275641025641026,2.1666666666666665
2015,t,c,13,12,1.8461538461538463,4.25,4.615384615384615,3.5,-2.4038461538461537,-1.115384615384615,-3.5192307692307687
2015,t,d,13,12,3.230769230769231,2.8333333333333335,2.923076923076923,2.8333333333333335,0.39743589743589736,-0.08974358974358942,0.30769230769230793
2015,t,db,12,13,3.4166666666666665,4.6923076923076925,2.8333333333333335,4.461538461538462,-1.275641025641026,1.6282051282051282,0.3525641025641022
2015,t,g,12,13,2.1666666666666665,2.076923076923077,2.5833333333333335,5.384615384615385,0.08974358974358942,2.8012820512820515,2.891025641025641
2015,t,s,13,12,4.6923076923076925,3.4166666666666665,3.6923076923076925,4.583333333333333,1.275641025641026,0.8910256410256405,2.1666666666666665
2016,c,d,13,12,7,5,2.8461538461538463,3.8333333333333335,2,0.9871794871794872,2.987179487179487
2016,c,db,12,13,4.333333333333333,3.4615384615384617,5,3.8461538461538463,0.8717948717948714,-1.1538461538461537,-0.2820512820512824
2016,c,g,12,13,5,3.5384615384615383,3.25,3.5384615384615383,1.4615384615384617,0.2884615384615383,1.75
2016,c,s,13,12,5.3076923076923075,5.5,2.923076923076923,3.6666666666666665,-0.1923076923076925,0.7435897435897436,0.5512820512820511
2016,c,t,13,12,4.538461538461538,6.25,3.769230769230769,2.5833333333333335,-1.7115384615384617,-1.1858974358974357,-2.8974358974358974
2016,d,c,12,13,3.8333333333333335,2.8461538461538463,5,7,0.9871794871794872,2,2.987179487179487
2016,d,db,13,12,3,4.916666666666667,2.076923076923077,4.416666666666667,-1.916666666666667,2.33974358974359,0.4230769230769229
2016,d,g,12,13,2.3333333333333335,4.769230769230769,3.1666666666666665,3,-2.4358974358974357,-0.16666666666666652,-2.602564102564102
2016,d,s,12,13,4.25,4.230769230769231,4.75,5.384615384615385,0.019230769230769162,0.634615384615385,0.6538461538461542
2016,d,t,13,12,3.5384615384615383,2.5833333333333335,2.6153846153846154,4.583333333333333,0.9551282051282048,1.9679487179487176,2.9230769230769225
2016,db,c,13,12,3.8461538461538463,5,3.4615384615384617,4.333333333333333,-1.1538461538461537,0.8717948717948714,-0.2820512820512824
2016,db,d,12,13,4.416666666666667,2.076923076923077,4.916666666666667,3,2.33974358974359,-1.916666666666667,0.4230769230769229
2016,db,g,13,12,5.769230769230769,3.5833333333333335,5.3076923076923075,3.4166666666666665,2.1858974358974357,-1.891025641025641,0.2948717948717947
2016,db,s,13,12,4.923076923076923,5.166666666666667,4.076923076923077,4.916666666666667,-0.2435897435897436,0.8397435897435903,0.5961538461538467
2016,db,t,12,13,2.75,3.4615384615384617,5.166666666666667,3.3846153846153846,-0.7115384615384617,-1.7820512820512824,-2.493589743589744
2016,g,c,13,12,3.5384615384615383,3.25,3.5384615384615383,5,0.2884615384615383,1.4615384615384617,1.75
2016,g,d,13,12,3,3.1666666666666665,4.769230769230769,2.3333333333333335,-0.16666666666666652,-2.4358974358974357,-2.602564102564102
2016,g,db,12,13,3.4166666666666665,5.3076923076923075,3.5833333333333335,5.769230769230769,-1.891025641025641,2.1858974358974357,0.2948717948717947
2016,g,s,13,12,4.923076923076923,3.5833333333333335,2.3076923076923075,4.166666666666667,1.3397435897435899,1.8589743589743595,3.1987179487179493
2016,g,t,12,13,2.3333333333333335,3.6923076923076925,3.5,2.230769230769231,-1.358974358974359,-1.2692307692307692,-2.628205128205128
2016,s,c,12,13,3.6666666666666665,2.923076923076923,5.5,5.3076923076923075,0.7435897435897436,-0.1923076923076925,0.5512820512820511
2016,s,d,13,12,5.384615384615385,4.75,4.230769230769231,4.25,0.634615384615385,0.019230769230769162,0.6538461538461542
2016,s,db,12,13,4.916666666666667,4.076923076923077,5.166666666666667,4.923076923076923,0.8397435897435903,-0.2435897435897436,0.5961538461538467
2016,s,g,12,13,4.166666666666667,2.3076923076923075,3.5833333333333335,4.923076923076923,1.8589743589743595,1.3397435897435899,3.1987179487179493
2016,s,t,13,12,4.6923076923076925,4,4.923076923076923,4.333333333333333,0.6923076923076925,-0.5897435897435903,0.1025641025641022
2016,t,c,12,13,2.5833333333333335,3.769230769230769,6.25,4.538461538461538,-1.1858974358974357,-1.7115384615384617,-2.8974358974358974
2016,t,d,12,13,4.583333333333333,2.6153846153846154,2.5833333333333335,3.5384615384615383,1.9679487179487176,0.9551282051282048,2.9230769230769225
2016,t,db,13,12,3.3846153846153846,5.166666666666667,3.4615384615384617,2.75,-1.7820512820512824,-0.7115384615384617,-2.493589743589744
2016,t,g,13,12,2.230769230769231,3.5,3.6923076923076925,2.3333333333333335,-1.2692307692307692,-1.358974358974359,-2.628205128205128
2016,t,s,12,13,4.333333333333333,4.923076923076923,4,4.6923076923076925,-0.5897435897435903,0.6923076923076925,0.1025641025641022
2017,c,d,12,13,7.083333333333333,3.6923076923076925,3.5,3.5384615384615383,3.3910256410256405,0.038461538461538325,3.429487179487179
2017,c,db,12,13,5,5.846153846153846,3.1666666666666665,6.6923076923076925,-0.8461538461538458,3.525641025641026,2.67948717948718
2017,c,g,13,12,3.6923076923076925,5.583333333333333,2.6923076923076925,3.0833333333333335,-1.8910256410256405,0.39102564102564097,-1.4999999999999996
2017,c,s,13,12,4.384615384615385,4.666666666666667,2.6153846153846154,4,-0.28205128205128194,1.3846153846153846,1.1025641025641026
2017,c,t,12,13,6.416666666666667,5.461538461538462,4.583333333333333,4.538461538461538,0.9551282051282053,-0.04487179487179471,0.9102564102564106
2017,d,c,13,12,3.5384615384615383,3.5,3.6923076923076925,7.083333333333333,0.038461538461538325,3.3910256410256405,3.429487179487179
2017,d,db,13,12,3.4615384615384617,2.6666666666666665,4.769230769230769,4.75,0.7948717948717952,-0.019230769230769162,0.775641025641026
2017,d,g,13,12,3.5384615384615383,3.75,3.3846153846153846,4.333333333333333,-0.21153846153846168,0.9487179487179485,0.7371794871794868
2017,d,s,12,13,3.9166666666666665,4.615384615384615,3.1666666666666665,4.615384615384615,-0.6987179487179485,1.4487179487179485,0.75
2017,d,t,12,13,2.6666666666666665,2.1538461538461537,3.25,4.769230769230769,0.5128205128205128,1.5192307692307692,2.032051282051282
2017,db,c,13,12,6.6923076923076925,3.1666666666666665,5.846153846153846,5,3.525641025641026,-0.8461538461538458,2.67948717948718
2017,db,d,12,13,4.75,4.769230769230769,2.6666666666666665,3.4615384615384617,-0.019230769230769162,0.7948717948717952,0.775641025641026
2017,db,g,12,13,2.5833333333333335,3.076923076923077,3.5,4.153846153846154,-0.4935897435897436,0.6538461538461542,0.16025641025641058
2017,db,s,13,12,3.6153846153846154,5.583333333333333,3.6923076923076925,4.333333333333333,-1.9679487179487176,0.6410256410256405,-1.326923076923077
2017,db,t,12,13,3.4166666666666665,3.4615384615384617,5,3.8461538461538463,-0.044871794871795156,-1.1538461538461537,-1.198717948717949
2017,g,c,12,13,3.0833333333333335,2.6923076923076925,5.583333333333333,3.6923076923076925,0.39102564102564097,-1.8910256410256405,-1.4999999999999996
2017,g,d,12,13,4.333333333333333,3.3846153846153846,3.75,3.5384615384615383,0.9487179487179485,-0.21153846153846168,0.7371794871794868
2017,g,db,13,12,4.153846153846154,3.5,3.076923076923077,2.5833333333333335,0.6538461538461542,-0.4935897435897436,0.16025641025641058
2017,g,s,12,13,2.9166666666666665,5.615384615384615,1.6666666666666667,3.5384615384615383,-2.6987179487179485,1.8717948717948716,-0.8269230769230769
2017,g,t,13,12,4.076923076923077,4,3.6153846153846154,2.6666666666666665,0.07692307692307665,-0.9487179487179489,-0.8717948717948723
2017,s,c,12,13,4,2.6153846153846154,4.666666666666667,4.384615384615385,1.3846153846153846,-0.28205128205128194,1.1025641025641026
2017,s,d,13,12,4.615384615384615,3.1666666666666665,4.615384615384615,3.9166666666666665,1.4487179487179485,-0.6987179487179485,0.75
2017,s,db,12,13,4.333333333333333,3.6923076923076925,5.583333333333333,3.6153846153846154,0.6410256410256405,-1.9679487179487176,-1.326923076923077
2017,s,g,13,12,3.5384615384615383,1.6666666666666667,5.615384615384615,2.9166666666666665,1.8717948717948716,-2.6987179487179485,-0.8269230769230769
2017,s,t,13,12,3.4615384615384617,2.0833333333333335,5.3076923076923075,3.5,1.3782051282051282,-1.8076923076923075,-0.4294871794871793
2017,t,c,13,12,4.538461538461538,4.583333333333333,5.461538461538462,6.416666666666667,-0.04487179487179471,0.9551282051282053,0.9102564102564106
2017,t,d,13,12,4.769230769230769,3.25,2.1538461538461537,2.6666666666666665,1.5192307692307692,0.5128205128205128,2.032051282051282
2017,t,db,13,12,3.8461538461538463,5,3.4615384615384617,3.4166666666666665,-1.1538461538461537,-0.044871794871795156,-1.198717948717949
2017,t,g,12,13,2.6666666666666665,3.6153846153846154,4,4.076923076923077,-0.9487179487179489,0.07692307692307665,-0.8717948717948723
2017,t,s,12,13,3.5,5.3076923076923075,2.0833333333333335,3.4615384615384617,-1.8076923076923075,1.3782051282051282,-0.4294871794871793
2018,c,d,13,12,5.384615384615385,3.25,4.615384615384615,4.583333333333333,2.134615384615385,-0.03205128205128194,2.102564102564103
2018,c,db,13,12,4,6.333333333333333,3.6153846153846154,3.9166666666666665,-2.333333333333333,0.3012820512820511,-2.032051282051282
2018,c,g,12,13,6.25,4.6923076923076925,4.666666666666667,4.769230769230769,1.5576923076923075,0.1025641025641022,1.6602564102564097
2018,c,s,12,13,5.5,5.923076923076923,4.083333333333333,4.6923076923076925,-0.42307692307692335,0.6089743589743595,0.18589743589743613
2018,c,t,13,12,5,5.25,5,3.75,-0.25,-1.25,-1.5
2018,d,c,12,13,4.583333333333333,4.615384615384615,3.25,5.384615384615385,-0.03205128205128194,2.134615384615385,2.102564102564103
2018,d,db,12,13,4.583333333333333,3.769230769230769,4,4.3076923076923075,0.8141025641025639,0.3076923076923075,1.1217948717948714
2018,d,g,12,13,3.3333333333333335,3.6153846153846154,4.916666666666667,5.769230769230769,-0.28205128205128194,0.8525641025641022,0.5705128205128203
2018,d,s,13,12,4.076923076923077,5.25,3.4615384615384617,6.833333333333333,-1.1730769230769234,3.3717948717948714,2.198717948717948
2018,d,t,13,12,3.4615384615384617,5.333333333333333,2.8461538461538463,4.583333333333333,-1.8717948717948714,1.7371794871794868,-0.13461538461538458
2018,db,c,12,13,3.9166666666666665,3.6153846153846154,6.333333333333333,4,0.3012820512820511,-2.333333333333333,-2.032051282051282
2018,db,d,13,12,4.3076923076923075,4,3.769230769230769,4.583333333333333,0.3076923076923075,0.8141025641025639,1.1217948717948714
2018,db,g,13,12,3.1538461538461537,5.416666666666667,3.230769230769231,3.1666666666666665,-2.262820512820513,-0.06410256410256432,-2.3269230769230775
2018,db,s,12,13,4.416666666666667,4.3076923076923075,4.416666666666667,4.846153846153846,0.10897435897435948,0.42948717948717885,0.5384615384615383
2018,db,t,13,12,4.384615384615385,3.3333333333333335,6.769230769230769,3.75,1.0512820512820515,-3.019230769230769,-1.9679487179487176
2018,g,c,13,12,4.769230769230769,4.666666666666667,4.6923076923076925,6.25,0.1025641025641022,1.5576923076923075,1.6602564102564097
2018,g,d,13,12,5.769230769230769,4.916666666666667,3.6153846153846154,3.3333333333333335,0.8525641025641022,-0.28205128205128194,0.5705128205128203
2018,g,db,12,13,3.1666666666666665,3.230769230769231,5.416666666666667,3.1538461538461537,-0.06410256410256432,-2.262820512820513,-2.3269230769230775
2018,g,s,13,12,4.538461538461538,5.583333333333333,3.076923076923077,5.916666666666667,-1.0448717948717947,2.83974358974359,1.7948717948717952
2018,g,t,12,13,3.6666666666666665,4.384615384615385,3.5833333333333335,2.5384615384615383,-0.7179487179487185,-1.0448717948717952,-1.7628205128205137
2018,s,c,13,12,4.6923076923076925,4.083333333333333,5.923076923076923,5.5,0.6089743589743595,-0.42307692307692335,0.18589743589743613
2018,s,d,12,13,6.833333333333333,3.4615384615384617,5.25,4.076923076923077,3.3717948717948714,-1.1730769230769234,2.198717948717948
2018,s,db,13,12,4.846153846153846,4.416666666666667,4.3076923076923075,4.416666666666667,0.42948717948717885,0.10897435897435948,0.5384615384615383
2018,s,g,12,13,5.916666666666667,3.076923076923077,5.583333333333333,4.538461538461538,2.83974358974359,-1.0448717948717947,1.7948717948717952
2018,s,t,12,13,5.916666666666667,3.4615384615384617,5.5,3.1538461538461537,2.4551282051282053,-2.3461538461538463,0.10897435897435903
2018,t,c,12,13,3.75,5,5.25,5,-1.25,-0.25,-1.5
2018,t,d,12,13,4.583333333333333,2.8461538461538463,5.333333333333333,3.4615384615384617,1.7371794871794868,-1.8717948717948714,-0.13461538461538458
2018,t,db,12,13,3.75,6.769230769230769,3.3333333333333335,4.384615384615385,-3.019230769230769,1.0512820512820515,-1.9679487179487176
2018,t,g,13,12,2.5384615384615383,3.5833333333333335,4.384615384615385,3.6666666666666665,-1.0448717948717952,-0.7179487179487185,-1.7628205128205137
2018,t,s,13,12,3.1538461538461537,5.5,3.4615384615384617,5.916666666666667,-2.3461538461538463,2.4551282051282053,0.10897435897435903
2019,c,d,13,12,3.6923076923076925,2.9166666666666665,2,4.25,0.775641025641026,2.25,3.025641025641026
2019,c,db,12,13,4.5,3.3076923076923075,2.8333333333333335,5.076923076923077,1.1923076923076925,2.243589743589743,3.4358974358974357
2019,c,g,12,13,3.75,4.384615384615385,3.6666666666666665,5,-0.634615384615385,1.3333333333333335,0.6987179487179485
2019,c,s,13,12,4.461538461538462,6.583333333333333,7.076923076923077,3.5833333333333335,-2.1217948717948714,-3.493589743589743,-5.615384615384615
2019,c,t,12,13,4.666666666666667,4.384615384615385,3.8333333333333335,3.8461538461538463,0.28205128205128194,0.012820512820512775,0.2948717948717947
2019,d,c,12,13,4.25,2,2.9166666666666665,3.6923076923076925,2.25,0.775641025641026,3.025641025641026
2019,d,db,13,12,4,4.416666666666667,3.923076923076923,5,-0.41666666666666696,1.076923076923077,0.6602564102564101
2019,d,g,13,12,2.923076923076923,3.6666666666666665,3.3076923076923075,4.5,-0.7435897435897436,1.1923076923076925,0.4487179487179489
2019,d,s,12,13,4.666666666666667,5.923076923076923,3.75,4.153846153846154,-1.2564102564102564,0.4038461538461542,-0.8525641025641022
2019,d,t,13,12,3,4.083333333333333,2.5384615384615383,3.5,-1.083333333333333,0.9615384615384617,-0.12179487179487136
2019,db,c,13,12,5.076923076923077,2.8333333333333335,3.3076923076923075,4.5,2.243589743589743,1.1923076923076925,3.4358974358974357
2019,db,d,12,13,5,3.923076923076923,4.416666666666667,4,1.076923076923077,-0.41666666666666696,0.6602564102564101
2019,db,g,13,12,4.538461538461538,4.25,4.6923076923076925,4.5,0.2884615384615383,-0.1923076923076925,0.09615384615384581
2019,db,s,13,12,4.769230769230769,5.416666666666667,3.1538461538461537,5.666666666666667,-0.6474358974358978,2.512820512820513,1.8653846153846154
2019,db,t,12,13,3.1666666666666665,2.923076923076923,4.833333333333333,4.384615384615385,0.2435897435897436,-0.448717948717948,-0.2051282051282044
2019,g,c,13,12,5,3.6666666666666665,4.384615384615385,3.75,1.3333333333333335,-0.634615384615385,0.6987179487179485
2019,g,d,12,13,4.5,3.3076923076923075,3.6666666666666665,2.923076923076923,1.1923076923076925,-0.7435897435897436,0.4487179487179489
2019,g,db,12,13,4.5,4.6923076923076925,4.25,4.538461538461538,-0.1923076923076925,0.2884615384615383,0.09615384615384581
2019,g,s,12,13,6.25,5.384615384615385,6.166666666666667,4.461538461538462,0.865384615384615,-1.7051282051282053,-0.8397435897435903
2019,g,t,13,12,5.6923076923076925,3.1666666666666665,3.6923076923076925,2.75,2.525641025641026,-0.9423076923076925,1.5833333333333335
2019,s,c,12,13,3.5833333333333335,7.076923076923077,6.583333333333333,4.461538461538462,-3.493589743589743,-2.1217948717948714,-5.615384615384615
2019,s,d,13,12,4.153846153846154,3.75,5.923076923076923,4.666666666666667,0.4038461538461542,-1.2564102564102564,-0.8525641025641022
2019,s,db,12,13,5.666666666666667,3.1538461538461537,5.416666666666667,4.769230769230769,2.512820512820513,-0.6474358974358978,1.8653846153846154
2019,s,g,13,12,4.461538461538462,6.166666666666667,5.384615384615385,6.25,-1.7051282051282053,0.865384615384615,-0.8397435897435903
2019,s,t,12,13,4.833333333333333,3.230769230769231,4.833333333333333,3,1.6025641025641022,-1.833333333333333,-0.23076923076923084
2019,t,c,13,12,3.8461538461538463,3.8333333333333335,4.384615384615385,4.666666666666667,0.012820512820512775,0.28205128205128194,0.2948717948717947
2019,t,d,12,13,3.5,2.5384615384615383,4.083333333333333,3,0.9615384615384617,-1.083333333333333,-0.12179487179487136
2019,t,db,13,12,4.384615384615385,4.833333333333333,2.923076923076923,3.1666666666666665,-0.448717948717948,0.2435897435897436,-0.2051282051282044
2019,t,g,12,13,2.75,3.6923076923076925,3.1666666666666665,5.6923076923076925,-0.9423076923076925,2.525641025641026,1.5833333333333335
2019,t,s,13,12,3,4.833333333333333,3.230769230769231,4.833333333333333,-1.833333333333333,1.6025641025641022,-0.23076923076923084
2020,c,d,12,12,3.8333333333333335,6.75,3.4166666666666665,3.4166666666666665,-2.9166666666666665,0.0,-2.9166666666666665
2020,c,db,12,12,3.5833333333333335,3.8333333333333335,5.416666666666667,3.75,-0.25,-1.666666666666667,-1.916666666666667
2020,c,g,12,12,3.8333333333333335,3.75,4.75,5,0.08333333333333348,0.25,0.3333333333333335
2020,c,s,12,12,4.833333333333333,5.833333333333333,3.9166666666666665,5.333333333333333,-1.0,1.4166666666666665,0.4166666666666665
2020,c,t,12,12,3.8333333333333335,3.5,5.083333333333333,4,0.3333333333333335,-1.083333333333333,-0.7499999999999996
2020,d,c,12,12,3.4166666666666665,3.4166666666666665,6.75,3.8333333333333335,0.0,-2.9166666666666665,-2.9166666666666665
2020,d,db,12,12,4.083333333333333,2.9166666666666665,1.5833333333333333,5.166666666666667,1.1666666666666665,3.583333333333334,4.75
2020,d,g,12,12,2.9166666666666665,3.25,2.6666666666666665,5,-0.3333333333333335,2.3333333333333335,2.0
2020,d,s,12,12,4.583333333333333,5,2.75,4.25,-0.41666666666666696,1.5,1.083333333333333
2020,d,t,12,12,3.75,2.4166666666666665,2.9166666666666665,5.833333333333333,1.3333333333333335,2.9166666666666665,4.25
2020,db,c,12,12,3.75,5.416666666666667,3.8333333333333335,3.5833333333333335,-1.666666666666667,-0.25,-1.916666666666667
2020,db,d,12,12,5.166666666666667,1.5833333333333333,2.9166666666666665,4.083333333333333,3.583333333333334,1.1666666666666665,4.75
2020,db,g,12,12,5,3.5833333333333335,3.1666666666666665,4.833333333333333,1.4166666666666665,1.6666666666666665,3.083333333333333
2020,db,s,12,12,4.583333333333333,5.166666666666667,4.25,4.416666666666667,-0.5833333333333339,0.16666666666666696,-0.41666666666666696
2020,db,t,12,12,5.75,3,5.5,2.9166666666666665,2.75,-2.5833333333333335,0.16666666666666652
2020,g,c,12,12,5,4.75,3.75,3.8333333333333335,0.25,0.08333333333333348,0.3333333333333335
2020,g,d,12,12,5,2.6666666666666665,3.25,2.9166666666666665,2.3333333333333335,-0.3333333333333335,2.0
2020,g,db,12,12,4.833333333333333,3.1666666666666665,3.5833333333333335,5,1.6666666666666665,1.4166666666666665,3.083333333333333
2020,g,s,12,12,4,6.333333333333333,3,3.5833333333333335,-2.333333333333333,0.5833333333333335,-1.7499999999999996
2020,g,t,12,12,4.416666666666667,4.166666666666667,2.8333333333333335,3.3333333333333335,0.25,0.5,0.75
2020,s,c,12,12,5.333333333333333,3.9166666666666665,5.833333333333333,4.833333333333333,1.4166666666666665,-1.0,0.4166666666666665
2020,s,d,12,12,4.25,2.75,5,4.583333333333333,1.5,-0.41666666666666696,1.083333333333333
2020,s,db,12,12,4.416666666666667,4.25,5.166666666666667,4.583333333333333,0.16666666666666696,-0.5833333333333339,-0.41666666666666696
2020,s,g,12,12,3.5833333333333335,3,6.333333333333333,4,0.5833333333333335,-2.333333333333333,-1.7499999999999996
2020,s,t,12,12,4,3.5,4.666666666666667,4.083333333333333,0.5,-0.5833333333333339,-0.08333333333333393
2020,t,c,12,12,4,5.083333333333333,3.5,3.8333333333333335,-1.083333333333333,0.3333333333333335,-0.7499999999999996
2020,t,d,12,12,5.833333333333333,2.9166666666666665,2.4166666666666665,3.75,2.9166666666666665,1.3333333333333335,4.25
2020,t,db,12,12,2.9166666666666665,5.5,3,5.75,-2.5833333333333335,2.75,0.16666666666666652
2020,t,g,12,12,3.3333333333333335,2.8333333333333335,4.166666666666667,4.416666666666667,0.5,0.25,0.75
2020,t,s,12,12,4.083333333333333,4.666666666666667,3.5,4,-0.5833333333333339,0.5,-0.08333333333333393
2021,c,d,12,13,5.166666666666667,3,3.4166666666666665,3.3846153846153846,2.166666666666667,-0.03205128205128194,2.134615384615385
2021,c,db,13,12,4.384615384615385,6.666666666666667,3.8461538461538463,5,-2.282051282051282,1.1538461538461537,-1.1282051282051282
2021,c,g,13,12,2.1538461538461537,5.333333333333333,3.3076923076923075,5,-3.1794871794871793,1.6923076923076925,-1.4871794871794868
2021,c,s,12,13,2.9166666666666665,4.076923076923077,4.916666666666667,3.4615384615384617,-1.1602564102564101,-1.4551282051282053,-2.6153846153846154
2021,c,t,13,12,3.230769230769231,3.0833333333333335,3.3076923076923075,3.8333333333333335,0.14743589743589736,0.525641025641026,0.6730769230769234
2021,d,c,13,12,3.3846153846153846,3.4166666666666665,3,5.166666666666667,-0.03205128205128194,2.166666666666667,2.134615384615385
2021,d,db,12,13,2.9166666666666665,2.3076923076923075,2.8333333333333335,3.923076923076923,0.608974358974359,1.0897435897435894,1.6987179487179485
2021,d,g,12,13,2.9166666666666665,3.076923076923077,2.0833333333333335,3.3846153846153846,-0.16025641025641058,1.301282051282051,1.1410256410256405
2021,d,s,13,12,2.230769230769231,2.4166666666666665,3.230769230769231,4.25,-0.18589743589743568,1.0192307692307692,0.8333333333333335
2021,d,t,12,13,3,2.1538461538461537,2.4166666666666665,2.769230769230769,0.8461538461538463,0.35256410256410264,1.198717948717949
2021,db,c,12,13,5,3.8461538461538463,6.666666666666667,4.384615384615385,1.1538461538461537,-2.282051282051282,-1.1282051282051282
2021,db,d,13,12,3.923076923076923,2.8333333333333335,2.3076923076923075,2.9166666666666665,1.0897435897435894,0.608974358974359,1.6987179487179485
2021,db,g,12,13,3.1666666666666665,3.923076923076923,3.75,4.3076923076923075,-0.7564102564102564,0.5576923076923075,-0.1987179487179489
2021,db,s,12,13,3.8333333333333335,3,5.083333333333333,4.538461538461538,0.8333333333333335,-0.5448717948717947,0.28846153846153877
2021,db,t,13,12,3.230769230769231,4.75,4.230769230769231,4.416666666666667,-1.5192307692307692,0.18589743589743613,-1.333333333333333
2021,g,c,12,13,5,3.3076923076923075,5.333333333333333,2.1538461538461537,1.6923076923076925,-3.1794871794871793,-1.4871794871794868
2021,g,d,13,12,3.3846153846153846,2.0833333333333335,3.076923076923077,2.9166666666666665,1.301282051282051,-0.16025641025641058,1.1410256410256405
2021,g,db,13,12,4.3076923076923075,3.75,3.923076923076923,3.1666666666666665,0.5576923076923075,-0.7564102564102564,-0.1987179487179489
2021,g,s,13,12,4.6923076923076925,5.166666666666667,5.076923076923077,4.666666666666667,-0.47435897435897445,-0.4102564102564097,-0.8846153846153841
2021,g,t,12,13,3.25,3.4615384615384617,3.8333333333333335,3.5384615384615383,-0.21153846153846168,-0.29487179487179516,-0.5064102564102568
2021,s,c,13,12,3.4615384615384617,4.916666666666667,4.076923076923077,2.9166666666666665,-1.4551282051282053,-1.1602564102564101,-2.6153846153846154
2021,s,d,12,13,4.25,3.230769230769231,2.4166666666666665,2.230769230769231,1.0192307692307692,-0.18589743589743568,0.8333333333333335
2021,s,db,13,12,4.538461538461538,5.083333333333333,3,3.8333333333333335,-0.5448717948717947,0.8333333333333335,0.28846153846153877
2021,s,g,12,13,4.666666666666667,5.076923076923077,5.166666666666667,4.6923076923076925,-0.4102564102564097,-0.47435897435897445,-0.8846153846153841
2021,s,t,13,12,3.4615384615384617,5.083333333333333,4.615384615384615,3.75,-1.6217948717948714,-0.865384615384615,-2.4871794871794863
2021,t,c,12,13,3.8333333333333335,3.3076923076923075,3.0833333333333335,3.230769230769231,0.525641025641026,0.14743589743589736,0.6730769230769234
2021,t,d,13,12,2.769230769230769,2.4166666666666665,2.1538461538461537,3,0.35256410256410264,0.8461538461538463,1.198717948717949
2021,t,db,12,13,4.416666666666667,4.230769230769231,4.75,3.230769230769231,0.18589743589743613,-1.5192307692307692,-1.333333333333333
2021,t,g,13,12,3.5384615384615383,3.8333333333333335,3.4615384615384617,3.25,-0.29487179487179516,-0.21153846153846168,-0.5064102564102568
2021,t,s,12,13,3.75,4.615384615384615,5.083333333333333,3.4615384615384617,-0.865384615384615,-1.6217948717948714,-2.4871794871794863
2022,c,d,13,12,3.3846153846153846,2.0833333333333335,3.8461538461538463,2.6666666666666665,1.301282051282051,-1.1794871794871797,0.12179487179487136
2022,c,db,12,13,5.25,5.6923076923076925,2.0833333333333335,4.230769230769231,-0.4423076923076925,2.1474358974358974,1.7051282051282048
2022,c,g,13,12,4.461538461538462,4.083333333333333,3.3076923076923075,4.083333333333333,0.37820512820512864,0.7756410256410255,1.1538461538461542
2022,c,s,12,13,3.25,5.3076923076923075,5,5,-2.0576923076923075,0,-2.0576923076923075
2022,c,t,12,13,4,3.8461538461538463,3.75,2.8461538461538463,0.15384615384615374,-0.9038461538461537,-0.75
2022,d,c,12,13,2.6666666666666665,3.8461538461538463,2.0833333333333335,3.3846153846153846,-1.1794871794871797,1.301282051282051,0.12179487179487136
2022,d,db,13,12,2.3076923076923075,2,3.1538461538461537,4.5,0.3076923076923075,1.3461538461538463,1.6538461538461537
2022,d,g,12,13,2.9166666666666665,3.769230769230769,3.75,3.923076923076923,-0.8525641025641026,0.1730769230769229,-0.6794871794871797
2022,d,s,13,12,3.6153846153846154,3.6666666666666665,4.3076923076923075,3.0833333333333335,-0.0512820512820511,-1.224358974358974,-1.275641025641025
2022,d,t,12,13,2.3333333333333335,2.3076923076923075,2,3.769230769230769,0.025641025641025994,1.7692307692307692,1.7948717948717952
2022,db,c,13,12,4.230769230769231,2.0833333333333335,5.6923076923076925,5.25,2.1474358974358974,-0.4423076923076925,1.7051282051282048
2022,db,d,12,13,4.5,3.1538461538461537,2,2.3076923076923075,1.3461538461538463,0.3076923076923075,1.6538461538461537
2022,db,g,12,13,2.75,3.8461538461538463,3,4.846153846153846,-1.0961538461538463,1.8461538461538458,0.7499999999999996
2022,db,s,13,12,3.923076923076923,2.9166666666666665,4.3076923076923075,4.416666666666667,1.0064102564102564,0.10897435897435948,1.1153846153846159
2022,db,t,13,12,4.461538461538462,3,3.076923076923077,3.25,1.4615384615384617,0.1730769230769229,1.6346153846153846
2022,g,c,12,13,4.083333333333333,3.3076923076923075,4.083333333333333,4.461538461538462,0.7756410256410255,0.37820512820512864,1.1538461538461542
2022,g,d,13,12,3.923076923076923,3.75,3.769230769230769,2.9166666666666665,0.1730769230769229,-0.8525641025641026,-0.6794871794871797
2022,g,db,13,12,4.846153846153846,3,3.8461538461538463,2.75,1.8461538461538458,-1.0961538461538463,0.7499999999999996
2022,g,s,12,13,3.25,7.076923076923077,5.416666666666667,6,-3.8269230769230766,0.583333333333333,-3.2435897435897436
2022,g,t,13,12,3.230769230769231,2.25,4.615384615384615,2.8333333333333335,0.9807692307692308,-1.7820512820512815,-0.8012820512820507
2022,s,c,13,12,5,5,5.3076923076923075,3.25,0,-2.0576923076923075,-2.0576923076923075
2022,s,d,12,13,3.0833333333333335,4.3076923076923075,3.6666666666666665,3.6153846153846154,-1.224358974358974,-0.0512820512820511,-1.275641025641025
2022,s,db,12,13,4.416666666666667,4.3076923076923075,2.9166666666666665,3.923076923076923,0.10897435897435948,1.0064102564102564,1.1153846153846159
2022,s,g,13,12,6,5.416666666666667,7.076923076923077,3.25,0.583333333333333,-3.8269230769230766,-3.2435897435897436
2022,s,t,12,13,1.9166666666666667,3.6923076923076925,4.583333333333333,3.3846153846153846,-1.7756410256410258,-1.1987179487179485,-2.974358974358974
2022,t,c,13,12,2.8461538461538463,3.75,3.8461538461538463,4,-0.9038461538461537,0.15384615384615374,-0.75
2022,t,d,13,12,3.769230769230769,2,2.3076923076923075,2.3333333333333335,1.7692307692307692,0.025641025641025994,1.7948717948717952
2022,t,db,12,13,3.25,3.076923076923077,3,4.461538461538462,0.1730769230769229,1.4615384615384617,1.6346153846153846
2022,t,g,12,13,2.8333333333333335,4.615384615384615,2.25,3.230769230769231,-1.7820512820512815,0.9807692307692308,-0.8012820512820507
2022,t,s,13,12,3.3846153846153846,4.583333333333333,3.6923076923076925,1.9166666666666667,-1.1987179487179485,-1.7756410256410258,-2.974358974358974
2023,c,d,12,13,2.6666666666666665,2.6153846153846154,3.1666666666666665,3,0.0512820512820511,-0.16666666666666652,-0.11538461538461542
2023,c,db,13,12,3,3.4166666666666665,2.5384615384615383,3.5,-0.4166666666666665,0.9615384615384617,0.5448717948717952
2023,c,g,12,13,4.25,4.615384615384615,3.9166666666666665,3,-0.365384615384615,-0.9166666666666665,-1.2820512820512815
2023,c,s,13,12,4.615384615384615,2.8333333333333335,3.1538461538461537,4.666666666666667,1.7820512820512815,1.5128205128205132,3.2948717948717947
2023,c,t,13,12,4,2.4166666666666665,3.4615384615384617,4.333333333333333,1.5833333333333335,0.8717948717948714,2.455128205128205
2023,d,c,13,12,3,3.1666666666666665,2.6153846153846154,2.6666666666666665,-0.16666666666666652,0.0512820512820511,-0.11538461538461542
2023,d,db,12,13,2,2,3.6666666666666665,4.153846153846154,0,0.48717948717948767,0.48717948717948767
2023,d,g,13,12,3.1538461538461537,1.9166666666666667,3.3076923076923075,4,1.237179487179487,0.6923076923076925,1.9294871794871793
2023,d,s,12,13,2.8333333333333335,3.6153846153846154,2.25,4.461538461538462,-0.7820512820512819,2.2115384615384617,1.4294871794871797
2023,d,t,13,12,1.7692307692307692,3.4166666666666665,3.5384615384615383,4.5,-1.6474358974358974,0.9615384615384617,-0.6858974358974357
2023,db,c,12,13,3.5,2.5384615384615383,3.4166666666666665,3,0.9615384615384617,-0.4166666666666665,0.5448717948717952
2023,db,d,13,12,4.153846153846154,3.6666666666666665,2,2,0.48717948717948767,0,0.48717948717948767
2023,db,g,13,12,3.230769230769231,1.8333333333333333,3.923076923076923,3.0833333333333335,1.3974358974358976,-0.8397435897435894,0.5576923076923082
2023,db,s,12,13,3.9166666666666665,5.923076923076923,4.75,4.846153846153846,-2.006410256410257,0.09615384615384581,-1.910256410256411
2023,db,t,12,13,3,3.3076923076923075,2.9166666666666665,4.923076923076923,-0.3076923076923075,2.006410256410257,1.6987179487179493
2023,g,c,13,12,3,3.9166666666666665,4.615384615384615,4.25,-0.9166666666666665,-0.365384615384615,-1.2820512820512815
2023,g,d,12,13,4,3.3076923076923075,1.9166666666666667,3.1538461538461537,0.6923076923076925,1.237179487179487,1.9294871794871793
2023,g,db,12,13,3.0833333333333335,3.923076923076923,1.8333333333333333,3.230769230769231,-0.8397435897435894,1.3974358974358976,0.5576923076923082
2023,g,s,13,12,4.384615384615385,4.666666666666667,3.5384615384615383,4.666666666666667,-0.28205128205128194,1.1282051282051286,0.8461538461538467
2023,g,t,12,13,2.8333333333333335,3,4.083333333333333,4.769230769230769,-0.16666666666666652,0.6858974358974361,0.5192307692307696
2023,s,c,12,13,4.666666666666667,3.1538461538461537,2.8333333333333335,4.615384615384615,1.5128205128205132,1.7820512820512815,3.2948717948717947
2023,s,d,13,12,4.461538461538462,2.25,3.6153846153846154,2.8333333333333335,2.2115384615384617,-0.7820512820512819,1.4294871794871797
2023,s,db,13,12,4.846153846153846,4.75,5.923076923076923,3.9166666666666665,0.09615384615384581,-2.006410256410257,-1.910256410256411
2023,s,g,12,13,4.666666666666667,3.5384615384615383,4.666666666666667,4.384615384615385,1.1282051282051286,-0.28205128205128194,0.8461538461538467
2023,s,t,13,12,3.076923076923077,1.75,5.3076923076923075,1.75,1.326923076923077,-3.5576923076923075,-2.2307692307692304
2023,t,c,12,13,4.333333333333333,3.4615384615384617,2.4166666666666665,4,0.8717948717948714,1.5833333333333335,2.455128205128205
2023,t,d,12,13,4.5,3.5384615384615383,3.4166666666666665,1.7692307692307692,0.9615384615384617,-1.6474358974358974,-0.6858974358974357
2023,t,db,13,12,4.923076923076923,2.9166666666666665,3.3076923076923075,3,2.006410256410257,-0.3076923076923075,1.6987179487179493
2023,t,g,13,12,4.769230769230769,4.083333333333333,3,2.8333333333333335,0.6858974358974361,-0.16666666666666652,0.5192307692307696
2023,t,s,12,13,1.75,5.3076923076923075,1.75,3.076923076923077,-3.5576923076923075,1.326923076923077,-2.2307692307692304
2024,c,d,12,13,2.0833333333333335,1.3076923076923077,2.5,1.9230769230769231,0.7756410256410258,-0.5769230769230769,0.1987179487179489
2024,c,db,13,12,4.3076923076923075,3.0833333333333335,3.1538461538461537,3.75,1.224358974358974,0.5961538461538463,1.8205128205128203
2024,c,g,13,12,2.6923076923076925,2.6666666666666665,4.076923076923077,3.0833333333333335,0.025641025641025994,-0.9935897435897432,-0.9679487179487172
2024,c,s,12,13,3.75,3.769230769230769,1.8333333333333333,3.923076923076923,-0.019230769230769162,2.0897435897435894,2.0705128205128203
2024,c,t,12,13,2.5,2.6153846153846154,3.1666666666666665,2.6923076923076925,-0.11538461538461542,-0.474358974358974,-0.5897435897435894
2024,d,c,13,12,1.9230769230769231,2.5,1.3076923076923077,2.0833333333333335,-0.5769230769230769,0.7756410256410258,0.1987179487179489
2024,d,db,12,13,2.5833333333333335,3.076923076923077,3.25,3.6153846153846154,-0.4935897435897436,0.3653846153846154,-0.1282051282051282
2024,d,g,12,13,2.25,2.1538461538461537,2.3333333333333335,3.3076923076923075,0.09615384615384626,0.974358974358974,1.0705128205128203
2024,d,s,12,13,3,4.3076923076923075,3.1666666666666665,4.923076923076923,-1.3076923076923075,1.7564102564102568,0.44871794871794934
2024,d,t,13,12,3.769230769230769,1.5,3.8461538461538463,5.416666666666667,2.269230769230769,1.5705128205128207,3.83974358974359
2024,db,c,12,13,3.75,3.1538461538461537,3.0833333333333335,4.3076923076923075,0.5961538461538463,1.224358974358974,1.8205128205128203
2024,db,d,13,12,3.6153846153846154,3.25,3.076923076923077,2.5833333333333335,0.3653846153846154,-0.4935897435897436,-0.1282051282051282
2024,db,g,12,13,2.3333333333333335,2.4615384615384617,4.5,2.923076923076923,-0.1282051282051282,-1.576923076923077,-1.7051282051282053
2024,db,s,13,12,4.384615384615385,5.5,4.076923076923077,3.75,-1.115384615384615,-0.32692307692307665,-1.4423076923076916
2024,db,t,13,12,4.461538461538462,3.0833333333333335,4.076923076923077,3.25,1.3782051282051282,-0.8269230769230766,0.5512820512820515
2024,g,c,12,13,3.0833333333333335,4.076923076923077,2.6666666666666665,2.6923076923076925,-0.9935897435897432,0.025641025641025994,-0.9679487179487172
2024,g,d,13,12,3.3076923076923075,2.3333333333333335,2.1538461538461537,2.25,0.974358974358974,0.09615384615384626,1.0705128205128203
2024,g,db,13,12,2.923076923076923,4.5,2.4615384615384617,2.3333333333333335,-1.576923076923077,-0.1282051282051282,-1.7051282051282053
2024,g,s,13,12,2.3076923076923075,4.166666666666667,3.6153846153846154,2.5833333333333335,-1.8589743589743595,-1.032051282051282,-2.8910256410256414
2024,g,t,12,13,3.0833333333333335,1.5384615384615385,2.4166666666666665,2.923076923076923,1.544871794871795,0.5064102564102564,2.051282051282051
2024,s,c,13,12,3.923076923076923,1.8333333333333333,3.769230769230769,3.75,2.0897435897435894,-0.019230769230769162,2.0705128205128203
2024,s,d,13,12,4.923076923076923,3.1666666666666665,4.3076923076923075,3,1.7564102564102568,-1.3076923076923075,0.44871794871794934
2024,s,db,12,13,3.75,4.076923076923077,5.5,4.384615384615385,-0.32692307692307665,-1.115384615384615,-1.4423076923076916
2024,s,g,12,13,2.5833333333333335,3.6153846153846154,4.166666666666667,2.3076923076923075,-1.032051282051282,-1.8589743589743595,-2.8910256410256414
2024,s,t,12,13,4.083333333333333,2.769230769230769,4,4,1.3141025641025639,0,1.3141025641025639
2024,t,c,13,12,2.6923076923076925,3.1666666666666665,2.6153846153846154,2.5,-0.474358974358974,-0.11538461538461542,-0.5897435897435894
2024,t,d,12,13,5.416666666666667,3.8461538461538463,1.5,3.769230769230769,1.5705128205128207,2.269230769230769,3.83974358974359
2024,t,db,12,13,3.25,4.076923076923077,3.0833333333333335,4.461538461538462,-0.8269230769230766,1.3782051282051282,0.5512820512820515
2024,t,g,13,12,2.923076923076923,2.4166666666666665,1.5384615384615385,3.0833333333333335,0.5064102564102564,1.544871794871795,2.051282051282051
2024,t,s,13,12,4,4,2.769230769230769,4.083333333333333,0,1.3141025641025639,1.3141025641025639
2025,c,d,13,12,3.8461538461538463,1.9166666666666667,2.6153846153846154,2.5833333333333335,1.9294871794871795,-0.03205128205128194,1.8974358974358976
2025,c,db,12,13,3.4166666666666665,3.3076923076923075,3.5,4.076923076923077,0.10897435897435903,0.5769230769230766,0.6858974358974357
2025,c,g,12,13,4.75,2.076923076923077,2.3333333333333335,2.923076923076923,2.673076923076923,0.5897435897435894,3.2628205128205123
2025,c,s,13,12,2.923076923076923,3.4166666666666665,3.3846153846153846,4.75,-0.4935897435897436,1.3653846153846154,0.8717948717948718
2025,c,t,13,12,1.7692307692307692,2,4.153846153846154,3.4166666666666665,-0.23076923076923084,-0.7371794871794877,-0.9679487179487185
2025,d,c,12,13,2.5833333333333335,2.6153846153846154,1.9166666666666667,3.8461538461538463,-0.03205128205128194,1.9294871794871795,1.8974358974358976
2025,d,db,13,12,2.230769230769231,3.1666666666666665,3,4.833333333333333,-0.9358974358974357,1.833333333333333,0.8974358974358974
2025,d,g,13,12,3.3076923076923075,2.25,3.230769230769231,3.5833333333333335,1.0576923076923075,0.35256410256410264,1.4102564102564101
2025,d,s,13,12,3.076923076923077,3.0833333333333335,3.1538461538461537,2.3333333333333335,-0.0064102564102563875,-0.8205128205128203,-0.8269230769230766
2025,d,t,12,13,3.5833333333333335,2.6923076923076925,3.75,2.769230769230769,0.891025641025641,-0.9807692307692308,-0.08974358974358987
2025,db,c,13,12,4.076923076923077,3.5,3.3076923076923075,3.4166666666666665,0.5769230769230766,0.10897435897435903,0.6858974358974357
2025,db,d,12,13,4.833333333333333,3,3.1666666666666665,2.230769230769231,1.833333333333333,-0.9358974358974357,0.8974358974358974
2025,db,g,13,12,3.3076923076923075,2.6666666666666665,4.3076923076923075,3.4166666666666665,0.641025641025641,-0.891025641025641,-0.25
2025,db,s,12,13,5,5.615384615384615,3.3333333333333335,3.230769230769231,-0.615384615384615,-0.10256410256410264,-0.7179487179487176
2025,db,t,12,13,1.6666666666666667,2.8461538461538463,3.1666666666666665,2.230769230769231,-1.1794871794871795,-0.9358974358974357,-2.115384615384615
2025,g,c,13,12,2.923076923076923,2.3333333333333335,2.076923076923077,4.75,0.5897435897435894,2.673076923076923,3.2628205128205123
2025,g,d,12,13,3.5833333333333335,3.230769230769231,2.25,3.3076923076923075,0.35256410256410264,1.0576923076923075,1.4102564102564101
2025,g,db,12,13,3.4166666666666665,4.3076923076923075,2.6666666666666665,3.3076923076923075,-0.891025641025641,0.641025641025641,-0.25
2025,g,s,12,13,4.5,4.230769230769231,2.5,3.230769230769231,0.26923076923076916,0.7307692307692308,1.0
2025,g,t,13,12,2.923076923076923,2.1666666666666665,5,3.1666666666666665,0.7564102564102564,-1.8333333333333335,-1.076923076923077
2025,s,c,12,13,4.75,3.3846153846153846,3.4166666666666665,2.923076923076923,1.3653846153846154,-0.4935897435897436,0.8717948717948718
2025,s,d,12,13,2.3333333333333335,3.1538461538461537,3.0833333333333335,3.076923076923077,-0.8205128205128203,-0.0064102564102563875,-0.8269230769230766
2025,s,db,13,12,3.230769230769231,3.3333333333333335,5.615384615384615,5,-0.10256410256410264,-0.615384615384615,-0.7179487179487176
2025,s,g,13,12,3.230769230769231,2.5,4.230769230769231,4.5,0.7307692307692308,0.26923076923076916,1.0
2025,s,t,13,12,2.769230769230769,2.5,3.6923076923076925,3.6666666666666665,0.26923076923076916,-0.025641025641025994,0.24358974358974317
2025,t,c,12,13,3.4166666666666665,4.153846153846154,2,1.7692307692307692,-0.7371794871794877,-0.23076923076923084,-0.9679487179487185
2025,t,d,13,12,2.769230769230769,3.75,2.6923076923076925,3.5833333333333335,-0.9807692307692308,0.891025641025641,-0.08974358974358987
2025,t,db,13,12,2.230769230769231,3.1666666666666665,2.8461538461538463,1.6666666666666667,-0.9358974358974357,-1.1794871794871795,-2.115384615384615
2025,t,g,12,13,3.1666666666666665,5,2.1666666666666665,2.923076923076923,-1.8333333333333335,0.7564102564102564,-1.076923076923077
2025,t,s,12,13,3.6666666666666665,3.6923076923076925,2.5,2.769230769230769,-0.025641025641025994,0.26923076923076916,0.24358974358974317
