mode,year,team,home_r,away_r,home_ra,away_ra,scoring,prevention,gap,home_r_minus_others,away_r_minus_others,home_ra_minus_others,away_ra_minus_others,scoring_minus_others,prevention_minus_others,gap_minus_others
all_raw,2013,c,3.638888888888889,4.097222222222222,3.5972222222222223,4.097222222222222,-0.4583333333333335,0.5,0.04166666666666652,-0.40277777777777724,0.19166666666666643,-0.5305555555555559,-0.005555555555555536,-0.5944444444444443,0.525,-0.06944444444444428
cl_raw,2013,c,3.5833333333333335,4.483333333333333,3.75,3.933333333333333,-0.8999999999999999,0.18333333333333313,-0.7166666666666668,-0.5299999999999998,0.4900000000000002,-0.3899999999999997,-0.10999999999999988,-1.02,0.2799999999999997,-0.7400000000000003
cl_balanced,2013,c,3.5833333333333335,4.483333333333333,3.75,3.9333333333333336,-0.8999999999999999,0.1833333333333334,-0.7166666666666666,-0.5299999999999998,0.4900000000000002,-0.3899999999999997,-0.10999999999999943,-1.02,0.2800000000000001,-0.7399999999999999
all_raw,2013,d,3.1666666666666665,4.138888888888889,3.513888888888889,4.805555555555555,-0.9722222222222228,1.2916666666666665,0.31944444444444375,-0.9694444444444446,0.24166666666666714,-0.630555555555556,0.8444444444444441,-1.2111111111111115,1.4749999999999999,0.2638888888888884
cl_raw,2013,d,3.1166666666666667,4.266666666666667,3.6,4.433333333333334,-1.15,0.8333333333333335,-0.31666666666666643,-1.0900000000000003,0.22999999999999954,-0.5699999999999998,0.4900000000000002,-1.32,1.06,-0.2599999999999999
cl_balanced,2013,d,3.1166666666666667,4.266666666666667,3.6,4.433333333333334,-1.15,0.8333333333333334,-0.31666666666666654,-1.0900000000000003,0.22999999999999954,-0.5699999999999998,0.4900000000000002,-1.3199999999999998,1.06,-0.2599999999999999
all_raw,2013,db,4.708333333333333,4.041666666666667,5.416666666666667,4.111111111111111,0.6666666666666661,-1.3055555555555562,-0.6388888888888902,0.8805555555555555,0.125,1.6527777777777781,0.011111111111111072,0.7555555555555552,-1.6416666666666675,-0.8861111111111123
cl_raw,2013,db,4.933333333333334,4.166666666666667,5.416666666666667,4.133333333333334,0.7666666666666666,-1.2833333333333332,-0.5166666666666666,1.0900000000000003,0.11000000000000032,1.6100000000000003,0.13000000000000078,0.9799999999999998,-1.48,-0.5000000000000001
cl_balanced,2013,db,4.933333333333334,4.166666666666667,5.416666666666667,4.133333333333334,0.7666666666666668,-1.2833333333333334,-0.5166666666666666,1.0900000000000003,0.11000000000000032,1.6100000000000003,0.1299999999999999,0.9800000000000002,-1.4800000000000002,-0.49999999999999994
all_raw,2013,g,4.111111111111111,4.180555555555555,3.4444444444444446,3.611111111111111,-0.06944444444444464,0.16666666666666652,0.09722222222222188,0.16388888888888875,0.2916666666666661,-0.7138888888888886,-0.588888888888889,-0.12777777777777768,0.12499999999999982,-0.002777777777777851
cl_raw,2013,g,4.216666666666667,4.1,3.5,3.75,0.11666666666666714,0.25,0.36666666666666714,0.22999999999999998,0.02999999999999936,-0.6900000000000004,-0.33000000000000007,0.20000000000000046,0.36,0.5600000000000004
cl_balanced,2013,g,4.216666666666667,4.1,3.5,3.75,0.1166666666666667,0.25,0.3666666666666667,0.22999999999999998,0.02999999999999936,-0.6900000000000004,-0.33000000000000007,0.2,0.36,0.56
all_raw,2013,s,4.694444444444445,3.3194444444444446,4.958333333333333,4.513888888888889,1.375,-0.44444444444444375,0.9305555555555562,0.8638888888888894,-0.7416666666666663,1.1027777777777774,0.49444444444444535,1.6055555555555558,-0.6083333333333325,0.9972222222222233
cl_raw,2013,s,4.7,3.4833333333333334,4.833333333333333,4.483333333333333,1.2166666666666668,-0.34999999999999964,0.8666666666666671,0.81,-0.71,0.9099999999999997,0.5499999999999998,1.52,-0.3599999999999996,1.1600000000000004
cl_balanced,2013,s,4.7,3.4833333333333334,4.833333333333333,4.483333333333333,1.2166666666666666,-0.3499999999999999,0.8666666666666667,0.81,-0.71,0.9099999999999997,0.5499999999999998,1.5199999999999998,-0.35999999999999993,1.1600000000000001
all_raw,2013,t,3.5277777777777777,3.8472222222222223,3.3055555555555554,3.4722222222222223,-0.31944444444444464,0.16666666666666696,-0.15277777777777768,-0.5361111111111114,-0.10833333333333339,-0.8805555555555555,-0.7555555555555555,-0.4277777777777777,0.12500000000000036,-0.3027777777777773
cl_raw,2013,t,3.6,3.95,3.35,3.4166666666666665,-0.3500000000000001,0.06666666666666643,-0.28333333333333366,-0.5100000000000002,-0.14999999999999947,-0.8699999999999997,-0.73,-0.3600000000000002,0.13999999999999968,-0.22000000000000056
cl_balanced,2013,t,3.6,3.95,3.35,3.4166666666666665,-0.3500000000000002,0.06666666666666661,-0.28333333333333355,-0.5100000000000002,-0.14999999999999947,-0.8699999999999997,-0.73,-0.36000000000000026,0.13999999999999993,-0.22000000000000028
all_raw,2014,c,4.736111111111111,4.277777777777778,4.25,4.222222222222222,0.45833333333333304,-0.02777777777777768,0.43055555555555536,0.5777777777777775,0.10277777777777786,-0.04166666666666696,-0.08888888888888857,0.4749999999999998,-0.047222222222222235,0.4277777777777776
cl_raw,2014,c,4.766666666666667,4.633333333333334,4.116666666666666,4,0.13333333333333286,-0.11666666666666625,0.016666666666666607,0.5933333333333337,0.44333333333333425,-0.17666666666666675,-0.3266666666666662,0.14999999999999955,-0.14999999999999955,0.0
cl_balanced,2014,c,4.766666666666667,4.633333333333333,4.116666666666666,4.0,0.1333333333333333,-0.11666666666666643,0.016666666666666875,0.5933333333333328,0.44333333333333336,-0.17666666666666675,-0.3266666666666662,0.14999999999999997,-0.1499999999999997,2.6020852139652106e-16
all_raw,2014,d,3.888888888888889,4.027777777777778,3.7916666666666665,4.402777777777778,-0.13888888888888884,0.6111111111111112,0.4722222222222223,-0.43888888888888866,-0.19722222222222197,-0.5916666666666672,0.12777777777777732,-0.24166666666666642,0.7194444444444443,0.47777777777777797
cl_raw,2014,d,4.05,3.9,3.95,4.416666666666667,0.1499999999999999,0.4666666666666668,0.6166666666666667,-0.2666666666666666,-0.436666666666667,-0.37666666666666604,0.17333333333333378,0.17,0.55,0.7200000000000001
cl_balanced,2014,d,4.05,3.9,3.95,4.416666666666667,0.15,0.4666666666666665,0.6166666666666665,-0.2666666666666666,-0.436666666666667,-0.37666666666666604,0.17333333333333378,0.16999999999999998,0.5499999999999998,0.7199999999999998
all_raw,2014,db,4.041666666666667,3.8472222222222223,4.847222222222222,3.8194444444444446,0.19444444444444464,-1.0277777777777777,-0.833333333333333,-0.25555555555555465,-0.41388888888888875,0.6749999999999998,-0.572222222222222,0.15833333333333374,-1.2472222222222222,-1.0888888888888886
cl_raw,2014,db,3.9833333333333334,4.033333333333333,4.816666666666666,3.9166666666666665,-0.04999999999999982,-0.8999999999999999,-0.9499999999999997,-0.3466666666666667,-0.2766666666666673,0.6633333333333331,-0.4266666666666672,-0.06999999999999966,-1.0899999999999999,-1.1599999999999997
cl_balanced,2014,db,3.9833333333333334,4.033333333333333,4.816666666666666,3.9166666666666665,-0.04999999999999982,-0.9000000000000001,-0.95,-0.3466666666666667,-0.2766666666666664,0.6633333333333331,-0.4266666666666672,-0.06999999999999978,-1.09,-1.16
all_raw,2014,g,4.111111111111111,4.166666666666667,3.6527777777777777,4.013888888888889,-0.055555555555556246,0.3611111111111116,0.30555555555555536,-0.1722222222222225,-0.030555555555555003,-0.7583333333333337,-0.3388888888888886,-0.14166666666666733,0.4194444444444449,0.27777777777777757
cl_raw,2014,g,4.033333333333333,4.233333333333333,3.8666666666666667,4.066666666666666,-0.20000000000000018,0.19999999999999973,-4.440892098500626e-16,-0.28666666666666707,-0.03666666666666618,-0.476666666666667,-0.24666666666666703,-0.2500000000000001,0.22999999999999962,-0.020000000000000462
cl_balanced,2014,g,4.033333333333333,4.233333333333333,3.8666666666666667,4.066666666666666,-0.20000000000000018,0.19999999999999982,-3.552713678800501e-16,-0.28666666666666707,-0.03666666666666618,-0.476666666666667,-0.24666666666666703,-0.2500000000000002,0.22999999999999982,-0.020000000000000413
all_raw,2014,s,4.861111111111111,4.402777777777778,5.319444444444445,4.638888888888889,0.45833333333333304,-0.6805555555555554,-0.22222222222222232,0.7277777777777779,0.2527777777777773,1.2416666666666671,0.4111111111111114,0.4749999999999998,-0.8305555555555555,-0.3555555555555556
cl_raw,2014,s,4.7,4.35,5.266666666666667,4.5,0.35000000000000053,-0.7666666666666666,-0.4166666666666661,0.5133333333333336,0.10333333333333261,1.2033333333333331,0.27333333333333343,0.41000000000000075,-0.9299999999999999,-0.5199999999999992
cl_balanced,2014,s,4.7,4.35,5.266666666666667,4.5,0.3499999999999999,-0.7666666666666666,-0.4166666666666667,0.5133333333333336,0.1033333333333335,1.2033333333333331,0.27333333333333343,0.4099999999999999,-0.9299999999999999,-0.52
all_raw,2014,t,3.888888888888889,4.430555555555555,3.8472222222222223,4.680555555555555,-0.5416666666666665,0.833333333333333,0.2916666666666665,-0.43888888888888866,0.28611111111111054,-0.5249999999999995,0.46111111111111036,-0.7249999999999996,0.9861111111111106,0.26111111111111096
cl_raw,2014,t,4.1,4.433333333333334,3.566666666666667,4.733333333333333,-0.3333333333333339,1.1666666666666665,0.8333333333333326,-0.206666666666667,0.20333333333333314,-0.8366666666666664,0.5533333333333337,-0.4100000000000006,1.3899999999999997,0.9799999999999992
cl_balanced,2014,t,4.1000000000000005,4.433333333333334,3.566666666666667,4.733333333333333,-0.3333333333333332,1.1666666666666667,0.8333333333333336,-0.2066666666666661,0.20333333333333403,-0.8366666666666664,0.5533333333333337,-0.40999999999999986,1.3900000000000001,0.9800000000000003
all_raw,2015,c,3.535211267605634,3.5416666666666665,3.2253521126760565,3.4027777777777777,-0.006455399061032541,0.1774256651017212,0.17097026604068866,-0.2343505477308292,0.29072769953051614,-0.18384194053208125,-0.5007433489827857,-0.5250782472613456,-0.3169014084507046,-0.8419796557120502
cl_raw,2015,c,3.467741935483871,3.365079365079365,2.903225806451613,3.4126984126984126,0.10266257040450588,0.5094726062467996,0.6121351766513055,-0.33635432667690734,0.1321044546850998,-0.4210957501280084,-0.4031746031746035,-0.46845878136200736,0.017921146953404687,-0.4505376344086027
cl_balanced,2015,c,3.476923076923077,3.3692307692307693,2.9256410256410255,3.4128205128205127,0.10769230769230775,0.4871794871794873,0.594871794871795,-0.318974358974359,0.13025641025641033,-0.40205128205128204,-0.3958974358974361,-0.4492307692307692,0.006153846153846232,-0.4430769230769229
all_raw,2015,d,3.3333333333333335,3.2816901408450705,3.0416666666666665,4.014084507042254,0.05164319248826299,0.9724178403755874,1.0240610328638504,-0.4766040688575899,-0.02124413145539883,-0.4042644757433491,0.2328247261345857,-0.45535993740219094,0.6370892018779349,0.181729264475744
cl_raw,2015,d,3.5396825396825395,3.193548387096774,2.9523809523809526,4.016129032258065,0.3461341525857655,1.0637480798771124,1.409882232462878,-0.2500256016385052,-0.07373271889400934,-0.3621095750128007,0.32094214029697943,-0.17629288274449573,0.68305171530978,0.5067588325652843
cl_balanced,2015,d,3.5333333333333337,3.192307692307692,2.9602564102564104,4.021794871794872,0.34102564102564126,1.0615384615384613,1.4025641025641025,-0.25128205128205083,-0.0820512820512822,-0.3605128205128203,0.33487179487179475,-0.16923076923076896,0.695384615384615,0.5261538461538461
all_raw,2015,db,4.028169014084507,3.0833333333333335,4.492957746478873,3.875,0.9448356807511735,-0.617957746478873,0.3268779342723005,0.35719874804381835,-0.25927230046948324,1.3372848200312988,0.06592331768388116,0.6164710485133017,-1.2713615023474176,-0.6548904538341159
cl_raw,2015,db,4.209677419354839,2.984126984126984,4.338709677419355,3.746031746031746,1.2255504352278548,-0.5926779313876089,0.6328725038402458,0.5539682539682542,-0.32503840245775706,1.301484895033282,-0.0031746031746031633,0.8790066564260114,-1.3046594982078856,-0.4256528417818741
cl_balanced,2015,db,4.2012820512820515,2.991025641025641,4.346153846153846,3.7423076923076923,1.2102564102564104,-0.6038461538461538,0.6064102564102565,0.5502564102564103,-0.3235897435897437,1.3025641025641024,-0.0005128205128204222,0.8738461538461539,-1.303076923076923,-0.4292307692307691
all_raw,2015,g,4.014084507042254,2.8333333333333335,2.816901408450704,3.375,1.1807511737089205,0.558098591549296,1.7388497652582164,0.3402973395931146,-0.5592723004694835,-0.673982785602504,-0.5340766823161189,0.899569640062598,0.1399061032863852,1.0394757433489832
cl_raw,2015,g,4.080645161290323,2.7936507936507935,2.8225806451612905,3.3333333333333335,1.2869943676395295,0.510752688172043,1.7977470558115725,0.3991295442908349,-0.5536098310291862,-0.5178699436763954,-0.4984126984126984,0.952739375320021,0.0194572452636968,0.9721966205837178
cl_balanced,2015,g,4.052564102564102,2.814102564102564,2.8230769230769233,3.3294871794871796,1.2384615384615385,0.5064102564102564,1.744871794871795,0.37179487179487136,-0.5358974358974362,-0.5251282051282047,-0.49589743589743573,0.9076923076923078,0.02923076923076917,0.936923076923077
all_raw,2015,s,4.222222222222222,3.8028169014084505,3.4583333333333335,3.788732394366197,0.4194053208137718,0.33039906103286354,0.7498043818466353,0.5900625978090765,0.6041079812206571,0.09573552425665133,-0.03759780907668242,-0.014045383411580403,-0.13333333333333375,-0.1473787167449141
cl_raw,2015,s,4.111111111111111,3.7419354838709675,3.1587301587301586,3.806451612903226,0.3691756272401432,0.6477214541730674,1.0168970814132106,0.4356886840757803,0.584331797235023,-0.11449052739375354,0.06932923707117267,-0.1486431131592425,0.18381976446492604,0.03517665130568348
cl_balanced,2015,s,4.121794871794871,3.7435897435897436,3.1794871794871793,3.7974358974358977,0.3782051282051279,0.6179487179487181,0.996153846153846,0.4548717948717944,0.5794871794871796,-0.09743589743589753,0.06564102564102603,-0.12461538461538496,0.16307692307692323,0.038461538461538214
all_raw,2015,t,3.25,3.2535211267605635,3.236111111111111,4.464788732394366,-0.0035211267605634866,1.2286776212832549,1.2251564945226914,-0.57660406885759,-0.055046948356807235,-0.17093114241001572,0.7736697965571202,-0.5215571205007827,0.9446009389671358,0.4230438184663531
cl_raw,2015,t,3.0793650793650795,3.4516129032258065,3.3492063492063493,4.17741935483871,-0.37224782386072697,0.8282130056323607,0.4559651817716337,-0.8024065540194569,0.23594470046082971,0.11408090117767555,0.5144905273937534,-1.0383512544802866,0.400409626216078,-0.6379416282642087
cl_balanced,2015,t,3.0705128205128207,3.453846153846154,3.3294871794871796,4.152564102564103,-0.3833333333333334,0.8230769230769232,0.4397435897435898,-0.8066666666666666,0.23179487179487213,0.08256410256410263,0.4917948717948719,-1.0384615384615385,0.4092307692307693,-0.6292307692307693
all_raw,2016,c,5.069444444444445,4.492957746478873,3.4166666666666665,3.535211267605634,0.5764866979655716,0.11854460093896746,0.6950312989045391,1.2970266040688578,0.7388888888888889,-0.6589593114241006,-0.6221830985915489,0.5581377151799691,0.0367762128325512,0.5949139280125203
cl_raw,2016,c,5.253968253968254,4.709677419354839,3.5396825396825395,3.5,0.544290834613415,-0.03968253968253954,0.5046082949308754,1.4146953405017921,0.8917562724014338,-0.511571940604199,-0.6895033282130054,0.5229390681003582,-0.17793138760880697,0.3450076804915512
cl_balanced,2016,c,5.235897435897436,4.75,3.5576923076923075,3.4935897435897436,0.4858974358974358,-0.06410256410256406,0.42179487179487163,1.4033333333333333,0.9233333333333333,-0.5074358974358972,-0.6874358974358978,0.47999999999999987,-0.17999999999999994,0.2999999999999999
all_raw,2016,d,3.1549295774647885,3.8333333333333335,3.380281690140845,4.625,-0.678403755868545,1.244718309859155,0.56631455399061,-1.0003912363067298,-0.05266040688575879,-0.7026212832550867,0.6855633802816898,-0.9477308294209708,1.3881846635367763,0.4404538341158054
cl_raw,2016,d,3.3870967741935485,3.873015873015873,3.4838709677419355,4.888888888888889,-0.48591909882232454,1.4050179211469538,0.9190988223246292,-0.8255504352278549,-0.11223758320532529,-0.5785458269329236,0.9771633384536615,-0.7133128520225293,1.555709165386585,0.8423963133640557
cl_balanced,2016,d,3.391025641025641,3.8692307692307693,3.5217948717948717,4.876923076923077,-0.4782051282051283,1.3551282051282052,0.8769230769230768,-0.8105128205128209,-0.13358974358974374,-0.5505128205128207,0.9725641025641032,-0.676923076923077,1.5230769230769232,0.846153846153846
all_raw,2016,db,4.291666666666667,3.704225352112676,4.513888888888889,3.704225352112676,0.587441314553991,-0.8096635367762133,-0.22222222222222232,0.3636932707355247,-0.20758998435054776,0.6577073552425667,-0.4193661971830984,0.5712832550860723,-1.0770735524256656,-0.5057902973395934
cl_raw,2016,db,4.365079365079365,3.8225806451612905,4.571428571428571,3.7903225806451615,0.5424987199180742,-0.7811059907834097,-0.2386072708653355,0.3480286738351248,-0.17275985663082416,0.7265232974910392,-0.3411162314388121,0.5207885304659492,-1.0676395289298513,-0.546850998463902
cl_balanced,2016,db,4.341025641025642,3.8576923076923078,4.585897435897436,3.81025641025641,0.4833333333333333,-0.7756410256410258,-0.29230769230769243,0.3294871794871801,-0.14743589743589736,0.7264102564102561,-0.30743589743589794,0.47692307692307684,-1.033846153846154,-0.5569230769230771
all_raw,2016,g,3.5,3.76056338028169,3.638888888888889,3.9577464788732395,-0.26056338028169,0.31885758998435065,0.05829420970266064,-0.5863067292644759,-0.13998435054773095,-0.392292644757434,-0.11514084507042233,-0.44632237871674485,0.27715179968701104,-0.16917057902973384
cl_raw,2016,g,3.4603174603174605,3.8225806451612905,3.5396825396825395,3.903225806451613,-0.36226318484383,0.36354326676907345,0.001280081925243426,-0.7376856118791597,-0.17275985663082416,-0.511571940604199,-0.20563236047107036,-0.5649257552483358,0.3059395801331286,-0.2589861751152072
cl_balanced,2016,g,3.4423076923076925,3.8,3.5397435897435896,3.9,-0.35769230769230764,0.3602564102564104,0.002564102564102733,-0.7489743589743592,-0.21666666666666679,-0.5289743589743594,-0.1997435897435902,-0.5323076923076923,0.32923076923076944,-0.20307692307692282
all_raw,2016,s,4.633802816901408,3.6805555555555554,4.915492957746479,4.791666666666667,0.9532472613458527,-0.12382629107981202,0.8294209702660407,0.7742566510172137,-0.23599374021909236,1.1396322378716746,0.8855633802816905,1.0102503912363063,-0.2540688575899842,0.7561815336463222
cl_raw,2016,s,4.580645161290323,3.5873015873015874,4.67741935483871,4.761904761904762,0.9933435739887355,0.0844854070660519,1.0778289810547874,0.6067076292882749,-0.45509472606246826,0.8537122375832058,0.8247823860727084,1.0618023553507427,-0.028929851510497248,1.0328725038402455
cl_balanced,2016,s,4.565384615384616,3.6115384615384616,4.680769230769231,4.7474358974358974,0.9538461538461542,0.06666666666666651,1.0205128205128207,0.5987179487179493,-0.44282051282051293,0.8402564102564107,0.8171794871794873,1.041538461538462,-0.023076923076923245,1.0184615384615388
all_raw,2016,t,3.2816901408450705,3.7916666666666665,3.9295774647887325,3.7083333333333335,-0.509976525821596,-0.221244131455399,-0.731220657276995,-0.8482785602503911,-0.10266040688575906,-0.04346635367762142,-0.41443661971830936,-0.7456181533646321,-0.37097026604068856,-1.1165884194053206
cl_raw,2016,t,3.403225806451613,3.984126984126984,3.9838709677419355,3.6031746031746033,-0.5809011776753712,-0.38069636456733225,-0.9615975422427034,-0.8061955965181768,0.021095750128008017,0.021454173067076532,-0.5656938044034816,-0.8272913466461852,-0.5871479774705582,-1.4144393241167434
cl_balanced,2016,t,3.423076923076923,3.994871794871795,3.9974358974358974,3.5705128205128207,-0.571794871794872,-0.426923076923077,-0.998717948717949,-0.7720512820512826,0.01717948717948703,0.02025641025641045,-0.5951282051282054,-0.7892307692307694,-0.6153846153846154,-1.4046153846153848
all_raw,2017,c,5.197183098591549,5.097222222222222,3.3380281690140845,4.208333333333333,0.09996087636932671,0.8703051643192485,0.9702660406885752,1.2853677621283253,1.50735524256651,-0.6694835680751177,0.08638497652582178,-0.221987480438185,0.7558685446009388,0.5338810641627537
cl_raw,2017,c,5.274193548387097,5.0476190476190474,3.2903225806451615,4.396825396825397,0.22657450076804952,1.1065028161802357,1.3330773169482852,1.4203277009728623,1.4083973374295953,-0.7023553507424474,0.36897081413210486,0.011930363543267125,1.0713261648745522,1.0832565284178193
cl_balanced,2017,c,5.315384615384615,5.05,3.3115384615384613,4.37051282051282,0.2653846153846155,1.058974358974359,1.3243589743589745,1.4748717948717944,1.413333333333333,-0.6728205128205129,0.3410256410256407,0.061538461538461625,1.0138461538461538,1.0753846153846156
all_raw,2017,d,3.4722222222222223,3.3380281690140845,3.736111111111111,4.985915492957746,0.13419405320813782,1.249804381846635,1.3839984350547727,-0.7845852895148671,-0.6036776212832553,-0.19178403755868523,1.0194835680751169,-0.18090766823161164,1.2112676056338023,1.0303599374021908
cl_raw,2017,d,3.4285714285714284,3.338709677419355,3.6666666666666665,5.096774193548387,0.0898617511520734,1.4301075268817205,1.519969278033794,-0.7944188428059396,-0.6422939068100355,-0.2507424475166413,1.2089093701996925,-0.1521249359959042,1.4596518177163338,1.3075268817204297
cl_balanced,2017,d,3.424358974358974,3.337179487179487,3.6525641025641025,5.11025641025641,0.08717948717948723,1.4576923076923074,1.5448717948717947,-0.7943589743589743,-0.6420512820512823,-0.26358974358974363,1.2287179487179483,-0.15230769230769228,1.492307692307692,1.3399999999999999
all_raw,2017,db,4.380281690140845,3.9722222222222223,4.23943661971831,4.125,0.4080594679186227,-0.11443661971830998,0.2936228482003127,0.30508607198748017,0.15735524256651034,0.4122065727699531,-0.013615023474178756,0.14773082942097016,-0.4258215962441315,-0.27809076682316136
cl_raw,2017,db,4.241935483870968,4,4.161290322580645,4.142857142857143,0.24193548387096797,-0.01843317972350178,0.2235023041474662,0.18161802355350787,0.1512544802867386,0.34280593958013306,0.0642089093702003,0.030363543266769266,-0.27859703020993287,-0.2482334869431636
cl_balanced,2017,db,4.211538461538462,4.0115384615384615,4.1410256410256405,4.158974358974359,0.2000000000000001,0.017948717948718062,0.21794871794871815,0.1502564102564108,0.16717948717948738,0.3225641025641024,0.08717948717948776,-0.016923076923076846,-0.23538461538461525,-0.2523076923076921
all_raw,2017,g,3.8732394366197185,3.625,3.464788732394366,3.5833333333333335,0.24823943661971848,0.11854460093896746,0.36678403755868594,-0.3033646322378716,-0.2593114241001566,-0.5173708920187794,-0.6636150234741778,-0.04405320813771485,-0.14624413145539855,-0.19029733959311346
cl_raw,2017,g,3.725806451612903,3.8412698412698414,3.532258064516129,3.2222222222222223,-0.11546338965693836,-0.3100358422939067,-0.42549923195084505,-0.43773681515617024,-0.039221710189452086,-0.41203277009728634,-1.040552995391705,-0.3985151049667183,-0.6285202252944188,-1.027035330261137
cl_balanced,2017,g,3.712820512820513,3.8384615384615386,3.5384615384615383,3.203846153846154,-0.12564102564102564,-0.33461538461538465,-0.4602564102564103,-0.44820512820512803,-0.040512820512820014,-0.40051282051282033,-1.0589743589743588,-0.40769230769230774,-0.6584615384615384,-1.0661538461538462
all_raw,2017,s,4.041666666666667,2.563380281690141,5.194444444444445,3.9295774647887325,1.478286384976526,-1.2648669796557122,0.21341940532081383,-0.10125195618153349,-1.5332550860719873,1.5582159624413148,-0.24812206572769968,1.432003129890454,-1.806338028169014,-0.3743348982785599
cl_raw,2017,s,3.984126984126984,2.661290322580645,5.158730158730159,3.6774193548387095,1.3228366615463392,-1.4813108038914495,-0.15847414234511037,-0.12775217613927303,-1.4551971326164876,1.53973374295955,-0.4943164362519208,1.3274449564772146,-2.0340501792114702,-0.7066052227342554
cl_balanced,2017,s,3.98974358974359,2.644871794871795,5.157692307692307,3.6666666666666665,1.3448717948717948,-1.4910256410256408,-0.14615384615384613,-0.11589743589743584,-1.4728205128205123,1.5425641025641021,-0.5035897435897438,1.3569230769230767,-2.046153846153846,-0.6892307692307693
all_raw,2017,t,3.7916666666666665,4.450704225352113,3.4027777777777777,3.9859154929577465,-0.6590375586854464,0.5831377151799688,-0.07589984350547763,-0.40125195618153375,0.7315336463223789,-0.5917840375586856,-0.18051643192488287,-1.1327856025039127,0.41126760563380305,-0.7215179968701098
cl_raw,2017,t,3.888888888888889,4.354838709677419,3.4444444444444446,4,-0.4659498207885302,0.5555555555555554,0.08960573476702516,-0.24203789042498736,0.5770609318996414,-0.5174091141833075,-0.10721966205837141,-0.8190988223246285,0.41018945212493574,-0.4089093701996928
cl_balanced,2017,t,3.864102564102564,4.351282051282051,3.4320512820512823,4.007692307692308,-0.4871794871794871,0.5756410256410256,0.08846153846153841,-0.26666666666666616,0.5748717948717945,-0.5282051282051277,-0.09435897435897456,-0.8415384615384616,0.43384615384615377,-0.40769230769230774
all_raw,2018,c,5.111111111111111,4.971830985915493,4.458333333333333,4.647887323943662,0.13928012519561772,0.18955399061032896,0.3288341158059467,0.8476525821596237,0.759976525821596,0.07781690140845043,0.18094679186228468,0.08767605633802793,0.10312989045383443,0.19080594679186236
cl_raw,2018,c,5.2063492063492065,5.096774193548387,4.396825396825397,4.354838709677419,0.1095750128008195,-0.04198668714797815,0.06758832565284134,0.8884280593958014,0.780389144905274,-0.05816692268305168,-0.13174603174603217,0.10803891449052747,-0.07357910906298057,0.0344598054275469
cl_balanced,2018,c,5.226923076923077,5.089743589743589,4.396153846153846,4.342307692307692,0.13717948717948722,-0.053846153846153835,0.0833333333333334,0.9025641025641029,0.7602564102564102,-0.07205128205128286,-0.1589743589743593,0.14230769230769244,-0.08692307692307683,0.055384615384615615
all_raw,2018,d,3.9859154929577465,4.375,3.732394366197183,5.402777777777778,-0.3890845070422535,1.6703834115805947,1.2812989045383412,-0.5025821596244131,0.04377934272300443,-0.7933098591549292,1.086815336463224,-0.5463615023474175,1.8801251956181533,1.3337636932707357
cl_raw,2018,d,4,4.492063492063492,3.6774193548387095,5.365079365079365,-0.4920634920634921,1.6876600102406552,1.195596518177163,-0.5591909882232464,0.054736303123400276,-0.9214541730670764,1.0805427547363031,-0.6139272913466465,2.0019969278033796,1.3880696364567329
cl_balanced,2018,d,4.007692307692308,4.516666666666667,3.694871794871795,5.375641025641025,-0.5089743589743589,1.6807692307692306,1.1717948717948716,-0.5605128205128205,0.07256410256410284,-0.9135897435897435,1.081025641025641,-0.633076923076923,1.9946153846153845,1.3615384615384616
all_raw,2018,db,4.097222222222222,3.9014084507042255,4.819444444444445,4.154929577464789,0.19581377151799684,-0.6645148669796557,-0.46870109546165883,-0.3690140845070422,-0.5245305164319247,0.511150234741784,-0.4106025039123624,0.15551643192488288,-0.9217527386541471,-0.7662363067292642
cl_raw,2018,db,4.031746031746032,4.129032258064516,4.888888888888889,4.080645161290323,-0.09728622631848438,-0.8082437275985663,-0.9055299539170507,-0.5210957501280085,-0.380901177675371,0.5323092677931394,-0.46077828981054747,-0.14019457245263717,-0.9930875576036864,-1.1332821300563236
cl_balanced,2018,db,4.035897435897436,4.134615384615385,4.903846153846154,4.069230769230769,-0.09871794871794873,-0.8346153846153848,-0.9333333333333335,-0.5266666666666664,-0.3858974358974354,0.5371794871794879,-0.48666666666666636,-0.1407692307692307,-1.0238461538461539,-1.1646153846153846
all_raw,2018,g,4.375,4.366197183098592,4.097222222222222,3.943661971830986,0.00880281690140805,-0.15356025039123633,-0.14475743348982828,-0.03568075117370917,0.03321596244131442,-0.35551643192488225,-0.6641236306729263,-0.06889671361502367,-0.30860719874804393,-0.3775039123630676
cl_raw,2018,g,4.412698412698413,4.532258064516129,4.063492063492063,4.193548387096774,-0.119559651817716,0.13005632360471076,0.01049667178699476,-0.06395289298515117,0.10296979006656404,-0.45816692268305204,-0.3252944188428062,-0.16692268305171512,0.13287250384024613,-0.034050179211469
cl_balanced,2018,g,4.382051282051282,4.556410256410256,4.076923076923077,4.2384615384615385,-0.17435897435897463,0.1615384615384614,-0.012820512820513219,-0.1112820512820516,0.12025641025640965,-0.4551282051282053,-0.28358974358974365,-0.23153846153846178,0.17153846153846147,-0.060000000000000324
all_raw,2018,s,5.52112676056338,3.6944444444444446,5.084507042253521,4.222222222222222,1.8266823161189354,-0.8622848200312987,0.9643974960876367,1.3396713615023472,-0.772887323943662,0.829225352112676,-0.3298513302034429,2.112558685446009,-1.1590766823161187,0.9534820031298904
cl_raw,2018,s,5.612903225806452,3.6825396825396823,5.306451612903226,4.317460317460317,1.9303635432667696,-0.9889912954429088,0.9413722478238609,1.3762928827444956,-0.9166922683051717,1.0333845366103436,-0.176600102406554,2.2929851510496677,-1.2099846390168973,1.0830005120327704
cl_balanced,2018,s,5.641025641025641,3.7,5.312820512820513,4.337179487179487,1.941025641025641,-0.9756410256410256,0.9653846153846153,1.3994871794871804,-0.9074358974358976,1.0279487179487177,-0.16512820512820525,2.306923076923077,-1.193076923076923,1.113846153846154
all_raw,2018,t,3.3380281690140845,4.722222222222222,4.169014084507042,4.611111111111111,-1.3841940532081378,0.4420970266040687,-0.9420970266040691,-1.2800469483568073,0.4604460093896714,-0.26936619718309895,0.13681533646322297,-1.7404929577464787,0.4061815336463221,-1.3343114241001566
cl_raw,2018,t,3.532258064516129,4.746031746031746,4.338709677419355,4.476190476190476,-1.213773681515617,0.1374807987711213,-1.0762928827444957,-1.1204813108038918,0.35949820788530484,-0.12790578597030233,0.013876088069636694,-1.4799795186891964,0.14178187403993875,-1.3381976446492576
cl_balanced,2018,t,3.555128205128205,4.73974358974359,4.352564102564102,4.485897435897436,-1.1846153846153848,0.1333333333333334,-1.0512820512820513,-1.103589743589744,0.3402564102564103,-0.1243589743589748,0.013333333333333641,-1.443846153846154,0.13769230769230784,-1.306153846153846
all_raw,2019,c,4.084507042253521,4.180555555555555,4.070422535211268,4.333333333333333,-0.09604851330203434,0.2629107981220651,0.16686228482003074,-0.2311815336463221,0.058881064162754626,-0.18513302034428758,0.1005477308294207,-0.2900625978090767,0.28568075117370817,-0.00438184663536853
cl_raw,2019,c,4.209677419354839,4.301587301587301,3.903225806451613,4.365079365079365,-0.09190988223246244,0.4618535586277517,0.36994367639528924,-0.091039426523297,0.1974910394265228,-0.2874039938556061,0.09831029185867823,-0.2885304659498201,0.38571428571428507,0.09718381976446488
cl_balanced,2019,c,4.214102564102564,4.315384615384615,3.882051282051282,4.351282051282051,-0.10128205128205119,0.46923076923076923,0.367948717948718,-0.08641025641025646,0.20487179487179485,-0.31512820512820516,0.07820512820512793,-0.2912820512820512,0.3933333333333333,0.102051282051282
all_raw,2019,d,3.8194444444444446,4.056338028169014,3.4305555555555554,4.183098591549296,-0.23689358372456937,0.7525430359937406,0.5156494522691712,-0.5492566510172141,-0.09017996870109535,-0.9529733959311422,-0.07973395931142413,-0.45907668231611876,0.8732394366197188,0.41416275430360006
cl_raw,2019,d,3.746031746031746,4.016129032258065,3.2857142857142856,4.161290322580645,-0.2700972862263189,0.8755760368663594,0.6054787506400405,-0.6474142345110083,-0.14505888376856113,-1.0284178187403992,-0.14623655913978517,-0.5023553507424479,0.8821812596006143,0.37982590885816647
cl_balanced,2019,d,3.767948717948718,4.017948717948718,3.287179487179487,4.1692307692307695,-0.25,0.8820512820512822,0.6320512820512822,-0.6217948717948723,-0.15205128205128204,-1.0289743589743594,-0.1402564102564101,-0.46974358974358976,0.888717948717949,0.41897435897435914
all_raw,2019,db,4.569444444444445,3.76056338028169,4.111111111111111,4.436619718309859,0.8088810641627546,0.3255086071987483,1.134389671361503,0.35074334898278536,-0.4451095461658845,-0.13630672926447573,0.22449139280125152,0.7958528951486701,0.36079812206572803,1.156651017214398
cl_raw,2019,db,4.523809523809524,3.8548387096774195,4.063492063492063,4.596774193548387,0.6689708141321042,0.5332821300563237,1.202252944188428,0.28591909882232436,-0.3386072708653356,-0.09508448540706649,0.37634408602150504,0.6245263696876598,0.47142857142857153,1.0959549411162315
cl_balanced,2019,db,4.51025641025641,3.8692307692307693,4.0807692307692305,4.610256410256411,0.6410256410256409,0.5294871794871796,1.1705128205128206,0.26897435897435873,-0.3305128205128205,-0.0766666666666671,0.3889743589743597,0.5994871794871792,0.4656410256410258,1.0651282051282052
all_raw,2019,g,5.126760563380282,4.152777777777778,4.366197183098592,3.6527777777777777,0.9739827856025043,-0.7134194053208143,0.26056338028169,1.0195226917057907,0.025547730829420523,0.16979655712050157,-0.7161189358372457,0.9939749608763696,-0.8859154929577471,0.10805946791862259
cl_raw,2019,g,5.193548387096774,4.063492063492063,4.419354838709677,3.6984126984126986,1.1300563236047108,-0.7209421402969785,0.4091141833077323,1.0896057347670247,-0.08822324628776279,0.3319508448540702,-0.7016897081413207,1.1778289810547877,-1.0336405529953911,0.14418842805939658
cl_balanced,2019,g,5.188461538461539,4.043589743589743,4.432051282051282,3.6846153846153844,1.1448717948717948,-0.7474358974358977,0.39743589743589725,1.082820512820513,-0.12128205128205138,0.3448717948717954,-0.7217948717948723,1.204102564102564,-1.0666666666666669,0.13743589743589713
all_raw,2019,s,4.52112676056338,4.652777777777778,5.633802816901408,4.708333333333333,-0.13165101721439765,-0.925469483568075,-1.0571205007824727,0.2927621283255082,0.6255477308294211,1.6909233176838807,0.5505477308294209,-0.3327856025039127,-1.1403755868544598,-1.4731611893583727
cl_raw,2019,s,4.532258064516129,4.666666666666667,5.629032258064516,4.603174603174603,-0.13440860215053796,-1.0258576548899132,-1.1602662570404512,0.29605734767025105,0.635586277521762,1.7835637480798772,0.3840245775729647,-0.3395289298515108,-1.399539170506913,-1.7390681003584236
cl_balanced,2019,s,4.53974358974359,4.675641025641026,5.628205128205129,4.62948717948718,-0.13589743589743578,-0.9987179487179487,-1.1346153846153846,0.3043589743589745,0.6371794871794876,1.7802564102564107,0.4120512820512827,-0.3328205128205127,-1.3682051282051282,-1.701025641025641
all_raw,2019,t,3.5416666666666665,3.9859154929577465,3.736111111111111,4.183098591549296,-0.44424882629108,0.4469874804381848,0.0027386541471048353,-0.8825899843505476,-0.1746870109546168,-0.5863067292644755,-0.07973395931142413,-0.7079029733959314,0.5065727699530519,-0.2013302034428796
cl_raw,2019,t,3.507936507936508,3.9193548387096775,3.5555555555555554,4.274193548387097,-0.4114183307731696,0.7186379928315416,0.30721966205837203,-0.9331285202252948,-0.2611879160266253,-0.7046082949308756,-0.010752688172043001,-0.6719406041986687,0.693855606758833,0.021915002560164265
cl_balanced,2019,t,3.496153846153846,3.946153846153846,3.5576923076923075,4.271794871794872,-0.44999999999999984,0.7141025641025641,0.26410256410256433,-0.9479487179487176,-0.2382051282051285,-0.7043589743589749,-0.017179487179487474,-0.7097435897435895,0.6871794871794872,-0.02256410256410235
all_raw,2020,c,3.9833333333333334,4.733333333333333,4.516666666666667,4.3,-0.75,-0.21666666666666679,-0.9666666666666668,-0.3366666666666669,0.9233333333333333,0.6633333333333331,0.043333333333333,-1.2599999999999998,-0.62,-1.88
cl_raw,2020,c,3.9833333333333334,4.733333333333333,4.516666666666667,4.3,-0.75,-0.21666666666666679,-0.9666666666666668,-0.3366666666666669,0.9233333333333333,0.6633333333333331,0.043333333333333,-1.2599999999999998,-0.62,-1.88
cl_balanced,2020,c,3.9833333333333334,4.733333333333333,4.516666666666667,4.3,-0.7499999999999999,-0.2166666666666667,-0.9666666666666666,-0.3366666666666669,0.9233333333333333,0.6633333333333331,0.043333333333333,-1.2599999999999998,-0.62,-1.88
all_raw,2020,d,3.75,3.4,3.3333333333333335,4.816666666666666,0.3500000000000001,1.483333333333333,1.833333333333333,-0.6166666666666663,-0.6766666666666672,-0.7566666666666664,0.6633333333333331,0.06000000000000022,1.4199999999999997,1.48
cl_raw,2020,d,3.75,3.4,3.3333333333333335,4.816666666666666,0.3500000000000001,1.483333333333333,1.833333333333333,-0.6166666666666663,-0.6766666666666672,-0.7566666666666664,0.6633333333333331,0.06000000000000022,1.4199999999999997,1.48
cl_balanced,2020,d,3.75,3.4,3.333333333333333,4.816666666666666,0.3499999999999999,1.4833333333333334,1.8333333333333333,-0.6166666666666663,-0.6766666666666672,-0.7566666666666668,0.6633333333333331,0.05999999999999994,1.4200000000000002,1.48
all_raw,2020,db,4.85,3.75,3.933333333333333,3.966666666666667,1.0999999999999996,0.03333333333333366,1.1333333333333333,0.7033333333333331,-0.2566666666666668,-0.03666666666666707,-0.35666666666666647,0.9599999999999997,-0.3199999999999995,0.6400000000000002
cl_raw,2020,db,4.85,3.75,3.933333333333333,3.966666666666667,1.0999999999999996,0.03333333333333366,1.1333333333333333,0.7033333333333331,-0.2566666666666668,-0.03666666666666707,-0.35666666666666647,0.9599999999999997,-0.3199999999999995,0.6400000000000002
cl_balanced,2020,db,4.85,3.75,3.933333333333333,3.966666666666667,1.0999999999999999,0.033333333333333305,1.133333333333333,0.7033333333333331,-0.2566666666666668,-0.03666666666666707,-0.35666666666666647,0.9599999999999999,-0.31999999999999995,0.6399999999999998
all_raw,2020,g,4.65,4.216666666666667,3.283333333333333,3.7333333333333334,0.43333333333333357,0.4500000000000002,0.8833333333333337,0.4633333333333338,0.30333333333333323,-0.8166666666666664,-0.6366666666666667,0.16000000000000042,0.18000000000000033,0.34000000000000075
cl_raw,2020,g,4.65,4.216666666666667,3.283333333333333,3.7333333333333334,0.43333333333333357,0.4500000000000002,0.8833333333333337,0.4633333333333338,0.30333333333333323,-0.8166666666666664,-0.6366666666666667,0.16000000000000042,0.18000000000000033,0.34000000000000075
cl_balanced,2020,g,4.65,4.216666666666667,3.283333333333333,3.7333333333333334,0.4333333333333334,0.45,0.8833333333333334,0.4633333333333338,0.30333333333333323,-0.8166666666666664,-0.6366666666666667,0.1600000000000001,0.18000000000000005,0.3400000000000002
all_raw,2020,s,4.316666666666666,3.4833333333333334,5.4,4.416666666666667,0.833333333333333,-0.9833333333333334,-0.15000000000000036,0.06333333333333346,-0.5766666666666671,1.7233333333333336,0.18333333333333357,0.6399999999999998,-1.54,-0.9000000000000001
cl_raw,2020,s,4.316666666666666,3.4833333333333334,5.4,4.416666666666667,0.833333333333333,-0.9833333333333334,-0.15000000000000036,0.06333333333333346,-0.5766666666666671,1.7233333333333336,0.18333333333333357,0.6399999999999998,-1.54,-0.9000000000000001
cl_balanced,2020,s,4.316666666666666,3.4833333333333334,5.4,4.416666666666666,0.8333333333333334,-0.9833333333333336,-0.1500000000000002,0.06333333333333346,-0.5766666666666671,1.7233333333333336,0.18333333333333268,0.6400000000000001,-1.5400000000000003,-0.9000000000000001
all_raw,2020,t,4.033333333333333,4.2,3.316666666666667,4.35,-0.16666666666666696,1.0333333333333328,0.8666666666666658,-0.2766666666666664,0.28333333333333366,-0.7766666666666668,0.10333333333333261,-0.5600000000000003,0.8799999999999994,0.3199999999999992
cl_raw,2020,t,4.033333333333333,4.2,3.316666666666667,4.35,-0.16666666666666696,1.0333333333333328,0.8666666666666658,-0.2766666666666664,0.28333333333333366,-0.7766666666666668,0.10333333333333261,-0.5600000000000003,0.8799999999999994,0.3199999999999992
cl_balanced,2020,t,4.033333333333333,4.2,3.316666666666667,4.35,-0.1666666666666668,1.0333333333333334,0.8666666666666666,-0.2766666666666664,0.28333333333333366,-0.7766666666666668,0.1033333333333335,-0.56,0.8800000000000001,0.31999999999999995
all_raw,2021,c,3.5277777777777777,4.267605633802817,3.9722222222222223,4.267605633802817,-0.7398278560250393,0.29538341158059467,-0.44444444444444464,-0.243231611893584,0.5365805946791862,0.16361502347417867,0.5758215962441313,-0.7798122065727702,0.41220657276995293,-0.36760563380281724
cl_raw,2021,c,3.5555555555555554,4.403225806451613,3.746031746031746,4.112903225806452,-0.8476702508960576,0.3668714797747059,-0.4807987711213517,-0.15350742447516685,0.7549411162314388,-0.02785458269329233,0.5136712749615979,-0.9084485407066056,0.54152585765489,-0.36692268305171555
cl_balanced,2021,c,3.5705128205128207,4.432051282051282,3.758974358974359,4.135897435897436,-0.8615384615384614,0.376923076923077,-0.4846153846153844,-0.14641025641025607,0.7805128205128207,-0.02717948717948726,0.5320512820512824,-0.9269230769230767,0.5592307692307692,-0.36769230769230754
all_raw,2021,d,2.8450704225352115,2.8194444444444446,2.6619718309859155,4.013888888888889,0.025625978090766832,1.3519170579029738,1.3775430359937406,-1.0624804381846635,-1.2012128325508602,-1.40868544600939,0.27136150234741807,0.1387323943661972,1.680046948356808,1.818779342723005
cl_raw,2021,d,2.8870967741935485,2.6666666666666665,2.725806451612903,3.873015873015873,0.22043010752688197,1.14720942140297,1.367639528929852,-0.9556579621095751,-1.3289298515104968,-1.2521249359959041,0.22580645161290303,0.3732718894009219,1.477931387608807,1.8512032770097289
cl_balanced,2021,d,2.8897435897435897,2.674358974358974,2.712820512820513,3.8987179487179486,0.21538461538461542,1.185897435897436,1.4012820512820512,-0.9633333333333334,-1.3287179487179492,-1.2825641025641024,0.24743589743589745,0.3653846153846153,1.5299999999999998,1.8953846153846152
all_raw,2021,db,4.140845070422535,3.6805555555555554,4.591549295774648,4.138888888888889,0.46028951486697967,-0.4526604068857587,0.007629107981220962,0.4924491392801249,-0.16787949921752787,0.9068075117370893,0.421361502347418,0.6603286384976526,-0.48544600938967114,0.17488262910798147
cl_raw,2021,db,3.8225806451612905,3.6666666666666665,4.370967741935484,4.126984126984127,0.15591397849462396,-0.24398361495135656,-0.0880696364567326,0.16692268305171565,-0.12892985151049663,0.722068612391193,0.5305683563748085,0.2958525345622123,-0.1915002560163849,0.10435227854582738
cl_balanced,2021,db,3.830769230769231,3.6705128205128204,4.407692307692308,4.112820512820512,0.16025641025641021,-0.2948717948717948,-0.13461538461538458,0.1658974358974361,-0.13333333333333375,0.7512820512820517,0.5043589743589738,0.2992307692307691,-0.24692307692307697,0.05230769230769222
all_raw,2021,g,4.138888888888889,3.5774647887323945,4.111111111111111,3.4507042253521125,0.5614241001564948,-0.6604068857589982,-0.0989827856025034,0.49010172143974984,-0.29158841940532065,0.33028169014084474,-0.4044600938967138,0.7816901408450707,-0.7347417840375585,0.04694835680751225
cl_raw,2021,g,4.126984126984127,3.5483870967741935,4.238095238095238,3.274193548387097,0.5785970302099339,-0.9639016897081412,-0.38530465949820725,0.53220686123912,-0.2708653353814645,0.5626216077828983,-0.49278033794162823,0.8030721966205843,-1.0554019457245265,-0.2523297491039422
cl_balanced,2021,g,4.126923076923077,3.553846153846154,4.248717948717949,3.2884615384615383,0.573076923076923,-0.9602564102564102,-0.38717948717948725,0.5212820512820517,-0.273333333333333,0.5605128205128205,-0.4848717948717951,0.7946153846153845,-1.0453846153846154,-0.25076923076923097
all_raw,2021,s,4.152777777777778,4.591549295774648,3.8333333333333335,3.591549295774648,-0.4387715179968703,-0.2417840375586855,-0.6805555555555558,0.506768388106416,0.9253129890453833,-0.003051643192488296,-0.2354460093896713,-0.4185446009389674,-0.2323943661971833,-0.6509389671361506
cl_raw,2021,s,4.063492063492063,4.661290322580645,3.857142857142857,3.4838709677419355,-0.5977982590885818,-0.3732718894009217,-0.9710701484895035,0.4560163850486427,1.0646185355862774,0.10547875064004097,-0.24116743471582192,-0.6086021505376346,-0.34664618535586306,-0.9552483358934977
cl_balanced,2021,s,4.075641025641025,4.6782051282051285,3.855128205128205,3.4846153846153847,-0.6025641025641024,-0.37051282051282036,-0.9730769230769227,0.45974358974358953,1.0758974358974362,0.08820512820512816,-0.24948717948717958,-0.616153846153846,-0.3376923076923076,-0.9538461538461536
all_raw,2021,t,3.5774647887323945,3.986111111111111,3.8450704225352115,3.263888888888889,-0.4086463223787167,-0.5811815336463226,-0.9898278560250393,-0.18360719874804365,0.19878716744913927,0.01103286384976565,-0.6286384976525823,-0.38239436619718303,-0.6396713615023478,-1.0220657276995309
cl_raw,2021,t,3.6451612903225805,3.6984126984126986,3.6774193548387095,3.238095238095238,-0.05325140809011808,-0.4393241167434714,-0.49257552483358946,-0.0459805427547364,-0.09083461341525823,-0.11018945212493625,-0.5360983102918588,0.04485407066052183,-0.4259088581669227,-0.38105478750640087
cl_balanced,2021,t,3.6615384615384614,3.6807692307692306,3.7064102564102566,3.2346153846153847,-0.019230769230769072,-0.47179487179487173,-0.4910256410256408,-0.03717948717948749,-0.1210256410256414,-0.09025641025641029,-0.5494871794871794,0.08384615384615396,-0.4592307692307692,-0.3753846153846152
all_raw,2022,c,3.8450704225352115,3.875,3.6338028169014085,3.9722222222222223,-0.029929577464788526,0.3384194053208138,0.3084898278560253,0.23693270735524274,0.3046165884194054,-0.0512910798122066,0.3502738654147106,-0.06768388106416241,0.40156494522691694,0.33388106416275454
cl_raw,2022,c,4.064516129032258,4.238095238095238,3.596774193548387,3.7777777777777777,-0.17357910906298013,0.18100358422939067,0.007424475166410538,0.4679979518689197,0.5982590885816692,-0.17414234511008697,0.12365591397849451,-0.1302611367127498,0.2977982590885815,0.16753712237583168
cl_balanced,2022,c,4.069230769230769,4.202564102564103,3.5974358974358975,3.7653846153846153,-0.1333333333333333,0.16794871794871788,0.03461538461538458,0.48769230769230765,0.5735897435897437,-0.15256410256410247,0.12307692307692308,-0.0858974358974359,0.27564102564102555,0.1897435897435896
all_raw,2022,d,2.816901408450704,2.9722222222222223,3.084507042253521,3.8333333333333335,-0.1553208137715183,0.7488262910798125,0.5935054773082942,-0.9968701095461663,-0.7787167449139281,-0.7104460093896714,0.18360719874804365,-0.21815336463223814,0.8940532081377153,0.6758998435054772
cl_raw,2022,d,2.774193548387097,3.126984126984127,3.0806451612903225,3.7301587301587302,-0.35279057859703,0.6495135688684077,0.2967229902713777,-1.0803891449052738,-0.7350742447516643,-0.7934971838197642,0.06651305683563757,-0.34531490015360966,0.860010240655402,0.5146953405017923
cl_balanced,2022,d,2.767948717948718,3.117948717948718,3.0589743589743588,3.732051282051282,-0.35,0.6730769230769231,0.3230769230769231,-1.0738461538461537,-0.7279487179487178,-0.798717948717949,0.08307692307692305,-0.34589743589743593,0.8817948717948718,0.5358974358974358
all_raw,2022,db,3.9722222222222223,2.971830985915493,3.5833333333333335,3.887323943661972,1.0003912363067293,0.3039906103286385,1.3043818466353678,0.38951486697965576,-0.7791862284820033,-0.11185446009389644,0.2483959311424102,1.168701095461659,0.36025039123630653,1.5289514866979657
cl_raw,2022,db,3.984126984126984,3.0161290322580645,3.6507936507936507,4,0.9679979518689197,0.3492063492063493,1.317204301075269,0.3715309779825908,-0.868100358422939,-0.10931899641577036,0.3903225806451611,1.23963133640553,0.4996415770609318,1.7392729134664617
cl_balanced,2022,db,3.973076923076923,3.0,3.6153846153846154,4.014102564102564,0.9730769230769231,0.39871794871794863,1.3717948717948718,0.3723076923076927,-0.8694871794871797,-0.13102564102564074,0.42153846153846164,1.2417948717948717,0.5525641025641024,1.7943589743589743
all_raw,2022,g,3.861111111111111,3.8028169014084505,4.222222222222222,4.014084507042254,0.05829420970266064,-0.20813771517996837,-0.14984350547730774,0.25618153364632246,0.21799687010954605,0.6548122065727702,0.4005086071987485,0.03818466353677659,-0.2543035993740217,-0.21611893583724512
cl_raw,2022,g,3.873015873015873,3.9193548387096775,4.333333333333333,3.838709677419355,-0.04633896569380447,-0.49462365591397806,-0.5409626216077825,0.23819764464925752,0.2157706093189966,0.7097286226318484,0.1967741935483871,0.022427035330260997,-0.512954429083461,-0.4905273937532
cl_balanced,2022,g,3.8666666666666667,3.876923076923077,4.346153846153846,3.792307692307692,-0.010256410256410308,-0.5538461538461538,-0.5641025641025641,0.2446153846153849,0.1828205128205127,0.7458974358974357,0.155384615384615,0.06179487179487169,-0.5905128205128205,-0.5287179487179487
all_raw,2022,s,4.112676056338028,4.541666666666667,4.549295774647887,3.375,-0.42899061032863894,-1.174295774647887,-1.603286384976526,0.5580594679186226,1.1046165884194057,1.047300469483568,-0.36639280125195617,-0.5465571205007829,-1.413693270735524,-1.960250391236307
cl_raw,2022,s,4.129032258064516,4.523809523809524,4.758064516129032,3.492063492063492,-0.3947772657450077,-1.26600102406554,-1.6607782898105476,0.5454173067076291,0.9411162314388122,1.2194060419866872,-0.219201228878648,-0.3956989247311829,-1.4386072708653352,-1.834306195596518
cl_balanced,2022,s,4.083333333333333,4.544871794871795,4.71025641025641,3.4846153846153847,-0.46153846153846145,-1.2256410256410255,-1.687179487179487,0.5046153846153842,0.9843589743589742,1.1828205128205131,-0.2138461538461538,-0.47974358974358966,-1.3966666666666665,-1.8764102564102563
all_raw,2022,t,3.2777777777777777,3.563380281690141,2.986111111111111,3,-0.2856025039123633,0.01388888888888884,-0.27171361502347446,-0.4438184663536777,-0.0693270735524254,-0.8285211267605632,-0.8163928012519563,-0.37449139280125215,0.012128325508606963,-0.36236306729264517
cl_raw,2022,t,3.2222222222222223,3.6129032258064515,3.0317460317460316,3.2096774193548385,-0.3906810035842292,0.1779313876088069,-0.2127496159754223,-0.5427547363031233,-0.15197132616487474,-0.8521761392729132,-0.5580645161290323,-0.3907834101382487,0.29411162314388095,-0.09667178699436771
cl_balanced,2022,t,3.216666666666667,3.605128205128205,3.019230769230769,3.1884615384615387,-0.3884615384615383,0.1692307692307693,-0.21923076923076898,-0.5353846153846153,-0.1433333333333331,-0.8464102564102562,-0.569230769230769,-0.3920512820512819,0.2771794871794872,-0.11487179487179466
all_raw,2023,c,3.7083333333333335,3.183098591549296,3.4583333333333335,3.647887323943662,0.5252347417840375,0.18955399061032852,0.714788732394366,0.10226917057902973,-0.26431924882629065,0.03458528951486706,0.10254303599374026,0.36658841940532066,0.06795774647887312,0.43454616588419376
cl_raw,2023,c,3.7142857142857144,3.193548387096774,3.238095238095238,3.6774193548387095,0.5207373271889404,0.4393241167434714,0.9600614439324118,0.11392729134664625,-0.20937019969278037,-0.15683563748079887,0.06948284690220152,0.3232974910394269,0.2263184843830004,0.5496159754224272
cl_balanced,2023,c,3.706410256410256,3.1794871794871793,3.2474358974358974,3.7,0.5269230769230769,0.4525641025641026,0.9794871794871796,0.112307692307692,-0.21846153846153848,-0.1369230769230767,0.10461538461538478,0.33076923076923065,0.24153846153846148,0.5723076923076922
all_raw,2023,d,2.4583333333333335,3,3.0555555555555554,3.915492957746479,-0.5416666666666665,0.8599374021909236,0.3182707355242571,-1.3977308294209703,-0.4840375586854462,-0.4487480438184668,0.42366979655712056,-0.9136932707355242,0.8724178403755872,-0.041275430359936915
cl_raw,2023,d,2.5555555555555554,2.8225806451612905,3.0793650793650795,3.967741935483871,-0.2670250896057351,0.8883768561187915,0.6213517665130563,-1.2765488991295446,-0.6545314900153607,-0.3473118279569891,0.4178699436763953,-0.6220174091141837,0.7651817716333845,0.14316436251920078
cl_balanced,2023,d,2.551282051282051,2.823076923076923,3.0756410256410254,3.9564102564102566,-0.2717948717948718,0.880769230769231,0.6089743589743591,-1.2738461538461543,-0.6461538461538465,-0.3430769230769233,0.41230769230769226,-0.6276923076923078,0.7553846153846155,0.12769230769230766
all_raw,2023,db,3.7183098591549295,3.5555555555555554,3.3380281690140845,3.5972222222222223,0.16275430359937415,0.2591940532081378,0.42194835680751197,0.11424100156494488,0.18262910798122034,-0.1097809076682319,0.041744913928012384,-0.06838810641627538,0.15152582159624428,0.08313771517996893
cl_raw,2023,db,3.564516129032258,3.4761904761904763,3.3870967741935485,3.6031746031746033,0.08832565284178173,0.21607782898105476,0.3044034818228365,-0.06579621095750143,0.12980030721966207,0.021966205837173458,-0.01961085509472582,-0.1955965181771635,-0.04157706093189956,-0.237173579109063
cl_balanced,2023,db,3.5602564102564105,3.453846153846154,3.401282051282051,3.5705128205128207,0.10641025641025652,0.16923076923076935,0.2756410256410259,-0.06307692307692303,0.11076923076923118,0.0476923076923077,-0.05076923076923068,-0.17384615384615382,-0.09846153846153843,-0.27230769230769225
all_raw,2023,g,3.436619718309859,3.875,3.267605633802817,3.8194444444444446,-0.438380281690141,0.5518388106416277,0.11345852895148667,-0.22378716744913962,0.5659624413145541,-0.1942879499217529,0.30841158059467944,-0.7897496087636935,0.5026995305164321,-0.2870500782472615
cl_raw,2023,g,3.467741935483871,3.746031746031746,3.225806451612903,4,-0.27828981054787505,0.774193548387097,0.4959037378392219,-0.18192524321556558,0.45360983102918606,-0.171582181259601,0.45657962109575,-0.6355350742447516,0.6281618023553511,-0.007373271889400512
cl_balanced,2023,g,3.4602564102564104,3.7628205128205128,3.197435897435897,4.014102564102564,-0.3025641025641024,0.8166666666666669,0.5141025641025645,-0.18307692307692314,0.4815384615384617,-0.1969230769230772,0.48153846153846125,-0.6646153846153845,0.6784615384615386,0.013846153846154063
all_raw,2023,s,4.388888888888889,3.0704225352112675,4.513888888888889,3.408450704225352,1.3184663536776218,-1.1054381846635373,0.2130281690140845,0.9189358372456966,-0.39953051643192516,1.301251956181534,-0.18478090766823163,1.3184663536776218,-1.4860328638497657,-0.16756651017214408
cl_raw,2023,s,4.333333333333333,3.096774193548387,4.492063492063492,3.532258064516129,1.236559139784946,-0.9598054275473631,0.27675371223758294,0.8567844342037887,-0.32549923195084496,1.3479262672811059,-0.10471070148489492,1.1822836661546337,-1.452636968766001,-0.27035330261136736
cl_balanced,2023,s,4.343589743589744,3.0884615384615386,4.469230769230769,3.5,1.2551282051282053,-0.9692307692307693,0.28589743589743594,0.8769230769230774,-0.3276923076923075,1.3292307692307697,-0.13538461538461544,1.2046153846153846,-1.4646153846153849,-0.2600000000000002
all_raw,2023,t,4.028169014084507,3.736111111111111,2.943661971830986,2.986111111111111,0.29205790297339584,0.04244913928012517,0.334507042253521,0.48607198748043823,0.39929577464788757,-0.58302034428795,-0.691588419405321,0.08677621283255066,-0.1085680751173709,-0.021791862284820218
cl_raw,2023,t,4.080645161290323,3.873015873015873,2.7903225806451615,2.9365079365079363,0.20762928827444993,0.1461853558627748,0.35381464413722474,0.5535586277521767,0.6059907834101383,-0.6941628264208908,-0.8196108550947261,-0.052432155657961665,-0.12544802867383548,-0.1778801843317972
cl_balanced,2023,t,4.055128205128205,3.8615384615384616,2.778205128205128,2.935897435897436,0.1935897435897437,0.15769230769230785,0.35128205128205153,0.5307692307692307,0.6000000000000001,-0.7000000000000002,-0.8123076923076922,-0.06923076923076923,-0.11230769230769222,-0.18153846153846148
all_raw,2024,c,3.1971830985915495,2.611111111111111,2.859154929577465,3,0.5860719874804383,0.14084507042253502,0.7269170579029733,-0.1234350547730827,-0.6371283255086073,-0.29882629107981185,-0.381455399061033,0.5136932707355243,-0.08262910798122097,0.4310641627543033
cl_raw,2024,c,3.0806451612903225,2.6825396825396823,2.967741935483871,3.0634920634920637,0.3981054787506402,0.09575012800819271,0.4938556067588329,-0.29580133128520236,-0.5437788018433181,-0.20087045570916517,-0.315975422427035,0.24797747055811598,-0.11510496671786977,0.13287250384024618
cl_balanced,2024,c,3.066666666666667,2.6884615384615387,2.946153846153846,3.0743589743589745,0.37820512820512825,0.12820512820512833,0.5064102564102566,-0.3061538461538458,-0.5343589743589741,-0.2251282051282053,-0.29692307692307685,0.22820512820512817,-0.0717948717948717,0.15641025641025652
all_raw,2024,d,2.563380281690141,2.6527777777777777,2.732394366197183,3.9444444444444446,-0.0893974960876367,1.2120500782472616,1.122652582159625,-0.8839984350547732,-0.5871283255086075,-0.4509389671361501,0.7518779342723008,-0.2968701095461658,1.2028169014084509,0.9059467918622852
cl_raw,2024,d,2.7096774193548385,2.7301587301587302,2.774193548387097,3.873015873015873,-0.020481310803891706,1.098822324628776,1.0783410138248843,-0.7409626216077831,-0.4866359447004607,-0.43312852022529436,0.6554531490015361,-0.2543266769073223,1.0885816692268302,0.834254992319508
cl_balanced,2024,d,2.7051282051282053,2.707692307692308,2.7807692307692307,3.8692307692307693,-0.0025641025641025108,1.0884615384615386,1.085897435897436,-0.7399999999999998,-0.5112820512820511,-0.42358974358974333,0.6569230769230767,-0.2287179487179487,1.0805128205128207,0.8517948717948718
all_raw,2024,db,3.6527777777777777,3.647887323943662,3.8055555555555554,3.2253521126760565,0.004890453834115682,-0.5802034428794989,-0.5753129890453832,0.4232785602503908,0.6070031298904537,0.8368544600938965,-0.1110328638497653,-0.1837245696400629,-0.9478873239436616,-1.1316118935837245
cl_raw,2024,db,3.7301587301587302,3.467741935483871,3.761904761904762,3.370967741935484,0.26241679467485923,-0.3909370199692779,-0.12852022529441864,0.4836149513568868,0.39846390168970824,0.7521249359959037,0.052995391705069395,0.08515104966717885,-0.6991295442908345,-0.6139784946236556
cl_balanced,2024,db,3.708974358974359,3.48974358974359,3.7628205128205128,3.362820512820513,0.21923076923076934,-0.4,-0.18076923076923065,0.46461538461538465,0.42717948717948717,0.7548717948717951,0.04923076923076897,0.03743589743589748,-0.7056410256410257,-0.6682051282051281
all_raw,2024,g,3.0694444444444446,3.3943661971830985,2.7222222222222223,2.6056338028169015,-0.32492175273865387,-0.11658841940532083,-0.4415101721439747,-0.2767214397496085,0.3027777777777776,-0.4631455399061033,-0.8546948356807511,-0.5794992175273863,-0.391549295774648,-0.9710485133020343
cl_raw,2024,g,2.9365079365079363,3.306451612903226,2.6666666666666665,2.564516129032258,-0.3699436763952897,-0.10215053763440851,-0.4720942140296982,-0.46876600102406574,0.20491551459293422,-0.5621607782898108,-0.914746543778802,-0.6736815156169998,-0.35258576548899123,-1.0262672811059912
cl_balanced,2024,g,2.941025641025641,3.3230769230769233,2.6628205128205127,2.5564102564102567,-0.38205128205128214,-0.1064102564102563,-0.4884615384615385,-0.45692307692307743,0.22717948717948744,-0.5651282051282052,-0.9184615384615382,-0.6841025641025642,-0.3533333333333333,-1.0374358974358975
all_raw,2024,s,3.859154929577465,3.2222222222222223,4.140845070422535,3.638888888888889,0.6369327073552427,-0.5019561815336462,0.13497652582159647,0.6709311424100157,0.09620500782472607,1.239201877934272,0.3852112676056336,0.5747261345852894,-0.8539906103286384,-0.27926447574334895
cl_raw,2024,s,3.870967741935484,3.111111111111111,4.338709677419355,3.492063492063492,0.7598566308243728,-0.8466461853558629,-0.08678955453149007,0.6525857654889915,-0.029493087557603825,1.4442908346134153,0.19831029185867877,0.6820788530465951,-1.2459805427547366,-0.5639016897081414
cl_balanced,2024,s,3.8525641025641026,3.092307692307692,4.348717948717948,3.4884615384615385,0.7602564102564103,-0.8602564102564102,-0.09999999999999991,0.6369230769230771,-0.04974358974359028,1.4579487179487178,0.19999999999999973,0.6866666666666666,-1.2579487179487179,-0.5712820512820512
all_raw,2024,t,3.4583333333333335,3.323943661971831,2.388888888888889,3.492957746478873,0.13438967136150248,1.1040688575899842,1.2384585289514867,0.18994522691705784,0.21827073552425658,-0.8631455399061032,0.21009389671361456,-0.028325508607198735,1.073239436619718,1.0449139280125193
cl_raw,2024,t,3.634920634920635,3.5161290322580645,2.3015873015873014,3.596774193548387,0.11879160266257038,1.2951868919610856,1.413978494623656,0.3693292370711725,0.45652841781874054,-1.0002560163850487,0.32396313364055285,-0.08719918074756777,1.3242191500256018,1.237019969278034
cl_balanced,2024,t,3.6564102564102563,3.5012820512820513,2.301282051282051,3.5794871794871796,0.1551282051282053,1.278205128205128,1.4333333333333333,0.4015384615384612,0.4410256410256408,-0.9989743589743592,0.3092307692307692,-0.039487179487179364,1.3082051282051281,1.2687179487179487
all_raw,2025,c,3.4722222222222223,2.6901408450704225,3.2916666666666665,3.6619718309859155,0.7820813771517998,0.370305164319249,1.1523865414710488,0.20802034428795002,-0.5199139280125196,0.148200312989045,0.38337245696400624,0.7279342723004697,0.23517214397496106,0.9631064162754307
cl_raw,2025,c,3.3174603174603177,2.5483870967741935,3.2063492063492065,3.5483870967741935,0.7690732206861242,0.342037890424987,1.1111111111111112,0.02457757296466978,-0.7587301587301587,0.02908346134152584,0.29989759344598044,0.7833077316948287,0.2708141321044545,1.054121863799283
cl_balanced,2025,c,3.341025641025641,2.5435897435897434,3.1974358974358976,3.55,0.7974358974358974,0.35256410256410237,1.1499999999999997,0.0379487179487179,-0.75,0.034615384615384936,0.28871794871794876,0.7879487179487179,0.25410256410256393,1.0420512820512817
all_raw,2025,d,2.9444444444444446,2.6901408450704225,2.9722222222222223,3.507042253521127,0.25430359937402214,0.5348200312989047,0.7891236306729268,-0.4253129890453833,-0.5199139280125196,-0.23513302034428785,0.19745696400626,0.09460093896713645,0.43258998435054785,0.5271909233176844
cl_raw,2025,d,2.9523809523809526,2.7580645161290325,3.015873015873016,3.467741935483871,0.19431643625192008,0.4518689196108552,0.6461853558627753,-0.4135176651305681,-0.5071172555043519,-0.1994879672299028,0.20312339989759343,0.09359959037378376,0.40261136712749634,0.4962109575012801
cl_balanced,2025,d,2.9564102564102566,2.7615384615384615,3.01025641025641,3.473076923076923,0.1948717948717949,0.46282051282051284,0.6576923076923077,-0.42358974358974333,-0.4884615384615385,-0.18999999999999995,0.19641025641025678,0.06487179487179495,0.3864102564102565,0.4512820512820514
all_raw,2025,db,3.732394366197183,3.4027777777777777,3.5211267605633805,2.861111111111111,0.32961658841940533,-0.6600156494522693,-0.330399061032864,0.520226917057903,0.33525039123630673,0.42355242566510176,-0.5776604068857591,0.1849765258215963,-1.001212832550861,-0.8162363067292646
cl_raw,2025,db,3.774193548387097,3.5396825396825395,3.467741935483871,2.888888888888889,0.23451100870455743,-0.5788530465949822,-0.3443420378904247,0.5726574500768051,0.43082437275985663,0.3427547363031236,-0.49150025601638525,0.14183307731694858,-0.8342549923195085,-0.6924219150025599
cl_balanced,2025,db,3.776923076923077,3.5256410256410255,3.456410256410256,2.905128205128205,0.2512820512820512,-0.5512820512820512,-0.29999999999999993,0.5610256410256409,0.42846153846153845,0.34538461538461496,-0.4851282051282051,0.13256410256410253,-0.8305128205128204,-0.6979487179487178
all_raw,2025,g,3.267605633802817,3.2083333333333335,2.816901408450704,3.625,0.05927230046948351,0.808098591549296,0.8673708920187795,-0.037519561815336555,0.10191705790297334,-0.4215179968701097,0.3390062597809078,-0.1394366197183099,0.7605242566510174,0.6210876369327075
cl_raw,2025,g,3.4516129032258065,3.2857142857142856,2.9193548387096775,3.5396825396825395,0.1658986175115209,0.620327700972862,0.786226318484383,0.18556067588325664,0.12606246799795162,-0.3153097798259088,0.2894521249359956,0.05949820788530476,0.6047619047619046,0.6642601126472093
cl_balanced,2025,g,3.4692307692307693,3.253846153846154,2.8987179487179486,3.5525641025641024,0.21538461538461534,0.6538461538461537,0.869230769230769,0.1917948717948721,0.10230769230769221,-0.3238461538461541,0.29179487179487174,0.08948717948717949,0.6156410256410255,0.7051282051282051
all_raw,2025,s,3.263888888888889,2.9295774647887325,4.097222222222222,3.788732394366197,0.33431142410015635,-0.3084898278560253,0.02582159624413105,-0.04197965571204998,-0.23258998435054767,1.1148669796557122,0.5354851330203441,0.19061032863849753,-0.5793818466353681,-0.3887715179968706
cl_raw,2025,s,3.253968253968254,2.9838709677419355,4.031746031746032,3.806451612903226,0.27009728622631846,-0.22529441884280565,0.0448028673835128,-0.05161290322580658,-0.23614951356886849,1.0195596518177164,0.6095750128008195,0.18453661034306182,-0.4099846390168967,-0.22544802867383484
cl_balanced,2025,s,3.2628205128205128,2.9743589743589745,4.007692307692308,3.8333333333333335,0.2884615384615385,-0.17435897435897435,0.11410256410256414,-0.05589743589743579,-0.23307692307692296,1.0069230769230768,0.6287179487179491,0.17717948717948726,-0.37820512820512814,-0.20102564102564086
all_raw,2025,t,3.112676056338028,3.8194444444444446,2.3098591549295775,2.611111111111111,-0.7067683881064166,0.30125195618153366,-0.40551643192488296,-0.22343505477308323,0.8352503912363067,-1.0299687010954615,-0.877660406885759,-1.05868544600939,0.15230829420970265,-0.9063771517996874
cl_raw,2025,t,3.032258064516129,3.9682539682539684,2.4516129032258065,2.5396825396825395,-0.9359959037378394,0.08806963645673305,-0.8479262672811063,-0.31766513056835644,0.9451100870455709,-0.8766001024065542,-0.9105478750640041,-1.2627752176139275,-0.033947772657450234,-1.2967229902713777
cl_balanced,2025,t,3.05,3.9525641025641027,2.4410256410256412,2.542307692307692,-0.9025641025641027,0.10128205128205123,-0.8012820512820514,-0.31128205128205133,0.9407692307692308,-0.8730769230769226,-0.9205128205128208,-1.2520512820512821,-0.04743589743589746,-1.2994871794871796
