year,team,league,cutoff,outcome,G,W,L,T,early_RF,early_RA,reg_RF,reg_RA,extra_RF,extra_RA,reg_off_innings,reg_def_innings,extra_off_innings,extra_def_innings,reg_zero,reg_one,reg_two,reg_three_plus,all_late_positive
2013,b,P,6,W,66,66,0,0,267,98,82,32,6,0,168,198,2,2,29,13,14,10,38
2013,b,P,6,L,73,0,73,0,99,258,38,115,1,6,219,190,11,11,47,19,5,2,27
2013,b,P,6,T,5,0,0,5,11,14,7,4,2,2,15,15,15,15,3,0,1,1,2
2013,b,P,7,W,66,66,0,0,301,108,48,22,6,0,102,132,2,2,45,7,7,7,23
2013,b,P,7,L,73,0,73,0,113,305,24,68,1,6,146,117,11,11,52,18,3,0,22
2013,b,P,7,T,5,0,0,5,14,18,4,0,2,2,10,10,15,15,3,0,2,0,2
2013,c,C,6,W,69,69,0,0,277,106,106,46,6,0,179,207,7,7,22,18,14,15,47
2013,c,C,6,L,72,0,72,0,112,256,46,128,2,10,216,185,12,12,39,22,9,2,34
2013,c,C,6,T,3,0,0,3,1,5,7,3,0,0,9,9,9,9,1,0,1,1,2
2013,c,C,7,W,69,69,0,0,323,117,60,35,6,0,110,138,7,7,38,14,13,4,32
2013,c,C,7,L,72,0,72,0,125,303,33,81,2,10,144,113,12,12,47,19,4,2,26
2013,c,C,7,T,3,0,0,3,6,5,2,3,0,0,6,6,9,9,2,0,1,0,1
2013,d,C,6,W,64,64,0,0,250,132,103,52,9,0,167,192,10,10,20,19,9,16,44
2013,d,C,6,L,77,0,77,0,108,274,44,116,2,15,231,202,16,16,43,24,10,0,35
2013,d,C,6,T,3,0,0,3,7,9,3,1,0,0,9,9,9,9,1,1,1,0,2
2013,d,C,7,W,64,64,0,0,295,149,58,35,9,0,103,128,10,10,36,12,8,8,29
2013,d,C,7,L,77,0,77,0,124,323,28,67,2,15,154,125,16,16,54,18,5,0,24
2013,d,C,7,T,3,0,0,3,8,10,2,0,0,0,6,6,9,9,2,0,1,0,1
2013,db,C,6,W,64,64,0,0,253,121,139,50,9,0,171,192,8,8,16,15,10,23,51
2013,db,C,6,L,79,0,79,0,157,362,65,142,0,4,237,205,6,6,46,12,12,9,33
2013,db,C,6,T,1,0,0,1,4,5,3,2,0,0,3,3,3,3,0,0,0,1,1
2013,db,C,7,W,64,64,0,0,321,137,71,34,9,0,107,128,8,8,30,15,10,9,38
2013,db,C,7,L,79,0,79,0,177,412,45,92,0,4,158,126,6,6,51,15,10,3,28
2013,db,C,7,T,1,0,0,1,6,5,1,2,0,0,2,2,3,3,0,1,0,0,1
2013,e,P,6,W,82,82,0,0,331,112,146,51,2,0,208,246,3,3,28,18,18,18,56
2013,e,P,6,L,59,0,59,0,101,239,45,128,1,5,177,154,7,7,31,18,7,3,29
2013,e,P,6,T,2,0,0,2,0,0,0,0,0,0,6,6,6,6,2,0,0,0,0
2013,e,P,7,W,82,82,0,0,381,130,96,33,2,0,126,164,3,3,40,20,10,12,44
2013,e,P,7,L,59,0,59,0,117,279,29,88,1,5,118,95,7,7,37,16,5,1,23
2013,e,P,7,T,2,0,0,2,0,0,0,0,0,0,4,4,6,6,2,0,0,0,0
2013,f,P,6,W,64,64,0,0,272,108,95,54,6,0,159,192,6,6,27,8,14,15,38
2013,f,P,6,L,78,0,78,0,120,318,34,110,1,8,234,198,8,8,58,10,7,3,21
2013,f,P,6,T,2,0,0,2,4,5,2,1,0,0,6,6,6,6,1,0,1,0,1
2013,f,P,7,W,64,64,0,0,299,125,68,37,6,0,95,128,6,6,38,6,5,15,28
2013,f,P,7,L,78,0,78,0,134,356,20,72,1,8,156,120,8,8,64,8,6,0,15
2013,f,P,7,T,2,0,0,2,4,5,2,1,0,0,4,4,6,6,1,0,1,0,1
2013,g,C,6,W,84,84,0,0,312,139,125,47,10,1,215,252,10,10,39,14,10,21,48
2013,g,C,6,L,53,0,53,0,70,209,57,87,0,2,159,129,5,5,26,11,7,9,27
2013,g,C,6,T,7,0,0,7,15,14,8,9,0,0,21,21,21,21,3,1,2,1,4
2013,g,C,7,W,84,84,0,0,362,154,75,32,10,1,131,168,10,10,55,10,7,12,34
2013,g,C,7,L,53,0,53,0,96,256,31,40,0,2,106,76,5,5,35,9,6,3,18
2013,g,C,7,T,7,0,0,7,19,22,4,1,0,0,14,14,21,21,4,2,1,0,3
2013,h,P,6,W,73,73,0,0,348,146,126,33,10,2,188,219,14,14,27,15,12,19,49
2013,h,P,6,L,69,0,69,0,113,262,52,102,0,6,207,176,4,4,38,13,16,2,31
2013,h,P,6,T,2,0,0,2,9,7,2,4,0,0,6,6,6,6,0,2,0,0,2
2013,h,P,7,W,73,73,0,0,400,155,74,24,10,2,115,146,14,14,39,15,9,10,37
2013,h,P,7,L,69,0,69,0,127,290,38,74,0,6,138,107,4,4,44,13,11,1,25
2013,h,P,7,T,2,0,0,2,10,8,1,3,0,0,4,4,6,6,1,1,0,0,1
2013,l,P,6,W,74,74,0,0,286,97,108,53,6,0,189,222,10,10,30,16,7,21,48
2013,l,P,6,L,66,0,66,0,121,277,33,108,0,11,198,168,14,14,48,9,6,3,18
2013,l,P,6,T,3,0,0,3,8,6,4,6,2,2,9,9,9,9,1,0,2,0,2
2013,l,P,7,W,74,74,0,0,307,119,87,31,6,0,115,148,10,10,37,14,7,16,42
2013,l,P,7,L,66,0,66,0,130,327,24,58,0,11,132,102,14,14,51,9,5,1,15
2013,l,P,7,T,3,0,0,3,11,9,1,3,2,2,6,6,9,9,2,1,0,0,2
2013,m,P,6,W,74,74,0,0,289,115,103,47,6,1,189,222,11,11,24,21,16,13,52
2013,m,P,6,L,68,0,68,0,109,308,56,99,0,5,204,173,7,7,39,15,8,6,29
2013,m,P,6,T,2,0,0,2,7,7,2,2,0,0,6,6,6,6,1,0,1,0,1
2013,m,P,7,W,74,74,0,0,337,133,55,29,6,1,115,148,11,11,40,18,13,3,36
2013,m,P,7,L,68,0,68,0,125,344,40,63,0,5,136,105,7,7,49,9,5,5,19
2013,m,P,7,T,2,0,0,2,7,7,2,2,0,0,4,4,6,6,1,0,1,0,1
2013,s,C,6,W,57,57,0,0,225,91,101,59,5,1,142,171,6,6,18,14,9,16,40
2013,s,C,6,L,83,0,83,0,174,373,57,130,0,13,249,213,12,12,49,18,11,5,34
2013,s,C,6,T,4,0,0,4,11,7,4,8,0,0,12,12,12,12,1,2,1,0,3
2013,s,C,7,W,57,57,0,0,268,113,58,37,5,1,85,114,6,6,32,9,7,9,28
2013,s,C,7,L,83,0,83,0,192,441,39,62,0,13,166,130,12,12,55,18,9,1,28
2013,s,C,7,T,4,0,0,4,12,9,3,6,0,0,8,8,12,12,2,1,1,0,2
2013,t,C,6,W,73,73,0,0,267,102,119,38,12,2,191,219,18,18,25,17,15,16,52
2013,t,C,6,L,67,0,67,0,83,241,35,88,0,2,201,173,3,3,49,9,5,4,18
2013,t,C,6,T,4,0,0,4,14,12,1,3,0,0,12,12,12,12,3,1,0,0,1
2013,t,C,7,W,73,73,0,0,317,114,69,26,12,2,118,146,18,18,38,19,8,8,40
2013,t,C,7,L,67,0,67,0,94,275,24,54,0,2,134,106,3,3,53,8,4,2,14
2013,t,C,7,T,4,0,0,4,14,13,1,2,0,0,8,8,12,12,3,1,0,0,1
2014,b,P,6,W,80,80,0,0,328,110,114,45,9,2,195,240,10,10,32,20,8,20,50
2014,b,P,6,L,62,0,62,0,99,210,29,89,1,8,186,161,13,13,40,17,3,2,22
2014,b,P,6,T,2,0,0,2,3,4,1,0,0,0,6,6,6,6,1,1,0,0,1
2014,b,P,7,W,80,80,0,0,368,124,74,31,9,2,115,160,10,10,44,18,6,12,40
2014,b,P,7,L,62,0,62,0,111,255,17,44,1,8,124,99,13,13,48,12,1,1,14
2014,b,P,7,T,2,0,0,2,3,4,1,0,0,0,4,4,6,6,1,1,0,0,1
2014,c,C,6,W,73,73,0,0,313,134,118,42,22,4,185,219,20,20,28,15,13,17,52
2014,c,C,6,L,68,0,68,0,114,294,67,120,0,5,204,167,4,4,33,20,6,9,35
2014,c,C,6,T,2,0,0,2,2,4,3,1,2,2,6,6,6,6,1,0,0,1,1
2014,c,C,7,W,73,73,0,0,360,143,71,33,22,4,112,146,20,20,42,12,10,9,40
2014,c,C,7,L,68,0,68,0,125,343,56,71,0,5,136,99,4,4,38,17,6,7,30
2014,c,C,7,T,2,0,0,2,4,4,1,1,2,2,4,4,6,6,1,1,0,0,1
2014,d,C,6,W,66,66,0,0,260,111,106,38,12,0,166,198,10,10,23,18,10,15,47
2014,d,C,6,L,73,0,73,0,110,286,63,129,3,14,219,186,15,15,33,23,12,5,40
2014,d,C,6,T,4,0,0,4,7,10,4,1,1,1,12,12,12,12,1,2,1,0,4
2014,d,C,7,W,66,66,0,0,305,128,61,21,12,0,100,132,10,10,37,12,10,7,34
2014,d,C,7,L,73,0,73,0,141,339,32,76,3,14,146,113,15,15,48,19,5,1,25
2014,d,C,7,T,4,0,0,4,9,11,2,0,1,1,8,8,12,12,2,2,0,0,3
2014,db,C,6,W,67,67,0,0,262,104,113,69,10,2,176,201,14,14,24,14,12,17,47
2014,db,C,6,L,75,0,75,0,134,304,40,129,0,7,225,194,9,9,49,18,5,3,26
2014,db,C,6,T,2,0,0,2,6,3,1,4,2,2,6,6,6,6,1,1,0,0,1
2014,db,C,7,W,67,67,0,0,300,117,75,56,10,2,109,134,14,14,34,13,7,13,37
2014,db,C,7,L,75,0,75,0,144,340,30,93,0,7,150,119,9,9,58,9,5,3,17
2014,db,C,7,T,2,0,0,2,6,5,1,2,2,2,4,4,6,6,1,1,0,0,1
2014,e,P,6,W,64,64,0,0,264,113,117,50,2,0,170,192,6,6,22,17,5,20,42
2014,e,P,6,L,80,0,80,0,117,306,48,129,1,6,240,207,5,5,51,17,6,6,30
2014,e,P,6,T,0,0,0,0,0,0,0,0,0,0,0,0,0,0,0,0,0,0,0
2014,e,P,7,W,64,64,0,0,310,134,71,29,2,0,106,128,6,6,30,17,6,11,34
2014,e,P,7,L,80,0,80,0,132,361,33,74,1,6,160,127,5,5,59,13,5,3,22
2014,e,P,7,T,0,0,0,0,0,0,0,0,0,0,0,0,0,0,0,0,0,0,0
2014,f,P,6,W,73,73,0,0,299,129,119,51,8,1,181,219,12,12,23,18,12,20,52
2014,f,P,6,L,67,0,67,0,108,242,40,112,0,11,201,172,9,9,40,18,6,3,27
2014,f,P,6,T,3,0,0,3,9,11,5,3,1,1,9,9,9,9,1,0,1,1,2
2014,f,P,7,W,73,73,0,0,368,151,50,29,8,1,108,146,12,12,46,16,4,7,30
2014,f,P,7,L,67,0,67,0,124,274,24,80,0,11,134,105,9,9,51,10,4,2,16
2014,f,P,7,T,3,0,0,3,9,11,5,3,1,1,6,6,9,9,1,0,1,1,2
2014,g,C,6,W,82,82,0,0,286,120,147,60,17,0,210,246,22,22,33,13,7,29,55
2014,g,C,6,L,61,0,61,0,93,236,48,116,3,18,183,155,17,17,33,16,7,5,30
2014,g,C,6,T,1,0,0,1,2,2,0,0,0,0,3,3,3,3,1,0,0,0,0
2014,g,C,7,W,82,82,0,0,344,143,89,37,17,0,128,164,22,22,43,15,10,14,46
2014,g,C,7,L,61,0,61,0,106,278,35,74,3,18,122,94,17,17,40,11,8,2,23
2014,g,C,7,T,1,0,0,1,2,2,0,0,0,0,2,2,3,3,1,0,0,0,0
2014,h,P,6,W,78,78,0,0,306,125,110,38,11,0,196,234,9,9,37,14,9,18,45
2014,h,P,6,L,60,0,60,0,112,250,53,88,0,6,180,150,13,13,30,15,10,5,30
2014,h,P,6,T,6,0,0,6,12,8,3,7,0,0,18,18,18,18,3,3,0,0,3
2014,h,P,7,W,78,78,0,0,342,140,74,23,11,0,118,156,9,9,45,12,11,10,37
2014,h,P,7,L,60,0,60,0,132,288,33,50,0,6,120,90,13,13,37,16,5,2,23
2014,h,P,7,T,6,0,0,6,15,11,0,4,0,0,12,12,18,18,6,0,0,0,0
2014,l,P,6,W,63,63,0,0,252,109,129,50,4,1,162,186,7,7,21,12,7,23,44
2014,l,P,6,L,77,0,77,0,127,296,47,120,2,11,231,197,13,13,42,26,7,2,35
2014,l,P,6,T,4,0,0,4,10,10,2,2,1,1,12,12,12,12,2,2,0,0,2
2014,l,P,7,W,62,62,0,0,291,126,83,33,4,1,99,124,7,7,30,10,8,14,35
2014,l,P,7,L,77,0,77,0,143,347,31,69,2,11,154,120,13,13,53,19,4,1,24
2014,l,P,7,T,4,0,0,4,11,10,1,2,1,1,8,8,12,12,3,1,0,0,1
2014,m,P,6,W,66,66,0,0,241,107,117,53,7,0,169,198,8,8,19,14,16,17,50
2014,m,P,6,L,76,0,76,0,127,342,58,128,1,7,225,185,12,12,45,15,9,7,32
2014,m,P,6,T,2,0,0,2,2,3,3,2,0,0,6,6,6,6,0,1,1,0,2
2014,m,P,7,W,66,66,0,0,277,121,81,39,7,0,103,132,8,8,32,13,9,12,37
2014,m,P,7,L,75,0,75,0,149,382,36,81,1,7,150,109,12,12,52,14,6,3,24
2014,m,P,7,T,2,0,0,2,2,5,3,0,0,0,4,4,6,6,0,1,1,0,2
2014,s,C,6,W,60,60,0,0,283,112,110,51,3,1,149,180,3,3,20,8,17,15,41
2014,s,C,6,L,80,0,80,0,180,379,78,141,1,17,240,204,18,18,42,16,13,9,39
2014,s,C,6,T,3,0,0,3,9,7,3,5,0,0,9,9,9,9,1,1,1,0,2
2014,s,C,7,W,60,60,0,0,323,127,70,36,3,1,89,120,3,3,30,7,13,10,31
2014,s,C,7,L,80,0,80,0,210,436,48,84,1,17,160,124,18,18,53,12,11,4,28
2014,s,C,7,T,3,0,0,3,10,8,2,4,0,0,6,6,9,9,2,0,1,0,1
2014,t,C,6,W,75,75,0,0,312,141,139,66,10,1,191,225,13,13,30,11,12,22,49
2014,t,C,6,L,68,0,68,0,94,261,42,138,0,5,204,172,6,6,41,15,9,3,27
2014,t,C,6,T,1,0,0,1,1,1,0,0,1,1,3,3,3,3,1,0,0,0,1
2014,t,C,7,W,75,75,0,0,359,169,92,38,10,1,116,150,13,13,37,15,12,11,42
2014,t,C,7,L,68,0,68,0,106,304,30,95,0,5,136,104,6,6,46,16,4,2,22
2014,t,C,7,T,1,0,0,1,1,1,0,0,1,1,2,2,3,3,1,0,0,0,1
2015,b,P,6,W,61,61,0,0,248,81,77,34,11,0,152,183,9,9,30,11,12,8,35
2015,b,P,6,L,80,0,80,0,124,282,52,139,0,5,240,203,3,3,53,12,10,5,27
2015,b,P,6,T,2,0,0,2,4,4,2,2,1,1,6,6,6,6,1,0,1,0,2
2015,b,P,7,W,61,61,0,0,278,91,47,24,11,0,91,122,9,9,38,12,7,4,27
2015,b,P,7,L,80,0,80,0,140,335,36,86,0,5,160,123,3,3,58,13,5,4,22
2015,b,P,7,T,2,0,0,2,6,4,0,2,1,1,4,4,6,6,2,0,0,0,1
2015,c,C,6,W,69,69,0,0,236,74,97,41,8,0,172,207,6,6,27,13,16,13,46
2015,c,C,6,L,71,0,71,0,115,243,39,93,0,12,213,180,20,20,48,15,5,3,23
2015,c,C,6,T,3,0,0,3,6,8,5,3,0,0,9,9,9,9,1,0,1,1,2
2015,c,C,7,W,69,69,0,0,266,88,67,27,8,0,103,138,6,6,38,14,6,11,35
2015,c,C,7,L,71,0,71,0,122,280,32,56,0,12,142,109,20,20,52,13,3,3,19
2015,c,C,7,T,3,0,0,3,7,8,4,3,0,0,6,6,9,9,1,0,2,0,2
2015,d,C,6,W,62,62,0,0,184,67,98,48,10,0,154,186,16,16,21,16,9,16,43
2015,d,C,6,L,77,0,77,0,124,253,48,122,0,5,231,192,7,7,46,23,4,4,31
2015,d,C,6,T,4,0,0,4,9,4,0,5,0,0,12,12,12,12,4,0,0,0,0
2015,d,C,7,W,62,62,0,0,214,87,68,28,10,0,92,124,16,16,30,14,8,10,36
2015,d,C,7,L,77,0,77,0,144,283,28,92,0,5,154,115,7,7,57,15,3,2,20
2015,d,C,7,T,4,0,0,4,9,5,0,4,0,0,8,8,12,12,4,0,0,0,0
2015,db,C,6,W,62,62,0,0,219,124,90,39,1,0,155,186,3,3,17,17,16,12,46
2015,db,C,6,L,80,0,80,0,118,294,77,124,0,14,240,203,23,23,39,21,9,11,41
2015,db,C,6,T,0,0,0,0,0,0,0,0,0,0,0,0,0,0,0,0,0,0,0
2015,db,C,7,W,62,62,0,0,249,138,60,25,1,0,93,124,3,3,29,18,6,9,34
2015,db,C,7,L,80,0,80,0,146,337,49,81,0,14,160,123,23,23,50,17,8,5,30
2015,db,C,7,T,0,0,0,0,0,0,0,0,0,0,0,0,0,0,0,0,0,0,0
2015,e,P,6,W,57,57,0,0,197,91,76,38,7,0,149,171,10,10,22,15,8,12,36
2015,e,P,6,L,83,0,83,0,125,333,50,115,1,28,249,213,21,21,44,29,9,1,39
2015,e,P,6,T,3,0,0,3,4,4,2,2,1,1,9,9,9,9,2,0,1,0,2
2015,e,P,7,W,57,57,0,0,222,105,51,24,7,0,92,114,10,10,32,11,7,7,28
2015,e,P,7,L,83,0,83,0,141,370,34,78,1,28,166,130,21,21,55,23,4,1,28
2015,e,P,7,T,3,0,0,3,4,6,2,0,1,1,6,6,9,9,2,0,1,0,2
2015,f,P,6,W,79,79,0,0,326,124,121,60,10,1,202,237,10,10,26,20,16,17,54
2015,f,P,6,L,62,0,62,0,91,274,59,112,1,3,186,159,4,4,26,22,8,6,37
2015,f,P,6,T,2,0,0,2,5,4,2,3,0,0,6,6,6,6,1,0,1,0,1
2015,f,P,7,W,79,79,0,0,373,148,74,36,10,1,123,158,10,10,43,18,9,9,39
2015,f,P,7,L,62,0,62,0,113,331,37,55,1,3,124,97,4,4,39,16,2,5,24
2015,f,P,7,T,2,0,0,2,7,6,0,1,0,0,4,4,6,6,2,0,0,0,0
2015,g,C,6,W,75,75,0,0,246,98,107,45,9,0,185,225,11,11,26,17,19,13,50
2015,g,C,6,L,67,0,67,0,85,206,39,82,0,9,201,164,10,10,41,18,4,4,26
2015,g,C,6,T,1,0,0,1,3,3,0,0,0,0,3,3,3,3,1,0,0,0,0
2015,g,C,7,W,75,75,0,0,296,111,57,32,9,0,110,150,11,11,44,15,9,7,32
2015,g,C,7,L,67,0,67,0,105,239,19,49,0,9,134,97,10,10,50,15,2,0,17
2015,g,C,7,T,1,0,0,1,3,3,0,0,0,0,2,2,3,3,1,0,0,0,0
2015,h,P,6,W,90,90,0,0,353,145,148,64,15,0,234,268,17,17,32,22,11,25,64
2015,h,P,6,L,49,0,49,0,84,200,43,67,0,7,147,127,8,8,23,15,7,4,26
2015,h,P,6,T,4,0,0,4,5,6,3,2,0,0,12,12,12,12,2,1,1,0,2
2015,h,P,7,W,90,90,0,0,429,168,72,41,15,0,144,178,17,17,55,20,3,12,43
2015,h,P,7,L,49,0,49,0,104,221,23,46,0,7,98,78,8,8,32,11,6,0,17
2015,h,P,7,T,4,0,0,4,8,8,0,0,0,0,8,8,12,12,4,0,0,0,0
2015,l,P,6,W,69,69,0,0,318,116,130,48,6,1,170,207,4,4,20,16,12,21,52
2015,l,P,6,L,69,0,69,0,115,282,47,103,0,8,205,170,6,6,42,15,7,5,27
2015,l,P,6,T,4,0,0,4,11,10,1,2,0,0,12,12,12,12,3,1,0,0,1
2015,l,P,7,W,69,69,0,0,367,137,81,27,6,1,101,138,4,4,38,10,7,14,34
2015,l,P,7,L,69,0,69,0,136,322,26,63,0,8,136,101,6,6,51,12,4,2,18
2015,l,P,7,T,4,0,0,4,11,12,1,0,0,0,8,8,12,12,3,1,0,0,1
2015,m,P,6,W,73,73,0,0,294,120,116,62,6,0,183,219,2,2,26,14,11,22,47
2015,m,P,6,L,69,0,69,0,92,278,48,92,0,6,207,174,7,7,44,15,4,6,25
2015,m,P,6,T,1,0,0,1,4,5,1,0,0,0,3,3,3,3,0,1,0,0,1
2015,m,P,7,W,73,73,0,0,343,140,67,42,6,0,110,146,2,2,41,12,11,9,33
2015,m,P,7,L,69,0,69,0,110,327,30,43,0,6,138,105,7,7,53,8,4,4,16
2015,m,P,7,T,1,0,0,1,5,5,0,0,0,0,2,2,3,3,1,0,0,0,0
2015,s,C,6,W,76,76,0,0,309,127,122,59,11,0,189,228,17,17,33,19,4,20,45
2015,s,C,6,L,65,0,65,0,82,228,43,96,0,1,195,157,1,1,36,22,3,4,29
2015,s,C,6,T,2,0,0,2,4,7,3,0,0,0,6,6,6,6,0,1,1,0,2
2015,s,C,7,W,76,76,0,0,345,147,86,39,11,0,113,152,17,17,47,12,2,15,34
2015,s,C,7,L,65,0,65,0,98,273,27,51,0,1,130,92,1,1,47,13,2,3,18
2015,s,C,7,T,2,0,0,2,5,7,2,0,0,0,4,4,6,6,0,2,0,0,2
2015,t,C,6,W,70,70,0,0,222,80,87,53,10,0,175,210,12,12,30,12,14,14,44
2015,t,C,6,L,71,0,71,0,92,279,46,124,0,6,213,178,7,7,41,22,4,4,30
2015,t,C,6,T,2,0,0,2,5,5,3,3,0,0,6,6,6,6,1,0,0,1,1
2015,t,C,7,W,70,70,0,0,254,107,55,26,10,0,105,140,12,12,40,13,10,7,35
2015,t,C,7,L,71,0,71,0,108,318,30,85,0,6,142,107,7,7,52,14,3,2,19
2015,t,C,7,T,2,0,0,2,5,6,3,2,0,0,4,4,6,6,1,0,0,1,1
2016,b,P,6,W,57,57,0,0,214,91,84,40,3,0,146,171,4,4,19,12,14,12,39
2016,b,P,6,L,83,0,83,0,138,344,46,137,0,9,249,214,10,10,55,16,7,5,28
2016,b,P,6,T,3,0,0,3,5,11,9,3,0,0,9,9,9,9,1,0,0,2,2
2016,b,P,7,W,57,57,0,0,248,104,50,27,3,0,89,114,4,4,34,8,7,8,25
2016,b,P,7,L,83,0,83,0,155,387,29,94,0,9,166,131,10,10,64,13,3,3,19
2016,b,P,7,T,3,0,0,3,11,11,3,3,0,0,6,6,9,9,2,0,0,1,1
2016,c,C,6,W,89,89,0,0,374,155,157,48,24,0,225,267,17,17,26,19,18,26,66
2016,c,C,6,L,52,0,52,0,94,191,31,88,0,11,156,131,11,11,33,11,6,2,19
2016,c,C,6,T,1,0,0,1,3,3,0,0,0,0,3,3,3,3,1,0,0,0,0
2016,c,C,7,W,89,89,0,0,441,180,90,23,24,0,136,178,17,17,43,20,15,11,51
2016,c,C,7,L,52,0,52,0,103,234,22,45,0,11,104,79,11,11,38,10,2,2,14
2016,c,C,7,T,1,0,0,1,3,3,0,0,0,0,2,2,3,3,1,0,0,0,0
2016,d,C,6,W,58,58,0,0,200,95,111,35,10,0,146,174,8,8,20,8,10,20,42
2016,d,C,6,L,82,0,82,0,131,311,44,102,0,26,246,210,19,19,55,17,5,5,27
2016,d,C,6,T,3,0,0,3,4,4,0,0,0,0,9,9,9,9,3,0,0,0,0
2016,d,C,7,W,58,58,0,0,249,101,62,29,10,0,88,116,8,8,29,11,8,10,33
2016,d,C,7,L,82,0,82,0,148,364,27,49,0,26,164,128,19,19,68,6,5,3,14
2016,d,C,7,T,3,0,0,3,4,4,0,0,0,0,6,6,9,9,3,0,0,0,0
2016,db,C,6,W,69,69,0,0,286,111,107,60,7,0,176,207,7,7,25,14,16,14,49
2016,db,C,6,L,71,0,71,0,112,264,52,137,1,9,213,177,8,8,41,14,11,5,30
2016,db,C,6,T,3,0,0,3,1,6,6,1,0,0,9,9,9,9,1,1,0,1,2
2016,db,C,7,W,69,69,0,0,328,134,65,37,7,0,107,138,7,7,36,12,15,6,38
2016,db,C,7,L,71,0,71,0,134,329,30,72,1,9,142,106,8,8,54,7,8,2,18
2016,db,C,7,T,3,0,0,3,1,6,6,1,0,0,6,6,9,9,1,1,0,1,2
2016,e,P,6,W,62,62,0,0,243,105,111,43,5,0,156,186,12,12,20,12,12,18,46
2016,e,P,6,L,78,0,78,0,105,322,65,156,0,13,234,197,11,11,36,29,7,6,42
2016,e,P,6,T,3,0,0,3,9,9,6,6,0,0,9,9,9,9,0,0,3,0,3
2016,e,P,7,W,62,62,0,0,286,120,68,28,5,0,94,124,12,12,32,12,9,9,34
2016,e,P,7,L,78,0,78,0,135,404,35,74,0,13,156,119,11,11,53,18,4,3,25
2016,e,P,7,T,3,0,0,3,11,12,4,3,0,0,6,6,9,9,1,0,2,0,2
2016,f,P,6,W,87,87,0,0,341,134,142,64,8,0,224,261,10,10,31,14,17,25,57
2016,f,P,6,L,53,0,53,0,70,189,40,56,1,7,159,133,7,7,27,16,8,2,26
2016,f,P,6,T,3,0,0,3,15,7,2,10,0,0,9,9,9,9,2,0,1,0,1
2016,f,P,7,W,87,87,0,0,413,156,70,42,8,0,137,174,10,10,48,18,13,8,40
2016,f,P,7,L,53,0,53,0,78,213,32,32,1,7,106,80,7,7,31,14,6,2,22
2016,f,P,7,T,3,0,0,3,15,13,2,4,0,0,6,6,9,9,2,0,1,0,1
2016,g,C,6,W,71,71,0,0,253,89,83,48,16,2,179,213,16,16,31,17,13,10,46
2016,g,C,6,L,69,0,69,0,113,269,50,126,0,5,207,173,6,6,41,15,7,6,28
2016,g,C,6,T,3,0,0,3,4,1,0,3,0,0,9,9,9,9,3,0,0,0,0
2016,g,C,7,W,71,71,0,0,291,106,45,31,16,2,108,142,16,16,44,17,5,5,34
2016,g,C,7,L,69,0,69,0,130,323,33,72,0,5,138,104,6,6,51,8,6,4,18
2016,g,C,7,T,3,0,0,3,4,1,0,3,0,0,6,6,9,9,3,0,0,0,0
2016,h,P,6,W,83,83,0,0,340,110,137,76,11,0,212,249,6,6,27,17,16,23,57
2016,h,P,6,L,54,0,54,0,89,180,39,84,0,8,162,145,8,8,31,14,7,2,23
2016,h,P,6,T,5,0,0,5,18,14,2,6,0,0,15,15,15,15,3,2,0,0,2
2016,h,P,7,W,83,83,0,0,396,140,81,46,11,0,129,166,6,6,44,15,14,10,40
2016,h,P,7,L,54,0,54,0,98,209,30,55,0,8,108,91,8,8,35,10,8,1,19
2016,h,P,7,T,5,0,0,5,18,16,2,4,0,0,10,10,15,15,3,2,0,0,2
2016,l,P,6,W,64,64,0,0,278,112,101,40,4,0,163,192,9,9,22,12,17,13,45
2016,l,P,6,L,76,0,76,0,149,336,74,115,0,2,228,193,3,3,34,24,8,10,42
2016,l,P,6,T,3,0,0,3,8,11,5,2,0,0,9,9,9,9,1,0,1,1,2
2016,l,P,7,W,64,64,0,0,325,132,54,20,4,0,99,128,9,9,36,12,11,5,31
2016,l,P,7,L,76,0,76,0,180,389,43,62,0,2,152,117,3,3,49,16,7,4,27
2016,l,P,7,T,3,0,0,3,13,13,0,0,0,0,6,6,9,9,3,0,0,0,0
2016,m,P,6,W,72,72,0,0,291,126,118,66,10,1,186,216,10,10,29,11,13,19,47
2016,m,P,6,L,68,0,68,0,101,264,54,108,0,8,204,177,14,14,42,13,4,9,26
2016,m,P,6,T,3,0,0,3,4,7,5,2,0,0,9,9,9,9,1,0,1,1,2
2016,m,P,7,W,72,72,0,0,338,149,71,43,10,1,114,144,10,10,40,12,13,7,38
2016,m,P,7,L,68,0,68,0,125,308,30,64,0,8,136,109,14,14,52,9,2,5,16
2016,m,P,7,T,3,0,0,3,4,7,5,2,0,0,6,6,9,9,1,0,1,1,2
2016,s,C,6,W,64,64,0,0,264,141,116,47,10,0,159,192,10,10,21,14,9,20,44
2016,s,C,6,L,78,0,78,0,126,355,71,139,1,6,234,189,7,7,43,18,8,9,35
2016,s,C,6,T,1,0,0,1,3,2,2,3,1,1,3,3,3,3,0,0,1,0,1
2016,s,C,7,W,64,64,0,0,326,154,54,34,10,0,95,128,10,10,37,15,4,8,30
2016,s,C,7,L,78,0,78,0,155,408,42,86,1,6,156,111,7,7,52,14,9,3,26
2016,s,C,7,T,1,0,0,1,5,5,0,0,1,1,2,2,3,3,1,0,0,0,1
2016,t,C,6,W,64,64,0,0,226,78,95,44,7,0,166,192,4,4,23,14,13,14,42
2016,t,C,6,L,76,0,76,0,119,285,45,114,0,11,228,199,9,9,47,18,7,4,29
2016,t,C,6,T,3,0,0,3,7,6,6,7,1,1,9,9,9,9,0,1,1,1,3
2016,t,C,7,W,64,64,0,0,256,99,65,23,7,0,102,128,4,4,33,11,11,9,32
2016,t,C,7,L,76,0,76,0,134,329,30,70,0,11,152,123,9,9,55,14,5,2,21
2016,t,C,7,T,3,0,0,3,10,8,3,5,1,1,6,6,9,9,1,1,1,0,3
2017,b,P,6,W,63,63,0,0,248,118,109,43,9,1,161,189,11,11,23,14,7,19,44
2017,b,P,6,L,79,0,79,0,113,279,56,145,0,8,237,202,14,14,52,11,8,8,27
2017,b,P,6,T,1,0,0,1,2,2,2,2,0,0,3,3,3,3,0,0,1,0,1
2017,b,P,7,W,63,63,0,0,303,143,54,18,9,1,98,126,11,11,37,12,5,9,30
2017,b,P,7,L,79,0,79,0,133,341,36,83,0,8,158,123,14,14,60,8,6,5,19
2017,b,P,7,T,1,0,0,1,4,2,0,2,0,0,2,2,3,3,1,0,0,0,0
2017,c,C,6,W,88,88,0,0,380,170,178,62,11,0,220,264,11,11,26,19,16,27,65
2017,c,C,6,L,51,0,51,0,115,211,40,77,0,8,151,129,10,10,31,9,5,6,20
2017,c,C,6,T,4,0,0,4,6,11,6,1,0,0,12,12,12,12,0,3,0,1,4
2017,c,C,7,W,88,88,0,0,448,193,110,39,11,0,132,176,11,11,46,15,13,14,47
2017,c,C,7,L,51,0,51,0,132,235,23,53,0,8,100,78,10,10,37,9,3,2,14
2017,c,C,7,T,4,0,0,4,7,12,5,0,0,0,8,8,12,12,1,2,0,1,3
2017,d,C,6,W,59,59,0,0,182,77,85,38,8,0,146,177,7,7,20,15,12,12,42
2017,d,C,6,L,79,0,79,0,146,354,54,127,1,16,237,199,15,15,49,20,2,8,30
2017,d,C,6,T,5,0,0,5,7,5,4,6,0,0,15,15,15,15,2,2,1,0,3
2017,d,C,7,W,59,59,0,0,212,90,55,25,8,0,87,118,7,7,30,12,9,8,33
2017,d,C,7,L,79,0,79,0,172,411,28,70,1,16,158,120,15,15,61,13,2,3,19
2017,d,C,7,T,5,0,0,5,8,7,3,4,0,0,10,10,15,15,3,1,1,0,2
2017,db,C,6,W,73,73,0,0,306,116,111,67,7,0,189,219,8,8,28,14,14,17,46
2017,db,C,6,L,65,0,65,0,121,266,38,120,0,15,194,166,9,9,38,19,5,3,27
2017,db,C,6,T,5,0,0,5,10,10,4,4,0,0,15,15,15,15,2,2,1,0,3
2017,db,C,7,W,73,73,0,0,354,149,63,34,7,0,116,146,8,8,43,13,9,8,32
2017,db,C,7,L,65,0,65,0,138,310,21,76,0,15,129,101,9,9,46,17,2,0,19
2017,db,C,7,T,5,0,0,5,11,10,3,4,0,0,10,10,15,15,3,1,1,0,2
2017,e,P,6,W,76,76,0,0,287,102,123,60,8,0,195,228,11,11,29,14,14,19,50
2017,e,P,6,L,63,0,63,0,96,238,53,108,0,6,189,165,10,10,27,25,6,5,36
2017,e,P,6,T,3,0,0,3,6,10,7,3,0,0,8,8,6,6,0,1,1,1,3
2017,e,P,7,W,76,76,0,0,327,118,83,44,8,0,119,152,11,11,43,11,9,13,37
2017,e,P,7,L,63,0,63,0,121,273,28,73,0,6,126,102,10,10,43,14,4,2,20
2017,e,P,7,T,3,0,0,3,6,13,7,0,0,0,5,5,6,6,0,1,1,1,3
2017,f,P,6,W,60,60,0,0,228,93,88,48,10,2,149,180,11,11,20,14,14,12,41
2017,f,P,6,L,83,0,83,0,138,326,45,119,0,8,249,207,14,14,53,18,9,3,30
2017,f,P,6,T,0,0,0,0,0,0,0,0,0,0,0,0,0,0,0,0,0,0,0
2017,f,P,7,W,60,60,0,0,274,108,42,33,10,2,89,120,11,11,39,8,8,5,25
2017,f,P,7,L,83,0,83,0,157,377,26,68,0,8,166,124,14,14,64,13,5,1,19
2017,f,P,7,T,0,0,0,0,0,0,0,0,0,0,0,0,0,0,0,0,0,0,0
2017,g,C,6,W,72,72,0,0,260,83,106,47,11,2,184,215,7,7,28,15,10,19,45
2017,g,C,6,L,68,0,68,0,101,261,47,96,1,5,204,172,7,7,45,8,8,7,23
2017,g,C,6,T,3,0,0,3,7,10,3,0,0,0,9,9,9,9,1,1,1,0,2
2017,g,C,7,W,72,72,0,0,303,102,63,28,11,2,112,143,7,7,41,15,4,12,33
2017,g,C,7,L,68,0,68,0,122,300,26,57,1,5,136,104,7,7,53,8,4,3,16
2017,g,C,7,T,3,0,0,3,7,10,3,0,0,0,6,6,9,9,1,1,1,0,2
2017,h,P,6,W,94,94,0,0,361,143,138,57,6,0,236,282,11,11,35,20,18,21,62
2017,h,P,6,L,49,0,49,0,85,205,45,71,3,7,147,122,6,6,26,10,8,5,23
2017,h,P,6,T,0,0,0,0,0,0,0,0,0,0,0,0,0,0,0,0,0,0,0
2017,h,P,7,W,94,94,0,0,419,164,80,36,6,0,142,188,11,11,55,15,12,12,44
2017,h,P,7,L,49,0,49,0,101,233,29,43,3,7,98,73,6,6,29,13,5,2,20
2017,h,P,7,T,0,0,0,0,0,0,0,0,0,0,0,0,0,0,0,0,0,0,0
2017,l,P,6,W,79,79,0,0,368,146,145,36,4,1,198,237,5,5,23,18,13,25,56
2017,l,P,6,L,61,0,61,0,100,270,55,85,0,4,183,152,5,5,36,8,7,10,25
2017,l,P,6,T,3,0,0,3,18,8,0,10,0,0,8,8,6,6,3,0,0,0,0
2017,l,P,7,W,79,79,0,0,420,157,93,25,4,1,119,158,5,5,38,15,12,14,41
2017,l,P,7,L,61,0,61,0,123,300,32,55,0,4,122,91,5,5,46,5,6,4,15
2017,l,P,7,T,3,0,0,3,18,8,0,10,0,0,5,5,6,6,3,0,0,0,0
2017,m,P,6,W,54,54,0,0,188,77,90,58,5,0,139,162,10,10,18,9,13,14,39
2017,m,P,6,L,86,0,86,0,128,331,62,166,2,7,258,218,8,8,53,19,8,6,33
2017,m,P,6,T,2,0,0,2,2,2,1,1,0,0,6,6,6,6,1,1,0,0,1
2017,m,P,7,W,54,54,0,0,220,109,58,26,5,0,85,108,10,10,30,6,10,8,28
2017,m,P,7,L,86,0,86,0,142,407,48,90,2,7,172,132,8,8,61,14,5,6,25
2017,m,P,7,T,2,0,0,2,3,2,0,1,0,0,4,4,6,6,2,0,0,0,0
2017,s,C,6,W,45,45,0,0,187,94,79,29,10,1,112,133,9,9,15,10,8,12,32
2017,s,C,6,L,96,0,96,0,127,334,59,172,0,12,288,241,13,13,56,28,7,5,40
2017,s,C,6,T,2,0,0,2,5,10,6,1,0,0,6,6,6,6,1,0,0,1,1
2017,s,C,7,W,45,45,0,0,213,100,53,23,10,1,67,88,9,9,24,8,5,8,23
2017,s,C,7,L,96,0,96,0,149,408,37,98,0,12,192,145,13,13,70,18,5,3,26
2017,s,C,7,T,2,0,0,2,5,10,6,1,0,0,4,4,6,6,1,0,0,1,1
2017,t,C,6,W,78,78,0,0,307,139,131,47,9,0,201,234,13,13,23,18,15,22,60
2017,t,C,6,L,61,0,61,0,88,227,38,97,0,2,183,157,3,3,37,15,7,2,24
2017,t,C,6,T,4,0,0,4,15,10,1,6,0,0,12,12,12,12,3,1,0,0,1
2017,t,C,7,W,78,78,0,0,361,159,77,27,9,0,123,156,13,13,38,17,16,7,45
2017,t,C,7,L,61,0,61,0,102,259,24,65,0,2,122,96,3,3,45,11,4,1,16
2017,t,C,7,T,4,0,0,4,15,10,1,6,0,0,8,8,12,12,3,1,0,0,1
2018,b,P,6,W,65,65,0,0,233,103,117,34,5,1,168,195,10,10,20,15,8,22,46
2018,b,P,6,L,73,0,73,0,119,260,53,143,0,13,219,188,14,14,47,11,9,6,26
2018,b,P,6,T,5,0,0,5,8,7,3,4,0,0,15,15,15,15,3,1,1,0,2
2018,b,P,7,W,65,65,0,0,277,115,73,22,5,1,103,130,10,10,34,13,5,13,35
2018,b,P,7,L,73,0,73,0,133,312,39,91,0,13,146,115,14,14,51,12,7,3,22
2018,b,P,7,T,5,0,0,5,8,9,3,2,0,0,10,10,15,15,3,1,1,0,2
2018,c,C,6,W,82,82,0,0,379,167,144,79,13,4,210,246,15,15,26,16,19,21,60
2018,c,C,6,L,59,0,59,0,126,256,55,132,1,10,177,147,6,6,32,11,8,8,28
2018,c,C,6,T,2,0,0,2,3,0,0,3,0,0,6,6,6,6,2,0,0,0,0
2018,c,C,7,W,82,82,0,0,447,201,76,45,13,4,128,164,15,15,46,16,7,13,41
2018,c,C,7,L,59,0,59,0,148,311,33,77,1,10,118,88,6,6,38,14,2,5,22
2018,c,C,7,T,2,0,0,2,3,0,0,3,0,0,4,4,6,6,2,0,0,0,0
2018,d,C,6,W,63,63,0,0,275,117,103,59,6,0,158,189,5,5,23,12,11,17,42
2018,d,C,6,L,78,0,78,0,142,312,61,143,0,12,234,196,10,10,44,21,6,7,34
2018,d,C,6,T,2,0,0,2,4,6,7,5,0,0,6,6,3,4,0,0,1,1,2
2018,d,C,7,W,63,63,0,0,320,142,58,34,6,0,95,126,5,5,32,16,6,9,33
2018,d,C,7,L,78,0,78,0,157,358,46,97,0,12,156,118,10,10,55,13,4,6,23
2018,d,C,7,T,2,0,0,2,8,10,3,1,0,0,4,4,3,4,0,1,1,0,2
2018,db,C,6,W,66,66,0,0,234,110,129,54,11,0,169,196,10,10,18,12,12,24,49
2018,db,C,6,L,74,0,74,0,125,337,66,133,0,4,222,190,6,6,36,24,7,7,38
2018,db,C,6,T,2,0,0,2,0,1,1,0,0,0,6,6,6,6,1,1,0,0,1
2018,db,C,7,W,66,66,0,0,279,135,84,29,11,0,103,130,10,10,34,12,7,13,35
2018,db,C,7,L,74,0,74,0,151,396,40,74,0,4,148,116,6,6,49,18,4,3,25
2018,db,C,7,T,2,0,0,2,0,1,1,0,0,0,4,4,6,6,1,1,0,0,1
2018,e,P,6,W,58,58,0,0,205,96,121,29,10,1,156,174,13,13,14,14,9,21,46
2018,e,P,6,L,82,0,82,0,111,277,64,161,2,12,246,218,10,10,45,21,10,6,37
2018,e,P,6,T,3,0,0,3,4,4,3,3,0,0,9,9,9,9,1,1,1,0,2
2018,e,P,7,W,58,58,0,0,241,110,85,15,10,1,98,116,13,13,22,12,12,12,38
2018,e,P,7,L,82,0,82,0,138,331,37,107,2,12,164,136,10,10,59,16,3,4,24
2018,e,P,7,T,3,0,0,3,5,4,2,3,0,0,6,6,9,9,1,2,0,0,2
2018,f,P,6,W,74,74,0,0,279,117,129,54,5,0,184,221,7,7,27,13,13,21,48
2018,f,P,6,L,65,0,65,0,116,288,49,105,2,10,195,165,11,11,40,12,8,5,25
2018,f,P,6,T,3,0,0,3,4,2,2,4,0,0,9,9,9,9,1,2,0,0,2
2018,f,P,7,W,74,74,0,0,334,138,74,33,5,0,110,147,7,7,42,13,9,10,34
2018,f,P,7,L,65,0,65,0,134,318,31,75,2,10,130,100,11,11,46,10,7,2,20
2018,f,P,7,T,3,0,0,3,4,3,2,3,0,0,6,6,9,9,1,2,0,0,2
2018,g,C,6,W,67,67,0,0,305,96,116,62,0,0,172,201,0,0,24,15,11,17,43
2018,g,C,6,L,71,0,71,0,124,288,71,116,1,5,213,187,7,7,34,17,12,8,37
2018,g,C,6,T,5,0,0,5,5,2,3,6,0,0,15,15,15,15,3,1,1,0,2
2018,g,C,7,W,67,67,0,0,353,106,68,52,0,0,105,134,0,0,35,12,8,12,32
2018,g,C,7,L,71,0,71,0,153,329,42,75,1,5,142,116,7,7,46,17,4,4,26
2018,g,C,7,T,5,0,0,5,5,6,3,2,0,0,10,10,15,15,3,1,1,0,2
2018,h,P,6,W,82,82,0,0,348,128,151,64,12,0,210,246,10,10,28,16,16,22,57
2018,h,P,6,L,60,0,60,0,110,279,53,94,1,4,180,154,6,6,28,17,10,5,33
2018,h,P,6,T,1,0,0,1,5,7,2,0,3,3,3,3,3,3,0,0,1,0,1
2018,h,P,7,W,82,82,0,0,386,147,113,45,12,0,128,164,10,10,40,13,12,17,45
2018,h,P,7,L,60,0,60,0,121,313,42,60,1,4,120,94,6,6,34,15,7,4,27
2018,h,P,7,T,1,0,0,1,7,7,0,0,3,3,2,2,3,3,1,0,0,0,1
2018,l,P,6,W,88,88,0,0,437,177,181,111,8,2,226,264,7,7,28,11,18,31,63
2018,l,P,6,L,52,0,52,0,105,238,51,104,3,13,156,133,9,9,25,17,2,8,27
2018,l,P,6,T,2,0,0,2,1,4,3,0,0,0,6,6,6,6,0,1,1,0,2
2018,l,P,7,W,88,88,0,0,520,210,98,78,8,2,138,176,7,7,47,15,11,15,44
2018,l,P,7,L,52,0,52,0,124,277,32,65,3,13,104,81,9,9,32,13,3,4,20
2018,l,P,7,T,2,0,0,2,3,4,1,0,0,0,4,4,6,6,1,1,0,0,1
2018,m,P,6,W,58,58,0,0,221,107,85,30,11,1,151,174,8,8,28,9,4,17,32
2018,m,P,6,L,81,0,81,0,147,314,53,151,0,9,242,212,12,12,48,20,9,4,33
2018,m,P,6,T,3,0,0,3,9,8,1,2,3,3,9,9,9,9,2,1,0,0,2
2018,m,P,7,W,58,58,0,0,252,120,54,17,11,1,93,116,8,8,35,10,5,8,26
2018,m,P,7,L,81,0,81,0,163,368,37,97,0,9,161,131,12,12,56,17,6,2,25
2018,m,P,7,T,3,0,0,3,9,10,1,0,3,3,6,6,9,9,2,1,0,0,2
2018,s,C,6,W,75,75,0,0,291,147,146,75,18,1,191,225,13,13,16,21,15,23,60
2018,s,C,6,L,66,0,66,0,132,298,63,132,1,5,196,164,7,7,35,15,7,9,31
2018,s,C,6,T,2,0,0,2,2,5,5,2,0,0,6,6,4,3,0,1,0,1,2
2018,s,C,7,W,75,75,0,0,335,169,102,53,18,1,116,150,13,13,29,19,12,15,48
2018,s,C,7,L,66,0,66,0,153,359,42,71,1,5,130,98,7,7,41,14,6,5,25
2018,s,C,7,T,2,0,0,2,6,5,1,2,0,0,4,4,4,3,1,1,0,0,1
2018,t,C,6,W,62,62,0,0,271,110,107,59,7,1,163,186,9,9,23,13,12,14,41
2018,t,C,6,L,79,0,79,0,118,331,71,115,0,9,237,204,9,9,45,13,10,11,34
2018,t,C,6,T,2,0,0,2,2,1,1,2,0,0,6,6,6,6,1,1,0,0,1
2018,t,C,7,W,62,62,0,0,305,124,73,45,7,1,101,124,9,9,35,12,6,9,31
2018,t,C,7,L,79,0,79,0,142,377,47,69,0,9,158,125,9,9,53,11,10,5,26
2018,t,C,7,T,2,0,0,2,2,1,1,2,0,0,4,4,6,6,1,1,0,0,1
2019,b,P,6,W,61,61,0,0,214,93,96,55,12,3,156,183,4,4,24,14,9,14,39
2019,b,P,6,L,75,0,75,0,147,306,48,140,0,13,225,191,10,10,46,16,8,5,29
2019,b,P,6,T,7,0,0,7,23,12,4,15,0,0,21,21,21,21,5,0,2,0,2
2019,b,P,7,W,61,61,0,0,234,118,76,30,12,3,95,122,4,4,29,12,8,12,34
2019,b,P,7,L,75,0,75,0,165,348,30,98,0,13,150,116,10,10,56,12,4,3,19
2019,b,P,7,T,7,0,0,7,23,17,4,10,0,0,14,14,21,21,5,0,2,0,2
2019,c,C,6,W,70,70,0,0,251,100,130,67,16,0,183,210,13,13,25,16,9,20,48
2019,c,C,6,L,70,0,70,0,130,300,54,96,3,31,208,174,11,11,44,9,10,7,27
2019,c,C,6,T,3,0,0,3,4,4,2,2,1,1,9,9,9,9,2,0,1,0,2
2019,c,C,7,W,70,70,0,0,287,122,94,45,16,0,113,140,13,13,33,15,7,15,41
2019,c,C,7,L,70,0,70,0,151,339,33,57,3,31,138,104,11,11,52,8,6,4,19
2019,c,C,7,T,3,0,0,3,6,4,0,2,1,1,6,6,9,9,3,0,0,0,1
2019,d,C,6,W,68,68,0,0,285,109,99,46,2,0,167,204,3,3,24,18,9,17,46
2019,d,C,6,L,73,0,73,0,111,264,63,109,0,13,219,189,10,10,36,19,12,6,37
2019,d,C,6,T,2,0,0,2,1,3,2,0,0,0,6,6,6,6,1,0,1,0,1
2019,d,C,7,W,68,68,0,0,316,135,68,20,2,0,99,136,3,3,35,14,9,10,35
2019,d,C,7,L,73,0,73,0,131,311,43,62,0,13,146,116,10,10,46,14,10,3,27
2019,d,C,7,T,2,0,0,2,1,3,2,0,0,0,4,4,6,6,1,0,1,0,1
2019,db,C,6,W,71,71,0,0,285,113,106,60,8,0,179,213,9,9,25,18,14,14,48
2019,db,C,6,L,69,0,69,0,128,311,59,110,0,7,207,172,8,8,36,14,13,6,33
2019,db,C,6,T,3,0,0,3,3,3,7,7,0,0,9,9,9,9,1,1,0,1,2
2019,db,C,7,W,71,71,0,0,332,136,59,37,8,0,108,142,9,9,38,20,6,7,35
2019,db,C,7,L,69,0,69,0,144,351,43,70,0,7,138,103,8,8,46,8,11,4,23
2019,db,C,7,T,3,0,0,3,8,7,2,3,0,0,6,6,9,9,1,2,0,0,2
2019,e,P,6,W,71,71,0,0,278,147,124,39,21,2,184,213,11,11,23,17,13,18,54
2019,e,P,6,L,68,0,68,0,121,248,58,123,1,8,204,176,12,12,38,12,11,7,30
2019,e,P,6,T,3,0,0,3,3,9,6,0,0,0,9,9,9,9,1,0,1,1,2
2019,e,P,7,W,71,71,0,0,312,156,90,30,21,2,113,142,11,11,34,14,10,13,43
2019,e,P,7,L,68,0,68,0,138,284,41,87,1,8,136,108,12,12,42,14,9,3,26
2019,e,P,7,T,3,0,0,3,6,9,3,0,0,0,6,6,9,9,2,0,0,1,1
2019,f,P,6,W,65,65,0,0,252,96,109,56,7,0,162,194,7,7,27,13,8,17,39
2019,f,P,6,L,72,0,72,0,116,302,53,105,0,2,214,182,3,3,44,12,11,5,28
2019,f,P,6,T,5,0,0,5,14,14,6,6,1,1,15,15,13,12,2,1,1,1,4
2019,f,P,7,W,65,65,0,0,298,119,63,33,7,0,97,129,7,7,39,13,4,9,28
2019,f,P,7,L,72,0,72,0,132,335,37,72,0,2,142,110,3,3,52,9,8,3,20
2019,f,P,7,T,5,0,0,5,15,16,5,4,1,1,10,10,13,12,3,0,1,1,3
2019,g,C,6,W,77,77,0,0,352,135,140,86,7,0,197,231,6,6,22,19,17,19,55
2019,g,C,6,L,64,0,64,0,108,226,50,110,0,10,190,164,11,11,34,15,12,3,30
2019,g,C,6,T,2,0,0,2,5,4,1,2,0,0,6,6,6,6,1,1,0,0,1
2019,g,C,7,W,77,77,0,0,413,162,79,59,7,0,120,154,6,6,37,22,10,8,40
2019,g,C,7,L,64,0,64,0,128,270,30,66,0,10,126,100,11,11,42,16,5,1,22
2019,g,C,7,T,2,0,0,2,5,4,1,2,0,0,4,4,6,6,1,1,0,0,1
2019,h,P,6,W,75,75,0,0,294,137,107,64,11,1,188,225,11,11,26,19,16,14,54
2019,h,P,6,L,62,0,62,0,101,246,55,96,0,8,185,154,7,7,34,16,5,7,28
2019,h,P,6,T,5,0,0,5,7,9,3,1,0,0,15,15,12,13,2,3,0,0,3
2019,h,P,7,W,75,75,0,0,335,158,66,43,11,1,113,150,11,11,39,17,11,8,41
2019,h,P,7,L,62,0,62,0,115,288,41,54,0,8,123,92,7,7,40,13,4,5,22
2019,h,P,7,T,5,0,0,5,8,10,2,0,0,0,10,10,12,13,3,2,0,0,2
2019,l,P,6,W,80,80,0,0,382,171,154,80,10,0,205,238,14,14,23,20,9,28,62
2019,l,P,6,L,62,0,62,0,139,304,61,121,1,10,186,157,11,11,27,21,8,6,35
2019,l,P,6,T,1,0,0,1,5,7,4,2,0,0,3,3,3,3,0,0,0,1,1
2019,l,P,7,W,80,80,0,0,460,198,76,53,10,0,125,158,14,14,42,16,11,11,43
2019,l,P,7,L,62,0,62,0,159,349,41,76,1,10,124,95,11,11,37,17,3,5,26
2019,l,P,7,T,1,0,0,1,5,8,4,1,0,0,2,2,3,3,0,0,0,1,1
2019,m,P,6,W,69,69,0,0,313,144,112,54,15,0,177,207,13,13,24,12,18,15,47
2019,m,P,6,L,70,0,70,0,120,269,68,115,1,16,210,179,10,10,35,20,5,10,36
2019,m,P,6,T,3,0,0,3,9,7,2,4,0,0,9,9,9,9,2,0,1,0,1
2019,m,P,7,W,69,69,0,0,349,158,76,40,15,0,108,138,13,13,39,8,10,12,35
2019,m,P,7,L,70,0,70,0,154,301,34,83,1,16,140,109,10,10,44,18,8,0,27
2019,m,P,7,T,3,0,0,3,10,7,1,4,0,0,6,6,9,9,2,1,0,0,1
2019,s,C,6,W,59,59,0,0,288,124,92,50,19,0,151,173,8,8,23,13,8,15,41
2019,s,C,6,L,82,0,82,0,180,389,68,158,0,9,246,215,10,10,43,22,9,8,39
2019,s,C,6,T,2,0,0,2,0,5,7,2,2,2,6,6,6,6,0,0,1,1,2
2019,s,C,7,W,59,59,0,0,310,140,70,34,19,0,92,114,8,8,31,10,7,11,33
2019,s,C,7,L,82,0,82,0,209,453,39,94,0,9,164,133,10,10,61,10,7,4,21
2019,s,C,7,T,2,0,0,2,0,5,7,2,2,2,4,4,6,6,0,0,1,1,2
2019,t,C,6,W,69,69,0,0,239,124,124,32,9,0,177,207,11,11,19,15,16,19,53
2019,t,C,6,L,68,0,68,0,92,268,52,110,0,10,204,173,7,7,40,15,7,6,28
2019,t,C,6,T,6,0,0,6,9,6,11,14,2,2,18,18,18,18,3,0,1,2,3
2019,t,C,7,W,69,69,0,0,283,138,80,18,9,0,108,138,11,11,35,11,12,11,38
2019,t,C,7,L,68,0,68,0,114,300,30,78,0,10,136,105,7,7,51,11,3,3,17
2019,t,C,7,T,6,0,0,6,14,11,6,9,2,2,12,12,18,18,3,0,3,0,3
2020,b,P,6,W,45,45,0,0,176,75,91,37,0,0,109,133,0,0,14,9,8,14,31
2020,b,P,6,L,68,0,68,0,107,241,44,121,1,5,204,171,4,4,39,15,13,1,29
2020,b,P,6,T,7,0,0,7,13,21,10,2,0,0,21,21,7,7,2,2,2,1,5
2020,b,P,7,W,45,45,0,0,212,86,55,26,0,0,64,88,0,0,20,13,3,9,25
2020,b,P,7,L,68,0,68,0,122,277,29,85,1,5,136,103,4,4,47,14,6,1,21
2020,b,P,7,T,7,0,0,7,16,23,7,0,0,0,14,14,7,7,2,3,2,0,5
2020,c,C,6,W,52,52,0,0,198,71,130,50,2,0,133,156,2,2,17,12,5,18,35
2020,c,C,6,L,56,0,56,0,92,261,46,89,0,3,168,145,2,2,30,13,8,5,26
2020,c,C,6,T,12,0,0,12,31,34,23,20,1,1,36,36,12,12,4,1,3,4,8
2020,c,C,7,W,52,52,0,0,238,86,90,35,2,0,81,104,2,2,24,11,5,12,28
2020,c,C,7,L,56,0,56,0,113,284,25,66,0,3,112,89,2,2,41,9,4,2,15
2020,c,C,7,T,12,0,0,12,45,42,9,12,1,1,24,24,12,12,8,1,2,1,5
2020,d,C,6,W,60,60,0,0,200,77,96,33,5,0,146,180,3,3,19,14,11,16,42
2020,d,C,6,L,55,0,55,0,79,231,36,133,0,2,165,130,2,2,32,14,5,4,23
2020,d,C,6,T,5,0,0,5,10,9,3,4,0,0,15,15,5,5,3,1,1,0,2
2020,d,C,7,W,60,60,0,0,234,86,62,24,5,0,86,120,3,3,33,9,8,10,29
2020,d,C,7,L,55,0,55,0,86,280,29,84,0,2,110,75,2,2,36,12,4,3,19
2020,d,C,7,T,5,0,0,5,12,11,1,2,0,0,10,10,5,5,4,1,0,0,1
2020,db,C,6,W,56,56,0,0,207,85,126,40,0,0,140,168,0,0,16,9,9,22,40
2020,db,C,6,L,57,0,57,0,103,217,46,97,0,0,168,136,0,0,36,8,7,6,21
2020,db,C,6,T,6,0,0,6,24,25,8,7,0,0,18,18,6,6,3,0,2,1,3
2020,db,C,7,W,56,56,0,0,260,100,73,25,0,0,84,112,0,0,26,10,7,13,30
2020,db,C,7,L,56,0,56,0,113,241,35,71,0,0,112,80,0,0,36,10,7,3,20
2020,db,C,7,T,6,0,0,6,27,28,5,4,0,0,12,12,6,6,4,0,1,1,2
2020,e,P,6,W,55,55,0,0,253,98,117,35,3,1,134,163,2,2,19,8,13,15,38
2020,e,P,6,L,57,0,57,0,122,233,37,129,0,1,169,141,1,1,36,10,6,5,21
2020,e,P,6,T,8,0,0,8,18,17,7,8,0,0,24,24,8,8,5,1,0,2,3
2020,e,P,7,W,55,55,0,0,309,108,61,25,3,1,79,108,2,2,30,13,4,8,27
2020,e,P,7,L,57,0,57,0,133,276,26,86,0,1,112,84,1,1,39,11,6,1,18
2020,e,P,7,T,8,0,0,8,19,21,6,4,0,0,16,16,8,8,6,0,0,2,2
2020,f,P,6,W,53,53,0,0,217,94,103,41,3,1,130,159,2,2,18,15,5,15,36
2020,f,P,6,L,62,0,62,0,119,274,36,100,1,4,186,153,2,2,40,13,5,4,22
2020,f,P,6,T,5,0,0,5,12,9,2,5,0,0,15,15,5,5,3,2,0,0,2
2020,f,P,7,W,53,53,0,0,265,104,55,31,3,1,77,106,2,2,31,9,5,8,23
2020,f,P,7,L,62,0,62,0,121,324,34,50,1,4,124,91,2,2,42,11,5,4,20
2020,f,P,7,T,5,0,0,5,13,10,1,4,0,0,10,10,5,5,4,1,0,0,1
2020,g,C,6,W,67,67,0,0,304,86,100,58,0,0,162,198,0,0,25,20,8,14,42
2020,g,C,6,L,45,0,45,0,61,154,42,97,0,1,135,111,1,1,22,11,7,5,23
2020,g,C,6,T,8,0,0,8,16,17,9,8,0,0,24,24,8,8,4,0,3,1,4
2020,g,C,7,W,66,66,0,0,346,99,56,44,0,0,96,132,0,0,37,16,5,8,29
2020,g,C,7,L,45,0,45,0,71,192,32,59,0,1,90,66,1,1,25,11,7,2,20
2020,g,C,7,T,8,0,0,8,22,20,3,5,0,0,16,16,8,8,6,1,1,0,2
2020,h,P,6,W,73,73,0,0,280,99,120,44,2,0,183,219,2,2,26,16,10,21,48
2020,h,P,6,L,42,0,42,0,85,155,29,75,2,3,126,106,1,1,24,10,5,3,19
2020,h,P,6,T,5,0,0,5,11,8,2,5,0,0,15,15,5,5,4,0,1,0,1
2020,h,P,7,W,73,73,0,0,324,113,76,30,2,0,110,146,2,2,41,10,11,11,33
2020,h,P,7,L,42,0,42,0,98,196,16,34,2,3,84,64,1,1,31,7,3,1,12
2020,h,P,7,T,5,0,0,5,13,11,0,2,0,0,10,10,5,5,5,0,0,0,0
2020,l,P,6,W,58,58,0,0,223,121,88,27,1,0,144,174,1,1,21,12,9,16,38
2020,l,P,6,L,58,0,58,0,100,272,50,106,0,0,174,138,0,0,28,16,10,4,30
2020,l,P,6,T,4,0,0,4,12,14,5,3,0,0,12,12,4,4,2,0,1,1,2
2020,l,P,7,W,58,58,0,0,248,132,63,16,1,0,86,116,1,1,28,11,9,10,31
2020,l,P,7,L,58,0,58,0,117,320,33,58,0,0,116,80,0,0,38,9,9,2,20
2020,l,P,7,T,4,0,0,4,17,14,0,3,0,0,8,8,4,4,4,0,0,0,0
2020,m,P,6,W,60,60,0,0,247,122,92,42,6,2,150,180,3,3,22,12,9,17,39
2020,m,P,6,L,57,0,57,0,76,221,30,80,0,2,169,141,2,2,35,16,4,2,22
2020,m,P,6,T,3,0,0,3,9,6,1,4,0,0,9,9,3,3,2,1,0,0,1
2020,m,P,7,W,60,60,0,0,286,135,53,29,6,2,90,120,3,3,36,7,8,9,26
2020,m,P,7,L,57,0,57,0,87,251,19,50,0,2,112,84,2,2,41,13,3,0,16
2020,m,P,7,T,3,0,0,3,10,9,0,1,0,0,6,6,3,3,3,0,0,0,0
2020,s,C,6,W,41,41,0,0,183,81,72,46,6,0,102,123,4,4,15,8,5,13,28
2020,s,C,6,L,69,0,69,0,118,302,53,119,0,5,207,175,3,3,38,17,10,4,31
2020,s,C,6,T,10,0,0,10,26,27,10,9,0,0,30,30,10,10,6,3,0,1,4
2020,s,C,7,W,41,41,0,0,217,95,38,32,6,0,61,82,4,4,24,6,4,7,21
2020,s,C,7,L,69,0,69,0,131,359,40,62,0,5,138,106,3,3,44,16,6,3,25
2020,s,C,7,T,10,0,0,10,30,36,6,0,0,0,20,20,10,10,6,3,0,1,4
2020,t,C,6,W,59,59,0,0,262,111,105,37,2,0,143,177,1,1,18,17,8,16,42
2020,t,C,6,L,53,0,53,0,58,189,41,94,0,4,159,129,2,2,34,8,5,6,19
2020,t,C,6,T,7,0,0,7,18,13,4,9,1,1,21,21,7,7,5,0,2,0,2
2020,t,C,7,W,59,59,0,0,299,122,68,26,2,0,84,118,1,1,29,16,3,11,31
2020,t,C,7,L,53,0,53,0,74,238,25,45,0,4,106,76,2,2,40,9,0,4,13
2020,t,C,7,T,7,0,0,7,18,17,4,5,1,1,14,14,7,7,5,0,2,0,2
2021,b,P,6,W,70,70,0,0,264,84,109,49,0,0,177,210,0,0,26,16,10,18,44
2021,b,P,6,L,55,0,55,0,80,223,45,91,0,0,165,132,0,0,25,17,12,1,30
2021,b,P,6,T,18,0,0,18,25,35,28,18,0,0,54,54,0,0,5,3,6,4,13
2021,b,P,7,W,70,70,0,0,297,103,76,30,0,0,107,140,0,0,36,14,8,12,34
2021,b,P,7,L,55,0,55,0,97,265,28,49,0,0,110,77,0,0,32,18,5,0,23
2021,b,P,7,T,18,0,0,18,32,38,21,15,0,0,36,36,0,0,9,2,3,4,9
2021,c,C,6,W,63,63,0,0,272,110,111,60,0,0,160,189,0,0,22,12,14,15,41
2021,c,C,6,L,68,0,68,0,113,271,43,130,0,0,203,173,0,0,45,11,7,5,23
2021,c,C,6,T,12,0,0,12,13,11,5,7,0,0,36,36,0,0,8,3,1,0,4
2021,c,C,7,W,63,63,0,0,319,132,64,38,0,0,97,126,0,0,33,12,8,10,30
2021,c,C,7,L,68,0,68,0,127,314,29,87,0,0,135,105,0,0,53,7,5,3,15
2021,c,C,7,T,12,0,0,12,16,15,2,3,0,0,24,24,0,0,10,2,0,0,2
2021,d,C,6,W,55,55,0,0,161,71,92,28,0,0,133,165,0,0,17,15,8,15,38
2021,d,C,6,L,71,0,71,0,89,267,29,78,0,0,210,171,0,0,49,16,5,1,22
2021,d,C,6,T,17,0,0,17,25,23,9,11,0,0,51,51,0,0,10,5,2,0,7
2021,d,C,7,W,55,55,0,0,184,85,69,14,0,0,78,110,0,0,24,15,6,10,31
2021,d,C,7,L,70,0,70,0,101,303,15,39,0,0,140,101,0,0,58,10,1,1,12
2021,d,C,7,T,17,0,0,17,27,25,7,9,0,0,34,34,0,0,12,3,2,0,5
2021,db,C,6,W,54,54,0,0,237,100,96,44,0,0,135,158,0,0,18,10,11,15,36
2021,db,C,6,L,73,0,73,0,104,304,64,118,0,0,219,186,0,0,40,17,11,5,33
2021,db,C,6,T,16,0,0,16,43,36,15,22,0,0,48,48,0,0,10,1,2,3,6
2021,db,C,7,W,53,53,0,0,282,111,48,31,0,0,82,105,0,0,27,13,6,7,26
2021,db,C,7,L,73,0,73,0,132,349,36,73,0,0,146,113,0,0,55,9,6,3,18
2021,db,C,7,T,16,0,0,16,48,48,10,10,0,0,32,32,0,0,12,1,1,2,4
2021,e,P,6,W,66,66,0,0,251,98,103,38,0,0,168,198,0,0,26,16,7,17,40
2021,e,P,6,L,62,0,62,0,92,241,40,84,0,0,186,160,0,0,40,12,5,5,22
2021,e,P,6,T,15,0,0,15,35,36,11,10,0,0,45,45,0,0,9,4,0,2,6
2021,e,P,7,W,66,66,0,0,290,116,64,20,0,0,102,132,0,0,34,18,6,8,32
2021,e,P,7,L,62,0,62,0,110,263,22,62,0,0,124,98,0,0,45,13,3,1,17
2021,e,P,7,T,15,0,0,15,39,40,7,6,0,0,30,30,0,0,11,3,0,1,4
2021,f,P,6,W,55,55,0,0,191,57,81,34,0,0,144,165,0,0,26,7,7,15,29
2021,f,P,6,L,68,0,68,0,84,252,34,108,0,0,204,174,0,0,48,12,4,4,20
2021,f,P,6,T,20,0,0,20,41,34,23,30,0,0,60,60,0,0,9,6,2,3,11
2021,f,P,7,W,55,55,0,0,228,68,44,23,0,0,89,110,0,0,36,5,6,8,19
2021,f,P,7,L,68,0,68,0,93,287,25,73,0,0,136,106,0,0,53,9,3,3,15
2021,f,P,7,T,20,0,0,20,54,43,10,21,0,0,40,40,0,0,12,6,2,0,8
2021,g,C,6,W,61,61,0,0,252,100,97,38,0,0,154,183,0,0,21,16,10,14,40
2021,g,C,6,L,62,0,62,0,87,249,51,89,0,0,182,153,0,0,38,12,5,7,24
2021,g,C,6,T,20,0,0,20,46,42,19,23,0,0,60,60,0,0,9,5,4,2,11
2021,g,C,7,W,61,61,0,0,295,117,54,21,0,0,93,122,0,0,38,10,5,8,23
2021,g,C,7,L,61,0,61,0,106,282,31,52,0,0,120,92,0,0,43,11,4,3,18
2021,g,C,7,T,20,0,0,20,52,48,13,17,0,0,40,40,0,0,11,6,2,1,9
2021,h,P,6,W,60,60,0,0,270,79,98,39,0,0,151,180,0,0,19,15,9,17,41
2021,h,P,6,L,62,0,62,0,81,225,52,87,0,0,186,156,0,0,34,15,5,8,28
2021,h,P,6,T,21,0,0,21,41,39,22,24,0,0,63,63,0,0,9,6,4,2,12
2021,h,P,7,W,60,60,0,0,305,94,63,24,0,0,91,120,0,0,31,11,8,10,29
2021,h,P,7,L,62,0,62,0,102,262,31,50,0,0,124,94,0,0,41,14,4,3,21
2021,h,P,7,T,21,0,0,21,52,55,11,8,0,0,42,42,0,0,13,6,1,1,8
2021,l,P,6,W,55,55,0,0,217,86,79,34,0,0,137,165,0,0,25,9,5,16,30
2021,l,P,6,L,69,0,69,0,104,273,48,114,0,0,207,178,0,0,39,18,6,6,30
2021,l,P,6,T,18,0,0,18,49,55,23,17,0,0,54,54,0,0,7,4,4,3,11
2021,l,P,7,W,55,55,0,0,238,100,58,20,0,0,82,110,0,0,32,8,3,12,23
2021,l,P,7,L,69,0,69,0,126,316,26,71,0,0,138,109,0,0,51,12,4,2,18
2021,l,P,7,T,18,0,0,18,61,60,11,12,0,0,36,36,0,0,12,2,3,1,6
2021,m,P,6,W,67,67,0,0,269,123,117,55,0,0,172,201,0,0,22,13,13,19,45
2021,m,P,6,L,57,0,57,0,94,231,44,101,0,0,171,150,0,0,35,8,8,6,22
2021,m,P,6,T,19,0,0,19,36,41,24,19,0,0,57,57,0,0,7,4,4,4,12
2021,m,P,7,W,67,67,0,0,312,141,74,37,0,0,105,134,0,0,31,15,8,13,36
2021,m,P,7,L,57,0,57,0,106,257,32,75,0,0,114,93,0,0,41,5,7,4,16
2021,m,P,7,T,19,0,0,19,41,53,19,7,0,0,38,38,0,0,9,3,5,2,10
2021,s,C,6,W,72,72,0,0,292,122,124,47,0,0,184,216,0,0,25,15,10,22,47
2021,s,C,6,L,52,0,52,0,106,209,48,107,0,0,156,134,0,0,26,16,5,5,26
2021,s,C,6,T,18,0,0,18,34,29,11,16,0,0,54,54,0,0,11,5,1,1,7
2021,s,C,7,W,72,72,0,0,337,139,79,30,0,0,112,144,0,0,39,12,8,13,33
2021,s,C,7,L,52,0,52,0,128,255,26,61,0,0,104,82,0,0,35,10,5,2,17
2021,s,C,7,T,18,0,0,18,39,34,6,11,0,0,36,36,0,0,13,4,1,0,5
2021,t,C,6,W,77,77,0,0,281,93,116,57,0,0,195,227,0,0,32,15,11,19,45
2021,t,C,6,L,56,0,56,0,89,212,25,116,0,0,168,143,0,0,42,5,7,2,14
2021,t,C,6,T,10,0,0,10,18,25,12,5,0,0,30,30,0,0,3,4,2,1,7
2021,t,C,7,W,76,76,0,0,316,121,77,28,0,0,119,150,0,0,42,16,6,12,34
2021,t,C,7,L,56,0,56,0,99,250,15,78,0,0,112,87,0,0,46,6,3,1,10
2021,t,C,7,T,10,0,0,10,23,25,7,5,0,0,20,20,0,0,6,2,1,1,4
2022,b,P,6,W,76,76,0,0,247,90,99,33,9,1,197,228,13,13,29,20,14,13,49
2022,b,P,6,L,65,0,65,0,88,224,44,100,0,7,193,165,12,12,41,11,7,6,24
2022,b,P,6,T,2,0,0,2,3,0,0,3,0,0,4,4,3,3,2,0,0,0,0
2022,b,P,7,W,76,76,0,0,284,109,62,14,9,1,121,152,13,13,44,13,11,8,34
2022,b,P,7,L,65,0,65,0,103,266,29,58,0,7,128,100,12,12,46,11,6,2,19
2022,b,P,7,T,2,0,0,2,3,3,0,0,0,0,2,2,3,3,2,0,0,0,0
2022,c,C,6,W,66,66,0,0,291,107,74,32,18,3,169,198,14,14,33,16,6,11,39
2022,c,C,6,L,74,0,74,0,113,274,43,107,2,10,219,183,13,13,50,12,7,5,26
2022,c,C,6,T,3,0,0,3,10,10,1,1,0,0,9,9,9,9,2,1,0,0,1
2022,c,C,7,W,66,66,0,0,319,119,46,20,18,3,103,132,14,14,42,12,6,6,31
2022,c,C,7,L,73,0,73,0,138,293,18,80,2,10,146,110,13,13,60,9,3,1,15
2022,c,C,7,T,3,0,0,3,11,10,0,1,0,0,6,6,9,9,3,0,0,0,0
2022,d,C,6,W,66,66,0,0,186,76,86,29,14,1,167,198,13,13,23,19,12,12,49
2022,d,C,6,L,75,0,75,0,90,284,35,99,0,3,225,186,6,6,55,10,7,3,20
2022,d,C,6,T,2,0,0,2,1,1,0,0,2,2,6,6,6,6,2,0,0,0,1
2022,d,C,7,W,66,66,0,0,205,89,67,16,14,1,101,132,13,13,30,17,10,9,43
2022,d,C,7,L,75,0,75,0,103,325,22,58,0,3,150,111,6,6,61,8,5,1,14
2022,d,C,7,T,2,0,0,2,1,1,0,0,2,2,4,4,6,6,2,0,0,0,1
2022,db,C,6,W,73,73,0,0,249,105,88,34,14,0,181,216,13,13,29,20,11,13,50
2022,db,C,6,L,68,0,68,0,104,307,38,79,1,6,204,172,7,7,43,13,11,1,26
2022,db,C,6,T,2,0,0,2,1,0,0,1,2,2,6,6,6,6,2,0,0,0,1
2022,db,C,7,W,72,72,0,0,269,113,61,21,14,0,109,144,13,13,38,17,9,8,40
2022,db,C,7,L,68,0,68,0,115,339,27,47,1,6,136,104,7,7,51,8,8,1,18
2022,db,C,7,T,2,0,0,2,1,0,0,1,2,2,4,4,6,6,2,0,0,0,1
2022,e,P,6,W,69,69,0,0,259,103,126,46,9,0,180,204,11,11,21,11,16,21,51
2022,e,P,6,L,71,0,71,0,93,259,36,96,1,9,213,185,6,6,48,14,7,2,23
2022,e,P,6,T,3,0,0,3,3,6,6,3,0,0,9,9,9,9,0,1,1,1,3
2022,e,P,7,W,68,68,0,0,326,113,57,35,9,0,112,136,11,11,38,13,11,6,35
2022,e,P,7,L,71,0,71,0,112,303,17,52,1,9,142,114,6,6,57,11,3,0,15
2022,e,P,7,T,3,0,0,3,8,9,1,0,0,0,6,6,9,9,2,1,0,0,1
2022,f,P,6,W,59,59,0,0,212,65,72,40,16,2,149,177,10,10,30,8,7,14,35
2022,f,P,6,L,81,0,81,0,125,273,33,143,0,6,243,204,8,8,56,18,6,1,25
2022,f,P,6,T,3,0,0,3,4,5,1,0,0,0,7,7,6,6,2,1,0,0,1
2022,f,P,7,W,59,59,0,0,247,81,37,24,16,2,90,118,10,10,42,6,3,8,23
2022,f,P,7,L,81,0,81,0,135,317,23,99,0,6,162,123,8,8,64,12,4,1,17
2022,f,P,7,T,3,0,0,3,5,5,0,0,0,0,4,4,6,6,3,0,0,0,0
2022,g,C,6,W,68,68,0,0,267,109,105,60,6,0,172,204,5,5,27,12,13,16,44
2022,g,C,6,L,72,0,72,0,121,276,35,115,1,16,216,181,10,10,51,13,4,4,22
2022,g,C,6,T,3,0,0,3,7,7,4,4,2,2,9,9,9,9,0,2,1,0,3
2022,g,C,7,W,68,68,0,0,315,123,57,46,6,0,104,136,5,5,41,9,11,7,30
2022,g,C,7,L,72,0,72,0,137,313,19,78,1,16,144,109,10,10,60,6,5,1,13
2022,g,C,7,T,3,0,0,3,8,9,3,2,2,2,6,6,9,9,1,1,1,0,2
2022,h,P,6,W,76,76,0,0,308,95,114,38,8,0,190,228,7,7,30,16,15,15,49
2022,h,P,6,L,65,0,65,0,86,245,36,77,0,13,192,164,11,11,37,20,8,0,28
2022,h,P,6,T,2,0,0,2,3,3,0,0,0,0,6,6,6,6,2,0,0,0,0
2022,h,P,7,W,76,76,0,0,351,114,71,19,8,0,114,152,7,7,45,14,9,8,34
2022,h,P,7,L,64,0,64,0,96,273,25,47,0,13,128,100,11,11,43,17,4,0,21
2022,h,P,7,T,2,0,0,2,3,3,0,0,0,0,4,4,6,6,2,0,0,0,0
2022,l,P,6,W,72,72,0,0,246,100,88,30,6,0,179,216,9,9,30,16,12,14,43
2022,l,P,6,L,68,0,68,0,86,199,33,109,0,5,204,171,5,5,42,20,5,1,26
2022,l,P,6,T,3,0,0,3,2,3,3,2,0,0,9,9,9,9,2,0,0,1,1
2022,l,P,7,W,72,72,0,0,277,110,57,20,6,0,107,144,9,9,38,18,10,6,36
2022,l,P,7,L,68,0,68,0,96,254,23,54,0,5,136,103,5,5,49,15,4,0,19
2022,l,P,7,T,3,0,0,3,5,4,0,1,0,0,6,6,9,9,3,0,0,0,0
2022,m,P,6,W,69,69,0,0,231,106,125,36,7,0,178,205,6,6,22,17,9,21,50
2022,m,P,6,L,73,0,73,0,92,259,42,119,1,13,219,188,16,16,48,14,7,4,26
2022,m,P,6,T,1,0,0,1,3,1,0,2,0,0,3,3,3,3,1,0,0,0,0
2022,m,P,7,W,69,69,0,0,271,116,85,26,7,0,109,136,6,6,35,13,6,15,38
2022,m,P,7,L,73,0,73,0,110,295,24,83,1,13,146,115,16,16,59,9,2,3,15
2022,m,P,7,T,1,0,0,1,3,3,0,0,0,0,2,2,3,3,1,0,0,0,0
2022,s,C,6,W,80,80,0,0,302,139,148,47,14,2,209,240,13,13,29,16,12,23,55
2022,s,C,6,L,59,0,59,0,96,256,39,95,1,8,177,158,5,5,38,12,4,5,21
2022,s,C,6,T,4,0,0,4,12,14,5,3,2,2,12,12,12,12,2,0,1,1,3
2022,s,C,7,W,80,80,0,0,357,159,93,27,14,2,129,160,13,13,44,13,9,14,40
2022,s,C,7,L,59,0,59,0,107,304,28,47,1,8,118,99,5,5,43,11,1,4,16
2022,s,C,7,T,4,0,0,4,14,15,3,2,2,2,8,8,12,12,3,0,0,1,2
2022,t,C,6,W,68,68,0,0,253,86,102,21,2,0,167,201,4,4,29,13,11,15,39
2022,t,C,6,L,71,0,71,0,87,195,32,88,2,27,210,181,19,19,52,9,7,3,19
2022,t,C,6,T,4,0,0,4,6,5,5,6,0,0,12,12,12,12,1,1,2,0,3
2022,t,C,7,W,67,67,0,0,285,95,62,12,2,0,100,134,4,4,36,12,13,6,31
2022,t,C,7,L,70,0,70,0,89,224,25,52,2,27,140,111,19,19,55,7,6,2,17
2022,t,C,7,T,4,0,0,4,6,6,5,5,0,0,8,8,12,12,1,1,2,0,3
2023,b,P,6,W,86,86,0,0,281,100,125,46,6,0,224,258,8,8,34,20,15,17,56
2023,b,P,6,L,53,0,53,0,56,188,35,80,0,9,159,139,6,6,31,14,4,4,22
2023,b,P,6,T,4,0,0,4,4,5,1,0,0,0,12,12,12,12,3,1,0,0,1
2023,b,P,7,W,86,86,0,0,337,117,69,29,6,0,138,172,8,8,51,16,8,11,39
2023,b,P,7,L,53,0,53,0,73,205,18,63,0,9,106,86,6,6,40,9,3,1,13
2023,b,P,7,T,4,0,0,4,4,5,1,0,0,0,8,8,12,12,3,1,0,0,1
2023,c,C,6,W,73,73,0,0,234,114,95,48,15,1,182,218,11,11,30,13,16,14,46
2023,c,C,6,L,65,0,65,0,82,226,49,101,3,6,195,164,6,6,34,20,8,3,32
2023,c,C,6,T,4,0,0,4,8,12,4,0,0,0,12,12,12,12,1,2,1,0,3
2023,c,C,7,W,73,73,0,0,273,130,56,32,15,1,109,145,11,11,41,16,11,5,35
2023,c,C,7,L,65,0,65,0,107,260,24,67,3,6,130,99,6,6,47,13,4,1,19
2023,c,C,7,T,4,0,0,4,10,12,2,0,0,0,8,8,12,12,2,2,0,0,2
2023,d,C,6,W,56,56,0,0,169,63,72,32,10,1,144,168,12,12,23,11,15,7,38
2023,d,C,6,L,82,0,82,0,101,271,31,117,1,8,246,209,14,14,59,18,3,2,24
2023,d,C,6,T,5,0,0,5,6,2,0,4,0,0,15,15,15,15,5,0,0,0,0
2023,d,C,7,W,56,56,0,0,196,82,45,13,10,1,88,112,12,12,30,14,9,3,31
2023,d,C,7,L,82,0,82,0,106,309,26,79,1,8,164,127,14,14,63,14,4,1,20
2023,d,C,7,T,5,0,0,5,6,4,0,2,0,0,10,10,15,15,5,0,0,0,0
2023,db,C,6,W,74,74,0,0,252,90,108,53,7,1,186,222,9,9,33,18,6,17,45
2023,db,C,6,L,66,0,66,0,102,233,46,107,0,7,198,170,15,15,42,11,7,6,24
2023,db,C,6,T,3,0,0,3,2,5,3,0,0,0,9,9,9,9,1,1,1,0,2
2023,db,C,7,W,74,74,0,0,298,106,62,37,7,1,112,148,9,9,43,19,5,7,36
2023,db,C,7,L,66,0,66,0,118,260,30,80,0,7,132,104,15,15,49,9,6,2,17
2023,db,C,7,T,3,0,0,3,3,5,2,0,0,0,6,6,9,9,2,0,1,0,1
2023,e,P,6,W,70,70,0,0,232,113,115,48,5,0,180,210,8,8,26,15,10,19,47
2023,e,P,6,L,71,0,71,0,87,253,65,128,0,5,213,181,4,4,36,16,10,9,35
2023,e,P,6,T,2,0,0,2,7,9,2,0,0,0,6,6,6,6,1,0,1,0,1
2023,e,P,7,W,70,70,0,0,262,129,85,32,5,0,110,140,8,8,37,12,8,13,37
2023,e,P,7,L,71,0,71,0,112,298,40,83,0,5,142,110,4,4,45,14,10,2,26
2023,e,P,7,T,2,0,0,2,8,9,1,0,0,0,4,4,6,6,1,1,0,0,1
2023,f,P,6,W,60,60,0,0,235,73,66,39,3,0,153,180,4,4,23,18,13,6,37
2023,f,P,6,L,82,0,82,0,117,261,42,112,0,10,246,216,13,13,53,19,8,2,29
2023,f,P,6,T,1,0,0,1,1,1,0,0,0,0,3,3,3,3,1,0,0,0,0
2023,f,P,7,W,60,60,0,0,261,88,40,24,3,0,93,120,4,4,35,16,5,4,27
2023,f,P,7,L,82,0,82,0,134,301,25,72,0,10,164,134,13,13,62,17,2,1,20
2023,f,P,7,T,1,0,0,1,1,1,0,0,0,0,2,2,3,3,1,0,0,0,0
2023,g,C,6,W,71,71,0,0,244,104,121,53,16,3,184,213,15,15,22,16,13,20,53
2023,g,C,6,L,70,0,70,0,90,216,49,112,1,17,207,171,10,10,39,18,8,5,31
2023,g,C,6,T,2,0,0,2,2,2,0,0,0,0,6,6,6,6,2,0,0,0,0
2023,g,C,7,W,71,71,0,0,269,128,96,29,16,3,113,142,15,15,29,16,11,15,48
2023,g,C,7,L,69,0,69,0,110,266,29,56,1,17,138,101,10,10,50,11,6,2,19
2023,g,C,7,T,2,0,0,2,2,2,0,0,0,0,4,4,6,6,2,0,0,0,0
2023,h,P,6,W,71,71,0,0,246,121,130,35,15,0,183,213,13,13,25,15,10,21,51
2023,h,P,6,L,69,0,69,0,96,248,41,91,0,4,207,175,5,5,44,11,12,2,25
2023,h,P,6,T,3,0,0,3,8,7,0,1,0,0,9,9,9,9,3,0,0,0,0
2023,h,P,7,W,71,71,0,0,296,136,80,20,15,0,112,142,13,13,39,9,9,14,37
2023,h,P,7,L,69,0,69,0,109,295,28,44,0,4,138,106,5,5,50,12,5,2,19
2023,h,P,7,T,3,0,0,3,8,7,0,1,0,0,6,6,9,9,3,0,0,0,0
2023,l,P,6,W,65,65,0,0,203,53,85,45,2,0,165,195,3,3,26,13,15,11,39
2023,l,P,6,L,77,0,77,0,92,266,49,83,0,14,231,199,14,14,45,20,8,4,32
2023,l,P,6,T,1,0,0,1,4,2,0,2,0,0,3,3,3,3,1,0,0,0,0
2023,l,P,7,W,65,65,0,0,235,66,53,32,2,0,100,130,3,3,38,12,9,6,27
2023,l,P,7,L,77,0,77,0,109,299,32,50,0,14,154,122,14,14,55,14,6,2,22
2023,l,P,7,T,1,0,0,1,4,3,0,1,0,0,2,2,3,3,1,0,0,0,0
2023,m,P,6,W,70,70,0,0,234,99,106,57,8,0,176,210,10,10,27,11,15,17,48
2023,m,P,6,L,68,0,68,0,97,232,51,123,0,4,204,169,9,9,42,12,7,7,26
2023,m,P,6,T,5,0,0,5,6,8,3,1,0,0,15,15,15,15,4,0,0,1,1
2023,m,P,7,W,70,70,0,0,290,119,50,37,8,0,106,140,10,10,44,9,12,5,31
2023,m,P,7,L,68,0,68,0,112,291,36,64,0,4,136,101,9,9,47,12,5,4,21
2023,m,P,7,T,5,0,0,5,9,8,0,1,0,0,10,10,15,15,5,0,0,0,0
2023,s,C,6,W,57,57,0,0,218,93,91,36,3,0,138,168,6,6,19,18,7,13,41
2023,s,C,6,L,83,0,83,0,149,295,61,121,1,11,248,210,12,12,47,20,10,6,36
2023,s,C,6,T,3,0,0,3,10,9,1,2,0,0,9,9,9,9,2,1,0,0,1
2023,s,C,7,W,56,56,0,0,247,107,56,22,3,0,81,112,6,6,33,9,6,8,26
2023,s,C,7,L,83,0,83,0,172,348,38,68,1,11,165,127,12,12,56,19,5,3,27
2023,s,C,7,T,3,0,0,3,11,10,0,1,0,0,6,6,9,9,3,0,0,0,0
2023,t,C,6,W,85,85,0,0,296,114,134,59,12,1,218,255,13,13,29,19,16,21,59
2023,t,C,6,L,52,0,52,0,68,155,32,73,1,7,156,130,4,4,32,14,2,4,20
2023,t,C,6,T,5,0,0,5,11,7,1,5,0,0,15,15,15,15,4,1,0,0,1
2023,t,C,7,W,85,85,0,0,351,138,79,35,12,1,133,170,13,13,45,18,13,9,44
2023,t,C,7,L,52,0,52,0,84,183,16,45,1,7,104,78,4,4,41,8,1,2,12
2023,t,C,7,T,5,0,0,5,11,11,1,1,0,0,10,10,15,15,4,1,0,0,1
2024,b,P,6,W,63,63,0,0,189,63,80,24,6,0,161,186,5,5,28,12,14,9,38
2024,b,P,6,L,76,0,76,0,89,247,30,95,0,8,226,190,14,14,55,14,6,1,21
2024,b,P,6,T,3,0,0,3,5,5,2,2,0,0,9,9,9,9,1,2,0,0,2
2024,b,P,7,W,62,62,0,0,215,66,46,20,6,0,98,124,5,5,37,11,10,4,30
2024,b,P,7,L,76,0,76,0,104,277,15,65,0,8,150,114,14,14,66,7,2,1,10
2024,b,P,7,T,3,0,0,3,5,7,2,0,0,0,6,6,9,9,1,2,0,0,2
2024,c,C,6,W,68,68,0,0,212,69,83,38,12,1,169,204,14,14,32,13,8,15,40
2024,c,C,6,L,70,0,70,0,67,214,35,83,1,9,210,177,8,8,47,15,4,4,23
2024,c,C,6,T,4,0,0,4,1,4,4,1,0,0,12,12,12,12,2,1,0,1,2
2024,c,C,7,W,68,68,0,0,245,82,50,25,12,1,101,136,14,14,42,14,4,8,30
2024,c,C,7,L,70,0,70,0,85,251,17,46,1,9,140,107,8,8,57,11,0,2,13
2024,c,C,7,T,4,0,0,4,2,4,3,1,0,0,8,8,12,12,3,0,0,1,1
2024,d,C,6,W,60,60,0,0,169,74,58,19,3,0,149,180,6,6,33,12,6,9,28
2024,d,C,6,L,75,0,75,0,74,262,51,91,1,15,223,187,13,13,45,16,9,5,31
2024,d,C,6,T,8,0,0,8,9,13,8,4,0,0,24,24,24,24,4,2,1,1,4
2024,d,C,7,W,60,60,0,0,188,80,39,13,3,0,89,120,6,6,39,11,5,5,23
2024,d,C,7,L,74,0,74,0,92,302,33,48,1,15,148,113,13,13,51,17,3,3,24
2024,d,C,7,T,8,0,0,8,13,14,4,3,0,0,16,16,24,24,6,0,2,0,2
2024,db,C,6,W,71,71,0,0,286,101,85,42,8,1,182,211,10,10,35,18,7,11,41
2024,db,C,6,L,69,0,69,0,108,242,29,102,3,12,207,182,10,10,49,15,1,4,21
2024,db,C,6,T,3,0,0,3,2,2,1,1,0,0,9,9,9,9,2,1,0,0,1
2024,db,C,7,W,70,70,0,0,312,124,53,18,8,1,112,140,10,10,46,12,4,8,29
2024,db,C,7,L,69,0,69,0,121,288,16,56,3,12,138,113,10,10,58,8,1,2,12
2024,db,C,7,T,3,0,0,3,2,2,1,1,0,0,6,6,9,9,2,1,0,0,1
2024,e,P,6,W,67,67,0,0,246,103,99,39,7,1,178,201,8,8,31,12,8,16,40
2024,e,P,6,L,71,0,71,0,81,305,43,102,0,9,208,181,9,9,48,9,10,4,23
2024,e,P,6,T,4,0,0,4,5,7,11,9,0,0,12,12,12,12,0,1,2,1,4
2024,e,P,7,W,67,67,0,0,292,117,53,25,7,1,111,134,8,8,45,8,5,9,26
2024,e,P,7,L,69,0,69,0,93,328,29,65,0,9,138,111,9,9,50,10,8,1,19
2024,e,P,7,T,4,0,0,4,7,13,9,3,0,0,8,8,12,12,1,1,1,1,3
2024,f,P,6,W,75,75,0,0,251,115,118,38,14,0,194,225,15,15,27,16,14,18,52
2024,f,P,6,L,60,0,60,0,81,216,40,82,2,8,180,152,11,11,34,15,9,2,27
2024,f,P,6,T,8,0,0,8,13,13,11,11,2,2,24,24,24,24,4,2,1,1,5
2024,f,P,7,W,75,75,0,0,299,126,70,27,14,0,119,150,15,15,40,16,11,8,43
2024,f,P,7,L,60,0,60,0,95,246,26,52,2,8,120,92,11,11,45,7,6,2,16
2024,f,P,7,T,8,0,0,8,22,13,2,11,2,2,16,16,24,24,6,2,0,0,3
2024,g,C,6,W,77,77,0,0,244,75,105,34,6,0,196,229,12,12,33,13,19,12,46
2024,g,C,6,L,59,0,59,0,67,182,30,74,0,6,177,155,8,8,41,10,4,4,18
2024,g,C,6,T,6,0,0,6,6,4,4,6,0,0,18,18,16,15,2,4,0,0,4
2024,g,C,7,W,77,77,0,0,287,95,62,14,6,0,119,152,12,12,48,11,10,8,31
2024,g,C,7,L,59,0,59,0,73,207,24,49,0,6,118,96,8,8,45,7,4,3,14
2024,g,C,7,T,6,0,0,6,7,6,3,4,0,0,12,12,16,15,3,3,0,0,3
2024,h,P,6,W,91,91,0,0,353,98,133,57,12,2,230,270,15,15,35,20,18,18,60
2024,h,P,6,L,49,0,49,0,67,144,29,72,0,4,147,125,7,7,33,9,3,4,16
2024,h,P,6,T,3,0,0,3,8,8,3,3,2,2,9,9,9,9,2,0,0,1,2
2024,h,P,7,W,90,90,0,0,395,119,81,35,12,2,139,180,15,15,54,13,14,9,42
2024,h,P,7,L,49,0,49,0,77,168,19,48,0,4,98,76,7,7,37,7,4,1,12
2024,h,P,7,T,3,0,0,3,10,8,1,3,2,2,6,6,9,9,2,1,0,0,2
2024,l,P,6,W,49,49,0,0,136,41,73,28,2,0,121,147,4,4,18,12,6,13,32
2024,l,P,6,L,91,0,91,0,81,259,53,138,0,14,273,235,21,21,58,20,7,6,33
2024,l,P,6,T,3,0,0,3,4,3,1,2,0,0,9,9,9,9,2,1,0,0,1
2024,l,P,7,W,49,49,0,0,158,52,51,17,2,0,72,98,4,4,26,9,6,8,25
2024,l,P,7,L,91,0,91,0,109,320,25,77,0,14,182,144,21,21,74,10,6,1,17
2024,l,P,7,T,3,0,0,3,4,5,1,0,0,0,6,6,9,9,2,1,0,0,1
2024,m,P,6,W,69,69,0,0,252,79,94,37,7,0,175,205,12,12,28,16,9,16,41
2024,m,P,6,L,66,0,66,0,78,247,36,107,1,5,195,168,3,3,40,19,5,2,27
2024,m,P,6,T,6,0,0,6,10,10,6,6,0,0,18,18,18,18,2,3,0,1,4
2024,m,P,7,W,69,69,0,0,284,94,62,22,7,0,106,136,12,12,38,14,9,8,33
2024,m,P,7,L,65,0,65,0,91,285,22,59,1,5,130,102,3,3,50,9,5,1,16
2024,m,P,7,T,6,0,0,6,10,13,6,3,0,0,12,12,18,18,2,3,0,1,4
2024,s,C,6,W,60,60,0,0,209,97,97,51,11,2,156,180,9,9,13,21,14,12,49
2024,s,C,6,L,76,0,76,0,116,279,48,105,0,3,228,189,5,5,46,16,10,4,30
2024,s,C,6,T,4,0,0,4,13,8,1,6,0,0,12,12,12,12,3,1,0,0,1
2024,s,C,7,W,60,60,0,0,248,115,58,33,11,2,96,120,9,9,29,16,8,7,34
2024,s,C,7,L,76,0,76,0,134,324,30,60,0,3,152,113,5,5,53,18,3,2,23
2024,s,C,7,T,4,0,0,4,13,10,1,4,0,0,8,8,12,12,3,1,0,0,1
2024,t,C,6,W,74,74,0,0,244,86,97,43,14,1,184,220,11,11,34,16,9,15,44
2024,t,C,6,L,62,0,62,0,92,194,26,71,0,9,184,154,12,12,44,10,8,0,18
2024,t,C,6,T,6,0,0,6,9,8,3,4,0,0,18,18,15,16,4,1,1,0,2
2024,t,C,7,W,73,73,0,0,289,104,49,25,14,1,111,146,11,11,50,11,4,8,28
2024,t,C,7,L,62,0,62,0,100,216,18,49,0,9,122,92,12,12,48,10,4,0,14
2024,t,C,7,T,6,0,0,6,10,10,2,2,0,0,12,12,15,16,5,0,1,0,1
2025,b,P,6,W,74,74,0,0,270,96,79,48,23,1,194,222,17,17,34,19,11,10,48
2025,b,P,6,L,66,0,66,0,82,259,38,99,2,8,198,170,7,7,43,13,7,3,23
2025,b,P,6,T,3,0,0,3,3,4,5,4,0,0,9,9,9,9,1,0,1,1,2
2025,b,P,7,W,74,74,0,0,296,113,53,31,23,1,120,148,17,17,46,15,7,6,37
2025,b,P,7,L,66,0,66,0,87,284,33,74,2,8,132,104,7,7,46,12,5,3,20
2025,b,P,7,T,3,0,0,3,5,6,3,2,0,0,6,6,9,9,1,1,1,0,2
2025,c,C,6,W,59,59,0,0,227,80,55,35,8,0,142,177,12,12,26,16,12,5,35
2025,c,C,6,L,78,0,78,0,118,257,27,110,0,8,234,195,12,12,59,14,3,2,19
2025,c,C,6,T,5,0,0,5,4,6,2,0,0,0,12,12,12,12,3,2,0,0,2
2025,c,C,7,W,59,59,0,0,253,92,29,23,8,0,83,118,12,12,39,12,7,1,24
2025,c,C,7,L,78,0,78,0,128,292,17,75,0,8,156,117,12,12,65,10,2,1,13
2025,c,C,7,T,4,0,0,4,4,5,1,0,0,0,8,8,12,12,3,1,0,0,1
2025,d,C,6,W,63,63,0,0,179,96,76,30,11,2,158,189,11,11,30,10,10,13,37
2025,d,C,6,L,78,0,78,0,85,243,50,78,0,12,234,193,15,15,49,15,10,4,29
2025,d,C,6,T,2,0,0,2,2,0,0,2,0,0,6,6,6,6,2,0,0,0,0
2025,d,C,7,W,63,63,0,0,202,106,53,20,11,2,95,126,11,11,37,9,9,8,30
2025,d,C,7,L,78,0,78,0,106,276,29,45,0,12,156,115,15,15,61,8,7,2,17
2025,d,C,7,T,2,0,0,2,2,1,0,1,0,0,4,4,6,6,2,0,0,0,0
2025,db,C,6,W,70,70,0,0,253,99,98,42,9,0,177,210,8,8,28,20,7,15,43
2025,db,C,6,L,66,0,66,0,80,201,50,89,2,8,198,168,9,9,39,15,5,7,27
2025,db,C,6,T,6,0,0,6,9,10,8,7,0,0,15,15,15,15,2,2,0,2,4
2025,db,C,7,W,70,70,0,0,280,114,71,27,9,0,107,140,8,8,36,18,5,11,35
2025,db,C,7,L,66,0,66,0,95,238,35,52,2,8,132,102,9,9,48,10,2,6,18
2025,db,C,7,T,5,0,0,5,13,11,3,5,0,0,10,10,15,15,4,0,0,1,1
2025,e,P,6,W,67,67,0,0,211,81,76,42,14,2,176,201,21,21,29,20,8,10,46
2025,e,P,6,L,74,0,74,0,80,299,60,93,0,4,222,189,7,7,42,16,9,7,32
2025,e,P,6,T,2,0,0,2,4,5,1,0,0,0,6,6,6,6,1,1,0,0,1
2025,e,P,7,W,67,67,0,0,230,97,57,26,14,2,109,134,21,21,34,21,7,5,44
2025,e,P,7,L,74,0,74,0,98,333,42,59,0,4,148,115,7,7,51,11,7,5,23
2025,e,P,7,T,2,0,0,2,5,5,0,0,0,0,4,4,6,6,2,0,0,0,0
2025,f,P,6,W,83,83,0,0,332,120,114,56,8,0,216,249,11,11,32,19,15,17,56
2025,f,P,6,L,57,0,57,0,67,152,22,70,0,6,171,149,12,12,41,12,2,2,16
2025,f,P,6,T,3,0,0,3,5,1,0,4,0,0,9,9,9,9,3,0,0,0,0
2025,f,P,7,W,83,83,0,0,373,133,73,43,8,0,133,166,11,11,49,14,9,11,40
2025,f,P,7,L,57,0,57,0,73,176,16,46,0,6,114,92,12,12,45,10,0,2,12
2025,f,P,7,T,3,0,0,3,5,3,0,2,0,0,6,6,9,9,3,0,0,0,0
2025,g,C,6,W,70,70,0,0,221,104,106,35,5,0,173,210,11,11,28,16,9,17,43
2025,g,C,6,L,69,0,69,0,96,230,28,76,0,9,206,169,10,10,51,11,5,2,18
2025,g,C,6,T,4,0,0,4,4,6,3,1,0,0,12,12,12,12,2,1,1,0,2
2025,g,C,7,W,70,70,0,0,269,116,58,23,5,0,103,140,11,11,39,16,8,7,33
2025,g,C,7,L,69,0,69,0,104,254,20,52,0,9,137,100,10,10,54,11,3,1,15
2025,g,C,7,T,4,0,0,4,4,7,3,0,0,0,8,8,12,12,2,1,1,0,2
2025,h,P,6,W,87,87,0,0,326,95,120,42,4,0,222,261,7,7,44,10,17,16,46
2025,h,P,6,L,52,0,52,0,64,184,29,54,0,6,156,132,7,7,30,16,5,1,22
2025,h,P,6,T,3,0,0,3,2,3,4,3,0,0,9,9,9,9,2,0,0,1,1
2025,h,P,7,W,87,87,0,0,369,103,77,34,4,0,135,174,7,7,57,9,11,10,33
2025,h,P,7,L,52,0,52,0,72,204,21,34,0,6,104,80,7,7,36,12,3,1,16
2025,h,P,7,T,3,0,0,3,4,5,2,1,0,0,6,6,9,9,2,0,1,0,1
2025,l,P,6,W,63,63,0,0,163,49,91,32,5,0,161,189,6,6,25,14,9,15,42
2025,l,P,6,L,77,0,77,0,99,276,43,82,0,17,231,196,17,17,52,12,10,3,25
2025,l,P,6,T,3,0,0,3,3,7,5,1,1,1,9,9,9,9,0,1,2,0,3
2025,l,P,7,W,63,63,0,0,199,58,55,23,5,0,98,126,6,6,37,9,10,7,30
2025,l,P,7,L,77,0,77,0,108,305,34,53,0,17,154,119,17,17,59,7,8,3,18
2025,l,P,7,T,3,0,0,3,7,7,1,1,1,1,6,6,9,9,2,1,0,0,2
2025,m,P,6,W,56,56,0,0,230,83,54,38,5,0,140,168,8,8,27,16,5,8,32
2025,m,P,6,L,84,0,84,0,101,283,41,123,1,17,252,218,15,15,60,15,5,4,24
2025,m,P,6,T,2,0,0,2,5,3,1,3,1,1,6,6,6,6,1,1,0,0,1
2025,m,P,7,W,56,56,0,0,256,93,28,28,5,0,84,112,8,8,37,13,3,3,22
2025,m,P,7,L,84,0,84,0,121,335,21,71,1,17,168,134,15,15,70,9,4,1,14
2025,m,P,7,T,2,0,0,2,5,5,1,1,1,1,4,4,6,6,1,1,0,0,1
2025,s,C,6,W,57,57,0,0,203,88,64,33,7,0,144,170,9,9,24,17,5,11,34
2025,s,C,6,L,79,0,79,0,98,303,52,109,0,12,237,197,9,9,43,26,7,3,36
2025,s,C,6,T,7,0,0,7,15,13,4,6,0,0,21,21,21,21,4,2,1,0,3
2025,s,C,7,W,57,57,0,0,226,101,41,20,7,0,87,113,9,9,30,17,6,4,28
2025,s,C,7,L,79,0,79,0,117,335,33,77,0,12,158,118,9,9,54,20,3,2,25
2025,s,C,7,T,7,0,0,7,15,17,4,2,0,0,14,14,21,21,4,2,1,0,3
2025,t,C,6,W,85,85,0,0,229,68,125,33,16,0,217,255,13,13,38,20,6,21,54
2025,t,C,6,L,54,0,54,0,89,157,26,75,0,8,162,144,14,14,37,9,7,1,17
2025,t,C,6,T,4,0,0,4,8,6,3,5,0,0,12,12,12,12,2,1,1,0,2
2025,t,C,7,W,85,85,0,0,265,85,89,16,16,0,132,170,13,13,52,13,5,15,40
2025,t,C,7,L,54,0,54,0,102,186,13,46,0,8,108,90,14,14,45,5,4,0,9
2025,t,C,7,T,4,0,0,4,10,7,1,4,0,0,8,8,12,12,3,1,0,0,1
