season,team,team_name,gap,body_gap,tail_gap,away_more,tail_dominates
2013,c,c,0.5,0.08333333333333348,0.41666666666666663,True,True
2013,d,d,1.2916666666666665,0.8194444444444446,0.47222222222222227,True,False
2013,db,db,-1.3055555555555562,-0.958333333333333,-0.3472222222222221,False,True
2013,g,g,0.16666666666666652,-0.01388888888888884,0.18055555555555552,True,True
2013,s,s,-0.44444444444444375,0.09722222222222188,-0.5416666666666666,False,False
2013,t,t,0.16666666666666696,-0.09722222222222232,0.2638888888888889,True,True
2014,c,c,-0.02777777777777768,0.08333333333333348,-0.11111111111111116,False,False
2014,d,d,0.6111111111111112,0.2777777777777777,0.33333333333333337,True,True
2014,db,db,-1.0277777777777777,-0.7083333333333335,-0.3194444444444445,False,True
2014,g,g,0.3611111111111116,0.26388888888888884,0.09722222222222232,True,False
2014,s,s,-0.6805555555555554,-0.25,-0.43055555555555547,False,False
2014,t,t,0.833333333333333,0.48611111111111116,0.34722222222222227,True,False
2015,c,c,0.1774256651017212,0.22378716744913918,-0.046361502347417816,True,False
2015,d,d,0.9724178403755874,0.7584115805946792,0.21400625978090768,True,False
2015,db,db,-0.617957746478873,-0.49921752738654135,-0.11874021909233179,False,True
2015,g,g,0.558098591549296,0.47750391236306733,0.08059467918622851,True,False
2015,s,s,0.33039906103286354,0.227699530516432,0.10269953051643188,True,False
2015,t,t,1.2286776212832549,0.7865805946791862,0.44209702660406885,True,False
2016,c,c,0.11854460093896746,0.28149452269170583,-0.1629499217527387,True,False
2016,d,d,1.244718309859155,0.887910798122066,0.3568075117370892,True,False
2016,db,db,-0.8096635367762133,-0.6486697965571206,-0.1609937402190923,False,True
2016,g,g,0.31885758998435065,0.20109546165884185,0.11776212832550859,True,False
2016,s,s,-0.12382629107981202,0.1672535211267605,-0.29107981220657275,False,False
2016,t,t,-0.221244131455399,-0.17331768388106417,-0.047926447574334896,False,True
2017,c,c,0.8703051643192485,0.4849374021909236,0.38536776212832546,True,False
2017,d,d,1.249804381846635,0.764084507042254,0.4857198748043819,True,False
2017,db,db,-0.11443661971830998,-0.13458528951486715,0.02014866979655705,False,True
2017,g,g,0.11854460093896746,0.05477308294209715,0.06377151799687009,True,True
2017,s,s,-1.2648669796557122,-0.7560641627543037,-0.5088028169014085,False,True
2017,t,t,0.5831377151799688,0.5780516431924885,0.005086071987480456,True,False
2018,c,c,0.18955399061032896,0.3898669796557126,-0.20031298904538342,True,False
2018,d,d,1.6703834115805947,0.9518779342723009,0.7185054773082943,True,False
2018,db,db,-0.6645148669796557,-0.15786384976525802,-0.5066510172143974,False,False
2018,g,g,-0.15356025039123633,-0.38458528951486715,0.2310250391236307,False,True
2018,s,s,-0.8622848200312987,-0.6836854460093895,-0.17859937402190917,False,True
2018,t,t,0.4420970266040687,0.2411971830985915,0.2008998435054774,True,False
2019,c,c,0.2629107981220651,0.019170579029733847,0.24374021909233173,True,True
2019,d,d,0.7525430359937406,0.7190923317683882,0.033450704225352124,True,False
2019,db,db,0.3255086071987483,0.26134585289514867,0.0641627543035993,True,False
2019,g,g,-0.7134194053208143,-0.4839593114241003,-0.22946009389671357,False,True
2019,s,s,-0.925469483568075,-0.5336463223787171,-0.39182316118935834,False,True
2019,t,t,0.4469874804381848,0.43916275430359963,0.007824726134585291,True,False
2020,c,c,-0.21666666666666679,0.016666666666666607,-0.23333333333333328,False,False
2020,d,d,1.483333333333333,1.4,0.08333333333333337,True,False
2020,db,db,0.03333333333333366,0.1166666666666667,-0.08333333333333337,True,False
2020,g,g,0.4500000000000002,0.21666666666666634,0.23333333333333334,True,True
2020,s,s,-0.9833333333333334,-0.31666666666666643,-0.6666666666666667,False,False
2020,t,t,1.0333333333333328,0.9833333333333334,0.04999999999999999,True,False
2021,c,c,0.29538341158059467,0.1606025039123633,0.1347809076682316,True,False
2021,d,d,1.3519170579029738,0.8947574334898278,0.4571596244131455,True,False
2021,db,db,-0.4526604068857587,-0.2895148669796561,-0.16314553990610325,False,True
2021,g,g,-0.6604068857589982,-0.3736306729264478,-0.28677621283255084,False,True
2021,s,s,-0.2417840375586855,-0.29127543035993764,0.04949139280125203,False,True
2021,t,t,-0.5811815336463226,-0.09937402190923317,-0.48180751173708913,False,False
2022,c,c,0.3384194053208138,0.20363849765258202,0.13478090766823164,True,False
2022,d,d,0.7488262910798125,0.5584898278560253,0.19033646322378717,True,False
2022,db,db,0.3039906103286385,0.2541079812206575,0.04988262910798125,True,False
2022,g,g,-0.20813771517996837,-0.3147496087636932,0.10661189358372458,False,True
2022,s,s,-1.174295774647887,-0.38262910798122096,-0.7916666666666666,False,False
2022,t,t,0.01388888888888884,0.08118153364632263,-0.06729264475743349,True,False
2023,c,c,0.18955399061032852,0.10054773082942114,0.0890062597809077,True,False
2023,d,d,0.8599374021909236,0.657863849765258,0.20207355242566516,True,False
2023,db,db,0.2591940532081378,0.24960876369327067,0.00958528951486698,True,False
2023,g,g,0.5518388106416277,0.334507042253521,0.21733176838810642,True,False
2023,s,s,-1.1054381846635373,-0.7756259780907668,-0.32981220657277,False,True
2023,t,t,0.04244913928012517,0.18466353677621283,-0.1422143974960876,True,False
2024,c,c,0.14084507042253502,0.18564162754303615,-0.04479655712050079,True,False
2024,d,d,1.2120500782472616,1.1056338028169015,0.10641627543035992,True,False
2024,db,db,-0.5802034428794989,-0.5714006259780904,-0.008802816901408439,False,True
2024,g,g,-0.11658841940532083,-0.17507824726134613,0.05848982785602502,False,True
2024,s,s,-0.5019561815336462,-0.39886541471048487,-0.1030907668231612,False,True
2024,t,t,1.1040688575899842,0.793427230046948,0.31064162754303604,True,False
2025,c,c,0.370305164319249,0.4221439749608762,-0.05183881064162754,True,False
2025,d,d,0.5348200312989047,0.25273865414710484,0.28208137715179965,True,True
2025,db,db,-0.6600156494522693,-0.5025430359937406,-0.15747261345852895,False,True
2025,g,g,0.808098591549296,0.8401799687010953,-0.03208137715179965,True,False
2025,s,s,-0.3084898278560253,-0.13223787167449164,-0.17625195618153366,False,False
2025,t,t,0.30125195618153366,0.12089201877934252,0.18035993740219092,True,True
