year,team,rank,runs_rank,allowed_rank,A,low_runs,pyth_residual,one_run_win_rate,off_lIG,off_lSR,off_lRPS,off_lRG,def_lIG,def_lSR,def_lRPS,def_lRG,net
2013,b,5,6,1,False,True,-1.5474238023523839,0.4222222222222222,0.0063311794916394715,-0.09027760064564945,-0.03794339645502718,-0.12188981760903676,0.004773278752657812,-0.07664406800904489,0.009579592974996366,-0.062291196281391015,-0.05959862132764575
2013,c,3,4,3,True,False,-1.8483733486805676,0.4888888888888889,-0.0014136094367110067,-0.02766759986413071,0.006595054780644511,-0.022486154520197282,-0.0014168869505084285,-0.014331470017630805,-0.040691119530504534,-0.05643947649864369,0.03395332197844641
2013,d,4,6,4,False,True,1.8441265995578178,0.5116279069767442,0.00627282348744538,-0.025566026422124157,-0.06045697877509235,-0.07975018170977134,0.005519557046148742,0.040289978985145455,-0.024152101161772407,0.021657434869521867,-0.1014076165792932
2013,db,5,1,6,False,False,-1.9400110969162512,0.48717948717948717,-0.004504802006383993,0.07815771158114936,0.027015515363331785,0.1006684249380972,-0.010740963825631496,0.1173506988838896,0.05066372942169956,0.15727346447995774,-0.05660503954186054
2013,e,1,2,2,True,False,1.4703598651508116,0.5135135135135135,-0.012390116116569278,0.058579498585943864,0.03418512121901774,0.08037450368839232,-0.0029786980516603024,-0.03863768284692464,-0.005665152732240675,-0.047281533630825774,0.1276560373192181
2013,f,6,5,6,False,True,0.9685686889220051,0.5348837209302325,-0.002205930953569978,-0.07162236003485531,-0.007941532831186357,-0.08176982381961143,-0.00687733846731754,0.06297643017430672,0.01419547808813542,0.07029456979512466,-0.1520643936147361
2013,g,1,2,2,True,False,5.454571465205248,0.5909090909090909,-0.0021855122152929767,0.02734407185144787,0.02170715930896593,0.04686571894512089,0.005519557046148742,-0.12135137257127053,-0.0272909001423239,-0.14312271566744564,0.18998843461256654
2013,h,4,1,3,False,False,-8.36769578908887,0.3953488372093023,0.002459707369981245,0.10715150153688957,0.020462963333794066,0.13007417224066484,0.00012930755820695568,-0.025324958244464298,0.023417872440258045,-0.0017777782459993832,0.13185195048666423
2013,l,2,4,3,True,False,3.0947350469512287,0.5208333333333334,0.0047843887733408155,0.0050373495251589285,-0.026351040249710307,-0.01652930195121047,0.004773278752657812,0.02083564619654435,-0.027386703195201218,-0.0017777782459993832,-0.014751523705211088
2013,m,3,3,5,True,False,4.3486405393883985,0.6046511627906976,0.0009069120269203591,-0.02243570361249673,0.00850212018556768,-0.013026671400008408,0.00012930755820695568,0.04994566954540161,-0.01345362241507166,0.0366213546885366,-0.049648026088545
2013,s,6,3,5,False,False,-2.374404573879694,0.40476190476190477,-0.0006423020324871481,0.03199283191656315,-0.018559657823457705,0.01279087206061837,-0.003739768366647956,0.10188682950617249,0.05327843345801004,0.15142549459753454,-0.13863462253691616
2013,t,2,5,1,True,True,-2.398067035573959,0.5227272727272727,0.002436992163574164,-0.09234776231220651,0.019621396943089793,-0.07028937320554242,0.004751212790139295,-0.1526713428667617,-0.035368627316158065,-0.18328875739278033,0.11299938418723791
2014,b,2,3,1,True,False,-5.191708438928401,0.4318181818181818,-0.007652933128741198,-0.0005187160205781436,0.0199415568031795,0.0117699076538599,0.007334524290959642,-0.08866274441816839,-0.11144423331070213,-0.19277245343791108,0.20454236109177099
2014,c,3,2,3,True,False,-1.0218154034218259,0.4857142857142857,-0.00451876051332649,0.05379924094656529,0.015703269062458513,0.06498374949569731,-0.005557364868329593,-0.024516382950961098,0.017313971063970274,-0.01275977675532044,0.07774352625101776
2014,d,4,5,2,False,True,-0.7918932509781342,0.4722222222222222,0.0032152300864099546,-0.04784534910307263,-0.02018248736313411,-0.06481260637979683,0.0021886072463256083,-0.02627431322099382,-0.02201049104824407,-0.046096197022912136,-0.018716409356884692
2014,db,5,6,5,False,True,2.0935627145163096,0.5555555555555556,0.0047548762720029,-0.058658632073994604,-0.014423792685249378,-0.06832754848724125,0.0006442053949515445,0.004683973836673695,0.004603455215125129,0.009931634446750189,-0.07825918293399144
2014,e,6,6,5,False,True,-1.726009717314838,0.5,-0.003754292713083999,-0.08779896537528654,0.0415206244235341,-0.050032633664836415,-0.012868183026560013,0.05414228499168347,0.02105934661413371,0.0623334485792573,-0.11236608224409372
2014,f,3,2,3,True,False,-0.163791846114421,0.4186046511627907,-0.003754292713083999,0.03775756861447733,-0.006939952078035008,0.027063323823358403,0.0019353596131888896,-0.015386157337312004,0.016090482494896204,0.0026396847707732454,0.024423639052585155
2014,g,1,4,1,True,False,5.49079668340751,0.5609756097560976,0.006292155590889052,-0.029612488020800843,0.0031120322868688414,-0.020208300143042868,0.01293314652930282,-0.06118921343178392,-0.06441462074310086,-0.11267068764558197,0.0924623875025391
2014,h,1,1,2,True,False,-0.46458401452156295,0.5625,0.0063116072216311886,0.059624715782771315,-0.015538607119271311,0.050397715885131256,0.011939290677707829,-0.0966175976901987,0.0011051455395719198,-0.08357316147291907,0.13397087735805033
2014,l,5,4,4,False,False,-4.164121425079998,0.3333333333333333,0.00862018847010113,0.010523973027542339,-0.02464584035244417,-0.005501678854800613,0.00038737168797415883,0.03495199475733492,0.020349539415279703,0.05568890586058863,-0.06119058471538925
2014,m,4,5,6,False,True,4.2897044421225985,0.6,0.0001292073133138367,-0.02693493600752605,-0.010557052229572378,-0.037362780923784644,-0.008951217579825822,0.09929721353734622,0.03300155837688302,0.12334755433440328,-0.16071033525818793
2014,s,6,1,6,False,False,-5.843811926047877,0.47619047619047616,-0.0021922763309828058,0.11127318006700909,-0.016739825028794984,0.09234107870723117,-0.004780062069767659,0.142914733567967,0.010722435178743765,0.14885710667694318,-0.056516027969712015
2014,t,2,3,4,True,False,5.117840094675941,0.6190476190476191,-0.007629182927719001,-0.040082602626351986,0.032524416461127456,-0.015187369092943253,-0.005557364868329593,-0.04883369060166738,0.048167249694462094,-0.006223805775534797,-0.008963563317408456
2015,b,5,5,2,False,True,-5.995527437206064,0.28888888888888886,-0.0031347988053715033,-0.10449586538699393,0.008067266218865022,-0.09956339797350043,-0.00876796823017178,-0.007604195727367669,-0.007667455228607305,-0.024039619186146777,-0.07552377878735365
2015,c,4,3,2,False,False,-5.179367975565583,0.49019607843137253,0.006105104368783693,-0.0004965647091741915,0.001332489694625271,0.006941029354234542,0.008570368001707287,-0.09906072118008216,0.008502119599347088,-0.08198823357902779,0.08892926293326234
2015,d,5,5,3,False,True,-3.4676260445234277,0.4444444444444444,0.008433394128375033,-0.04392653015431719,-0.0250071154153556,-0.06050025144129794,0.00390472967815626,-0.02663298075571252,0.002108963874820357,-0.020619287202735703,-0.03988096423856224
2015,db,6,2,6,False,False,1.518415817867293,0.5,-0.0009124682898629178,0.023160326953437033,-0.011362051018323042,0.010885807645251004,-0.004705891037412617,0.18139363011311124,-0.026292540399171123,0.15039519867652737,-0.13950939103127635
2015,e,6,6,6,False,True,4.4919260475368645,0.5121951219512195,0.02090668481931386,-0.10094939249285005,-0.1336975193796184,-0.21374022705315493,0.009208287619299654,0.0363588478634515,0.040850240895412684,0.08641737637816381,-0.30015760343131875
2015,f,2,3,5,True,False,4.834668853197584,0.625,-0.004705891037412617,0.06412931150821345,0.010731566196328198,0.07015498666712874,0.0006512536863199927,0.02059857414572489,0.013186022885704179,0.03443585071774894,0.0357191359493798
2015,g,2,4,1,True,False,-2.4006446084732573,0.5084745762711864,-0.006404832037888868,-0.02211963467196017,0.0012913162514902531,-0.02723315045835885,-0.0031347988053715033,-0.12495396793001093,-0.02153701849358622,-0.1496257852289687,0.12239263477060984
2015,h,1,1,1,True,False,2.9506850829920523,0.5476190476190477,0.007794271726818923,0.10351398411299366,0.015734105229367835,0.1270423610691801,0.017692719541171718,-0.07648559938266321,-0.07507789849815018,-0.13387077833964167,0.26091313940882177
2015,l,4,2,4,False,False,-6.071740840974158,0.4857142857142857,-0.009434032233358529,0.0539540472015844,0.05131856643359844,0.09583858140182416,-0.00876796823017178,-0.02046610936977536,0.04980488818052442,0.020570810580577234,0.07526777082124693
2015,m,3,4,3,True,False,2.231191597702221,0.5681818181818182,-0.011806512586989063,-0.034788261019007304,0.024848397989303595,-0.021746375616692782,-0.010346500523221468,0.04382889679090078,-0.030517674262151167,0.002964722005528102,-0.024711097622220884
2015,s,1,1,4,True,False,-1.1025570741742712,0.525,-0.005618359327275544,0.0824544082752527,0.05619770743835818,0.13303375638633555,-0.0039200363800736505,0.011754435712684315,-0.0010547123472318567,0.006779686985378769,0.1262540694009568
2015,t,3,6,5,True,True,10.245192311560686,0.55,-0.0016952471948036606,-0.04434280200775368,-0.031520185143317225,-0.07755823434587461,-0.0007827789049408337,0.02848538145427658,0.03902012040307651,0.06672272295241241,-0.14428095729828702
2016,b,6,6,5,False,True,2.1917741683501433,0.4782608695652174,0.0020773832451347852,-0.10065821191758241,-0.05785752730264445,-0.15643835597509204,-0.007163820933634585,0.08178474513758809,0.028991339260343276,0.10361226346429707,-0.2600506194393891
2016,c,1,1,1,True,False,-1.5345707189310502,0.5142857142857142,-0.007310737522006064,0.1703080214895578,0.03256949957642363,0.19556678354397525,0.007397347339343672,-0.11558073007987474,-0.03498452773226562,-0.14316791047279676,0.33873469401677203
2016,d,6,6,4,False,True,-3.3163780167410053,0.41025641025641024,0.010609492711564646,-0.1416377551179688,0.013245226750020723,-0.11778303565638351,0.005844551996283004,0.015076713164356624,-0.021793485015325534,-0.0008722198546859691,-0.11691081580169754
2016,db,3,3,5,True,False,0.7666333932970559,0.6052631578947368,-0.001041124508410615,0.02156276022920737,-0.003773778419574061,0.01674785730122255,-0.0035231980073170167,0.015084020408393042,0.013408188928125602,0.024969011329201405,-0.008221154027978857
2016,e,5,5,6,False,True,3.6849419907310974,0.5277777777777778,0.005185388855001843,-0.10376621752744951,0.028485623801779558,-0.07009520487066821,-0.0016886410455458699,0.1044804422161954,0.030302814858154004,0.13309461602880407,-0.2031898208994723
2016,f,1,2,1,True,False,-0.6582076561763728,0.4666666666666667,-0.004951150179450232,0.04495648479314934,0.019055486344286252,0.05906082095798533,0.0022039290699655853,-0.20578633336324914,-0.00010107346621382877,-0.20368347775949733,0.26274429871748267
2016,g,2,4,2,True,False,3.893758107123091,0.5609756097560976,0.0020790028278329336,-0.03945134552593881,-0.04311490821458072,-0.08048725091268671,0.0035108286500627997,-0.05003084428495582,-0.00812860100059712,-0.05464861663549002,-0.025838634277196695
2016,h,2,1,2,True,False,-2.972935552369094,0.5581395348837209,-0.0057351564916589175,0.08609178662892548,0.007368573708286215,0.08772520384555245,0.00840069560747714,-0.09461943938157849,-0.09209339424337809,-0.17831213801747942,0.26603734186303185
2016,l,4,2,4,False,False,-6.103556939735654,0.39473684210526316,-0.0026028125053429063,0.11902437756340514,-0.05736074410007699,0.05906082095798533,-0.008733679968754666,0.054367067299455875,0.03084233469859485,0.07647572202929609,-0.01741490107131076
2016,m,3,4,3,True,False,1.8900429818878166,0.5319148936170213,0.005960883271532381,-0.06805341868084319,0.0612352700331924,-0.0008572653761184533,0.006855100245696306,0.026943829438001922,-0.017341217380655267,0.016457712303043083,-0.017314977679161535
2016,s,5,2,6,False,False,3.0403334538344353,0.5,-0.00573964528996496,0.04483766658369701,0.015390163990337534,0.054488185284069776,-0.013771612498685144,0.16822427028384737,0.03626136615221691,0.19071402393737907,-0.13622583865330928
2016,t,4,5,3,False,True,-1.1347851496705772,0.4473684210526316,0.0012998831935628714,-0.08267255515410624,-0.024481792830566444,-0.10585446479110978,0.0003907013138192802,-0.05357740830690153,0.0040477461685617805,-0.04913896082452039,-0.05671550396658939
2017,b,4,4,5,False,False,-1.2719961383906622,0.425,0.00936775000360002,-0.061039760547920964,-0.010079699686071007,-0.06175171023039197,0.0035218193317967912,0.07441390869168947,-0.027639413456369378,0.05029631456711689,-0.11204802479750886
2017,c,1,1,3,True,False,-0.6815351609673712,0.5882352941176471,-0.008207980417829846,0.17607919210799491,0.08830751259122986,0.25617872428139493,0.00930239266231363,-0.003502218215435311,-0.06744098274837787,-0.061640808301499775,0.3178195325828947
2017,d,5,5,5,False,True,5.291074522523147,0.4634146341463415,0.006595562221919136,-0.04449939576431954,-0.1188834378224912,-0.1567872713648915,0.0015564205476583796,0.05947251184700577,0.02030763853296927,0.08133657092763319,-0.2381238422925247
2017,db,3,2,4,True,False,4.105665214031731,0.6176470588235294,0.0027210901143605863,0.023499604512777657,0.020645024317982333,0.04686571894512089,0.004662013105811371,-0.0211913150570218,0.056910108042022435,0.04038080609081175,0.00648491285430914
2017,e,3,3,2,True,False,0.45306854272405417,0.6,0.001567398440012676,0.015753462502617832,0.002823705149836961,0.020144566092467495,0.007420459747454217,-0.09758129758657526,0.01596268216186774,-0.07419815567725324,0.09434272176972074
2017,f,5,5,4,False,True,-1.2479484592155856,0.45,0.0046948443042076635,-0.07603962044723342,-0.047674488445840484,-0.11901926458886625,-0.0043213581292290875,0.04131569577535445,0.00995189003570937,0.04694622768183488,-0.16596549227070112
2017,g,4,4,1,False,False,-1.9386187607514955,0.325,-0.005073181612458325,-0.0528982149807514,-0.002945836783469679,-0.06091723337667921,-0.005466628217367109,-0.10572790027492168,-0.01943915129616235,-0.1306336797884512,0.06971644641177199
2017,h,1,2,1,True,False,4.675183660656671,0.6428571428571429,-0.013423020332140774,0.11218421321494555,0.008109809322596037,0.10687100220540087,0.002740263996976478,-0.123884647356065,-0.042133402371853854,-0.16327778573094212,0.270148787936343
2017,l,2,1,3,True,False,-4.210473573202947,0.4117647058823529,-0.009456335242035513,0.11932875354991106,0.07535189814404028,0.18522431645191595,-0.0035342663924120632,-0.01155054500635209,-0.0002728442555557327,-0.015357655654319758,0.2005819721062357
2017,m,6,6,6,False,True,2.4190597225665655,0.47368421052631576,0.007034026657379761,-0.13281400935542276,-0.053986701030430996,-0.17976668372847385,-0.00589740258469501,0.09805812153952825,0.03689113616255221,0.12905185511738576,-0.30881853884585964
2017,s,6,6,6,False,True,-5.280933979046246,0.3617021276595745,0.0058218677926087726,-0.17442289272365663,-0.01735498102450048,-0.1859560059555484,-0.014117881545784932,0.14154926851608277,0.000935794446313335,0.1283671814166113,-0.3143231873721597
2017,t,2,3,2,True,False,1.5705381674186185,0.6190476190476191,-0.0019481790693230262,0.04051470951876074,-0.005191741245332224,0.03337478920410543,0.0038865186892809876,-0.09056143000725124,0.0025612471644119333,-0.08411366415355831,0.11748845335766374
2018,b,4,4,1,False,False,-0.9105247412284143,0.48717948717948717,0.012523564364337035,-0.11771684195839043,-0.01986052196691832,-0.12505379956097157,0.008141157583699866,-0.0484566947621597,-0.018120329790548624,-0.0584358669690084,-0.06661793259196316
2018,c,1,1,4,True,False,4.9309920234738485,0.5897435897435898,-0.0003911597937611385,0.11620762647810381,0.026804389746774255,0.14262085643111674,0.005597150961140423,-0.012923191053213537,0.030899207810139787,0.02357316771806703,0.11904768871304972
2018,d,5,4,5,False,False,-1.738386963242121,0.4878048780487805,-0.0035259585991326884,0.014273497322714226,-0.05517506562678209,-0.04442752690320054,-0.006942198291594811,0.04560127144134523,-0.010488196183054245,0.02817087696669644,-0.07259840386989698
2018,db,4,6,3,False,True,3.919767984938204,0.4864864864864865,-0.001957330826506052,-0.025932923155326283,-0.060989035492202,-0.08887928947403435,-0.0037925893886985107,0.022592853888845785,-0.009148435300688392,0.009651829199458882,-0.09853111867349323
2018,e,6,6,3,False,True,-4.7019623042240895,0.35555555555555557,0.014062026206242913,-0.08635760029323722,-0.08678797406028875,-0.15908354814728295,0.00504757429670407,-0.017280142732338584,-0.014841843329322525,-0.02707441176495709,-0.13200913638232586
2018,f,3,3,4,True,False,3.6729378395361323,0.5365853658536586,-0.0076948537488559544,-0.02650087410586793,-0.00029044821644541683,-0.03448617607116909,-0.004291014971095705,-0.007941553464538776,-0.0097092401028023,-0.02194180853843687,-0.01254436753273222
2018,g,3,3,1,True,False,-7.254107463320253,0.3333333333333333,0.0011725621824215883,-0.04741195483245059,0.04597276153259801,-0.0002666311174307336,0.00481803132687032,-0.05419230766244284,-0.051192157357579565,-0.10056643369315191,0.10029980257572117
2018,h,2,2,2,True,False,0.16365804504387427,0.4722222222222222,-0.010054272853625397,0.11521406590941287,0.011346685483681692,0.11650647853946923,-0.0035094596362753895,-0.033646517251815895,0.003196856345637091,-0.033959120542454084,0.1504655990819233
2018,l,1,1,6,True,False,5.1788628656562,0.71875,-0.012419271985123407,0.16778776062365697,0.10628054345313595,0.26164903209166984,-0.0027285146532040625,0.06174268609025936,0.02730135972392644,0.08631553116098159,0.17533350093068825
2018,m,5,5,5,False,True,-0.6901891692259312,0.475,0.0032427552898641903,-0.08203185868740694,-0.05372741736501857,-0.13251652076256112,-0.0027285146532040625,0.041481500950437226,0.008525582055516158,0.04727856835274936,-0.17979508911531047
2018,s,2,2,6,True,False,5.182604085638843,0.6052631578947368,-0.0027413371387146053,0.02508320864321555,0.02884477896698399,0.05118665047148513,-0.0006528693840308065,0.005022869055149218,0.04048056649423332,0.04485056616535171,0.006336084306133416
2018,t,6,5,2,False,True,-3.0472622846830006,0.5,0.007403111933057624,-0.09459310819618189,0.007013981917391481,-0.08017601434573261,0.0009133016487139899,-0.008239341740787061,-0.005070267930230796,-0.012396308022303616,-0.067779706323429
2019,b,6,6,5,False,True,2.7518944647168837,0.575,0.009959339902758706,-0.10233266003377356,-0.0324653757320574,-0.12483869586307256,0.004149383546811618,0.018063021724272193,0.01809733603230033,0.040309741303383925,-0.1651484371664565
2019,c,4,4,4,False,False,1.0746052132623305,0.5581395348837209,0.007125767017643768,0.004779135488674796,-0.028961096775704135,-0.017056194269385816,0.0020790028278329336,-0.05982700456293402,0.05001315654224683,-0.007734845192854058,-0.009321349076531758
2019,d,5,5,1,False,True,-4.7138389629231625,0.41304347826086957,-0.010062156114611278,-0.011118665964835966,-0.044411761456346587,-0.06559258353579353,-0.004171017517338301,-0.0793848681736353,-0.023824647181145506,-0.10738053287211892,0.04178794933632539
2019,db,2,3,5,True,False,2.5917710619230263,0.5833333333333334,-0.0022128222501563155,-0.0406071749327722,0.03418845257279406,-0.008631544610134278,-0.0026048464845934757,0.04478863878809813,-0.03341661285997109,0.00876717944353377,-0.017398724053668047
2019,e,3,3,2,True,False,-2.3384163646094436,0.38095238095238093,0.0029852705666850473,0.002879848885713181,-0.009658134024270768,-0.0037930145718728446,0.004149383546811618,-0.022878368653088548,-0.03815706049012487,-0.056886045596401924,0.05309303102452908
2019,f,5,5,3,False,True,-1.1363897045182796,0.5666666666666667,-0.008747363041425508,-0.10977123719391174,0.022667441245517252,-0.09585115898982023,-0.009924343664850307,-0.029921564882349306,-0.0032942161445669756,-0.043140124691766826,-0.052711034298053405
2019,g,1,1,3,True,False,-2.8554492452563522,0.4878048780487805,-0.006129787696890261,0.0893916289850403,0.014640937222228057,0.09790277851037854,0.0005201560585417864,0.006469388123170228,-0.062433607195034185,-0.05544406301332205,0.1533468415237006
2019,h,2,4,1,True,False,5.01708459635465,0.5714285714285714,-0.0056051766383529945,0.03744578249401174,-0.08915810084323596,-0.057317494987577336,-0.0005198856368719431,-0.1153119298882496,0.03442615275440144,-0.08140566277072035,0.024088167783143016
2019,l,1,1,6,True,False,3.5452950912087005,0.5135135135135135,-0.0016912773172166962,0.11816626831358497,0.0877784424641497,0.2042534334605178,0.0010389611324190385,0.09302754790664826,0.03338542225694549,0.12745193129601287,0.07680150216450493
2019,m,4,2,4,False,False,-3.645128722110343,0.475,0.0029852705666850473,0.03453716875640475,0.0032779216478562275,0.04080036097094591,0.0010389611324190385,0.04383730371587648,-0.046239219945479686,-0.0013629550971840062,0.04216331606812991
2019,s,6,2,6,False,False,-3.8450594067064614,0.39473684210526316,0.002467373500321416,0.04146355572540532,0.04335764804287822,0.08728857726860505,-0.004171017517338301,0.15286739933881488,0.0502717593986635,0.19896814122014017,-0.11167956395153512
2019,t,3,6,2,True,True,3.6776930166698634,0.5128205128205128,0.008673754942858537,-0.092967000332362,-0.02672040612419635,-0.11101365151369962,0.00829020292047366,-0.08533140759025352,0.009305503144901084,-0.06773570152487861,-0.04327794998882101
2020,b,6,6,3,False,True,-4.949008444830774,0.29411764705882354,0.00690957522843977,-0.09525874505972935,-0.02253902643652247,-0.11088819626781225,-0.0015770386488789478,0.026986754174247396,-0.009007674179149359,0.016402041346218914,-0.12729023761403116
2020,c,5,2,5,False,False,-1.4364021870719412,0.4090909090909091,0.012504070388005469,-0.025576151955358246,0.07079302003258658,0.05772093846523379,0.012504070388005469,0.05388801939888863,0.0027358164717163256,0.06912790625861016,-0.011406967793376376
2020,d,3,6,4,True,True,9.354520240510553,0.7058823529411765,-0.0034662079764861725,-0.05576791535402899,-0.08116948334115676,-0.14040360667167207,-0.0044136263325261806,-0.050891218858099566,0.045806809065808744,-0.009498036124816997,-0.13090557054685506
2020,db,4,3,3,False,False,-5.4190449392356115,0.4074074074074074,-0.008212301365741973,0.07460439115263595,-0.02214584990502033,0.04424623988187351,-0.01202546137215618,-0.03936548449733325,0.01073774196487688,-0.04065320390461256,0.08489944378648606
2020,e,4,1,4,False,False,-4.321452633747327,0.4230769230769231,0.00031510950315896365,0.08085818054066381,0.03919387153795121,0.12036716158177375,0.0012598426863205112,0.01333895673483205,0.04087071011597581,0.055469509537128286,0.06489765204464547
2020,f,5,3,5,False,False,-0.896190612292223,0.45454545454545453,0.002203684191027103,-0.024509441705325166,0.02061685321147808,-0.0016889043028201264,-0.0015770386488789478,0.026986754174247396,0.04148848983538286,0.06689820536075129,-0.06858710966357141
2020,g,1,1,1,True,False,-0.8107582869245107,0.5333333333333333,-0.009164229091124028,0.08247676172259186,0.0014704311104874305,0.07478296374195541,0.002199529559190982,-0.13070777877311188,-0.030719442703386994,-0.15922769191730765,0.23401065565926304
2020,h,1,2,1,True,False,-0.44354893942279716,0.5151515151515151,-0.005372109617430567,0.08654539966125309,-0.008609347147393961,0.07256394289642847,0.009722516605054436,-0.1818025793468119,-0.06653867198530633,-0.23861873472706405,0.3111826776234925
2020,l,3,4,6,True,False,6.626382484146561,0.6944444444444444,-0.0025244570049189727,0.0025244570049189575,-0.030497480934595134,-0.03049748093459502,-0.008227894518788565,0.1062083028789924,-0.003069166771778525,0.09491124158842515,-0.12540872252302016
2020,m,2,5,2,True,True,3.5494009701529237,0.5882352941176471,-0.0015770386488789478,-0.06296148248869197,-0.004261514211290609,-0.06880003534886175,0.00031510950315896365,-0.011405796197317079,-0.01940679424043678,-0.03049748093459502,-0.038302554414266735
2020,s,6,5,6,False,True,-2.5951830494417507,0.4,0.015296068479036785,-0.07453019180955192,0.00584189364847297,-0.05339222968204242,0.00502040590083239,0.15415341733702764,0.017391834814037437,0.1765656580518976,-0.22995788773394005
2020,t,2,4,2,True,False,-0.1812758797786742,0.5925925925925926,-0.007261278945037721,-0.009577285417791782,0.017513555951063072,0.000674991588233346,-0.0034662079764861725,-0.013372356386343352,-0.05379547175371872,-0.07063403611654838,0.07130902770478173
2021,b,1,3,2,True,False,1.9601432340550957,0.6060606060606061,-0.0031847160675197244,0.02551419246560866,0.008385468813382625,0.030714945211471327,-0.003317192718703782,-0.0503907040777094,-0.0026724366396943485,-0.056380333436107606,0.08709527864757893
2021,c,4,3,5,False,False,0.8449735861993588,0.46153846153846156,0.002256588201225885,0.036033341334339816,-0.006985139551556099,0.03130478998400976,0.0015936258352778044,0.05281979588851624,0.022921203617463713,0.07733462534125797,-0.04602983535724821
2021,d,5,6,1,False,True,1.4805868480352586,0.47368421052631576,-0.0017290687289777062,-0.16737619608152723,-0.11826811802623037,-0.28737338283673514,-0.007202912294058109,-0.11883780860130702,-0.005440104923507851,-0.13148082581887297,-0.15589255701786217
2021,db,6,2,6,False,False,-3.1301685173498868,0.46875,0.004640379556502301,-0.008496071471699734,0.03874471512702256,0.03488902321182491,-0.003194890896519288,0.08828556486736024,0.04996813608825756,0.1350588100590987,-0.10016978684727379
2021,e,3,4,3,True,False,-0.8168174069983678,0.5294117647058824,-0.0007952286701383577,0.010426121731099755,-0.014007267660760046,-0.004376374599798777,0.002249422053349687,-0.039036441361425846,-0.005690408959040118,-0.04247742826711617,0.03810105366731739
2021,f,5,6,4,False,True,0.5629573630302076,0.5666666666666667,0.006339165443735676,-0.11169968110156188,-0.05756215024226899,-0.16292266590009516,-0.0009277053213224639,-0.01592509908593648,-0.009968726787304443,-0.026821531194563267,-0.1361011347055319
2021,g,3,4,4,True,False,-1.6325680063396462,0.4722222222222222,-0.00013289919615535746,0.015949972879662547,0.006470522650313736,0.02228759633382103,0.0,-0.04370443423472929,0.036032154770881834,-0.0076722794638472945,0.029959875797668324
2021,h,4,2,1,False,False,-8.47192401215382,0.2962962962962963,0.0,0.019169916107720123,0.03486447144889552,0.05403438755661559,-0.0009277053213224639,-0.09459813115841238,0.025046578664125567,-0.07047925781560925,0.12451364537222484
2021,l,6,5,6,False,True,-0.5137751129195252,0.40540540540540543,-0.0023875856945014115,-0.033741138394003986,0.010858901900429053,-0.02526982218807634,-0.003317192718703782,0.10716713407116331,0.0035878104408279027,0.1074377517932875,-0.13270757398136385
2021,m,2,1,5,True,False,3.6236941294291327,0.45454545454545453,0.0,0.0805388624840124,0.008342256402771586,0.08888111888678395,0.006206688792551645,0.07702396535717211,-0.008582725179427299,0.07464792897029653,0.014233189916487421
2021,s,1,1,3,True,False,1.2475251234016298,0.5806451612903226,-0.0025281099221103804,0.09938639360874361,0.049632916106494146,0.1464911997931273,0.00556661477205349,0.029978322647357707,-0.06187447448780136,-0.02632953706839007,0.1728207368615174
2021,t,2,5,2,True,True,6.674618197923294,0.6410256410256411,-0.0025281099221103804,0.005273102038264871,-0.0005861632129471919,0.002158828903207414,0.0031847160675196984,-0.023118930968337056,-0.0506758958310297,-0.07061011073184699,0.0727689396350544
2022,b,1,4,2,True,False,1.1489451755074498,0.5348837209302325,0.0009118739640526914,0.04351488641908853,-0.06662747036333365,-0.022200709980192416,0.003513569884395041,-0.061666002555440774,-0.019199388750474077,-0.0773518214215198,0.055151111441327394
2022,c,5,2,4,False,False,-4.934997491951492,0.4186046511627907,0.006735776762456987,-0.02841375058699619,0.08171777272188623,0.06003979889734694,0.0010389611324190385,0.07926098126922383,-0.046651908283410155,0.03364803411823273,0.02639176477911421
2022,d,6,6,2,False,True,6.925329577372445,0.5227272727272727,-0.0010403121874512074,-0.09235297014768089,-0.13424899121930167,-0.22764227355443392,-0.007564924560080807,-0.07610755116403424,0.022929025555095735,-0.06074345016901957,-0.16689882338541434
2022,db,2,4,3,True,False,7.125359811665604,0.4897959183673469,-0.0057351564916589175,0.021412969210888616,-0.06059603400234925,-0.04491822128311956,-0.0036448881800072064,-0.033838205074733195,0.052577719477225476,0.015094626222484888,-0.06001284750560444
2022,e,4,2,4,False,False,-2.335526131971193,0.6,0.005588421847954549,0.005278142042884827,0.05104875919014033,0.061915323080979655,0.0027338427493740778,0.04780203033008124,0.002910709267478655,0.053446582346933946,0.008468740734045709
2022,f,6,6,5,False,True,-1.913620051349291,0.5428571428571428,0.0016928189471240886,-0.07257690507497716,-0.007994960870777517,-0.07887904699863062,-0.0066706152786042555,0.01652291172161592,0.06632253698147858,0.07617483342449012,-0.15505388042312074
2022,g,4,3,6,False,False,2.6145628661388685,0.55,-0.0026028125053429063,0.01828062522457245,0.03708922684903745,0.052767039568267206,-0.005211059212752088,0.13957822288467095,-0.02124219275804182,0.11312497091387692,-0.06035793134560972
2022,h,1,1,3,True,False,-5.007470618158592,0.5,-0.006931303496973221,0.07741817054997945,0.031875145608563506,0.10236201266156987,0.0011725621824215883,-0.03734608813469197,-0.013189385567016479,-0.04936291151928707,0.15172492418085692
2022,l,3,5,1,True,True,-0.2468269577968556,0.4634146341463415,-0.004571884392203763,-0.033522378912658676,-0.03862728555374722,-0.07672154885860949,-0.0011739386987019561,-0.05697849397234373,-0.04127534044967392,-0.09942777312071954,0.022706224262110053
2022,m,5,3,6,False,False,2.38138611494351,0.375,0.0032528816660260538,-0.027112029149016583,0.023859147482990357,0.0,0.0003910068476013222,0.08282751366221237,-0.003305364974716337,0.07991315553509729,-0.07991315553509729
2022,s,1,1,5,True,False,4.820453268028487,0.6111111111111112,0.002855290713379214,0.14385078441225466,0.02789095017921393,0.1745970253048478,0.01188337414654801,0.04341526604967787,0.017994225269247318,0.07329286546547306,0.10130415983937474
2022,t,3,5,1,True,True,-9.93128967471965,0.4444444444444444,-0.00025997660357008717,-0.08204261903740383,0.021156837736097653,-0.06114575790487628,0.003372684478639377,-0.18636336140461804,-0.02318734022993418,-0.2061780171559131,0.14503225925103683
2023,b,1,3,1,True,False,5.69132892600291,0.6829268292682927,-0.0010419380989524732,-0.02109059025005038,0.05109111705394866,0.028958588704945613,0.009324076875123244,-0.1732985860689885,0.01652177805073441,-0.14745273114313068,0.1764113198480763
2023,c,2,5,5,True,True,6.40553410480473,0.5416666666666666,-0.007553102713675456,0.003565629472454096,-0.015098992649319265,-0.019086465890540756,-0.002339182353172155,0.01028023372598517,0.007932297783477232,0.015873349156290163,-0.03495981504683092
2023,d,6,6,3,False,True,2.181227526473698,0.4666666666666667,0.014937182180396193,-0.1985102323966976,-0.06987585059323735,-0.2534489008095388,0.005436906596736044,-0.03902431392050547,0.02957938592623053,-0.004008021397538822,-0.249440879412
2023,db,3,4,2,True,False,0.9753372439299,0.48936170212765956,-0.0005190760562956533,-4.959043614042037e-05,0.03480183813467804,0.034233171642242176,0.0062112000926406764,0.041602242527549356,-0.05584561431745449,-0.008032171697264378,0.04226534333950655
2023,e,4,2,6,False,False,4.6829984774837214,0.5652173913043478,-0.0041742820852684786,0.03032699489572782,0.012600273486774168,0.03875298629723324,-0.006264703339327844,0.04406892296197542,0.07638814790300727,0.114192367525655,-0.07543938122842175
2023,f,6,5,3,False,True,-6.672764716032518,0.3541666666666667,-0.0002603827641321043,-0.00435856309216219,-0.057019360790986386,-0.061638306647281184,-0.0031274458641949577,0.05084910214418859,-0.04772165627999366,0.0,-0.061638306647281184
2023,g,4,3,4,False,False,-1.5037379278268048,0.5,0.001037344491362722,0.058014292178368294,-0.019065812538038858,0.0399858241316921,-0.0039016826710637663,-0.02615838413473722,0.04396297197479223,0.013902905168991434,0.026082918962700666
2023,h,3,1,4,True,False,-2.5595902742439023,0.5238095238095238,0.0028597445721113657,0.039987846810517834,0.039763710814636526,0.08261130219726558,0.0007803355838811049,0.030357192680577388,-0.009202451398202667,0.021935076866255714,0.06067622533100986
2023,l,5,6,2,False,True,-1.6727647160325319,0.375,-0.0026068836452557346,-0.11979509786742219,-0.003774846272174124,-0.12617682778485223,-0.004694844304207729,-0.04421033510487039,-0.01563334172849315,-0.06453852113757118,-0.06163830664728105
2023,m,2,4,5,True,False,3.330893808287712,0.5490196078431373,0.005193467918331617,0.0637994035686199,-0.04595730108512774,0.0230355704018236,0.0038956029008304555,0.07300154251309474,-0.021981387817810505,0.05491575759611463,-0.03188018719429103
2023,s,5,2,6,False,False,-9.16318934474171,0.37254901960784315,-0.0036392033925390552,0.06910111842318911,-0.004661716003686077,0.0608001990269639,-0.009389740349838919,0.12641318614820396,0.008727759507195308,0.12575120530556025,-0.06495100627859635
2023,t,1,1,1,True,False,-0.6624155150885542,0.627906976744186,-0.004420758727359408,0.04726458517023691,0.05652864737032608,0.09937247381320377,0.0038865186892809876,-0.12996123873467055,-0.03879992314484445,-0.164874643190234,0.2642471170034378
2024,b,5,5,2,False,True,-0.08339183370652137,0.38636363636363635,-0.004284329825064585,-0.08372654749764881,-0.08793328367114787,-0.1759441609938612,-0.01173263360811068,-0.04538989098604659,-0.01256455032226992,-0.06968707491642721,-0.10625708607743399
2024,c,4,5,2,False,True,-0.39439939652443456,0.48,-0.001818418477432479,-0.0772970754069118,-0.024918841580318905,-0.10403433546466329,-0.0006488029813007271,-0.1022395235311365,0.010620304638833294,-0.09226802187360408,-0.011766313591059202
2024,d,6,6,4,False,True,7.561394705900469,0.6,0.009814128358396066,-0.14255071368183783,-0.07799785072810418,-0.2107344360515461,0.005562397111340078,0.011615939423744556,0.022293454160629816,0.039471790695714194,-0.2502062267472603
2024,db,3,1,5,True,False,-1.3738979230924429,0.4444444444444444,0.0005189413712724803,0.11002293302855158,0.014812857787453435,0.12535473218727725,0.003237715707980092,0.11123953181390382,-0.024026019217886444,0.0904512283039975,0.03490350388327974
2024,e,4,4,6,False,False,7.778435072911769,0.5365853658536586,-0.0019451474718925048,0.027262955456182077,0.000764658895135894,0.026082466879425857,-0.004676547883901793,0.1116221397743488,0.0798765783511359,0.18682217024158285,-0.16073970336215698
2024,f,2,2,3,True,False,1.8009027901843666,0.6222222222222222,0.015043678114577597,0.10233227428765997,-0.013128712673475235,0.10424723972876204,0.017726861112335197,0.006980632541139698,-0.015038910047404014,0.009668583606070737,0.09457865612269131
2024,g,1,4,1,True,False,-2.871022218003489,0.5434782608695652,-0.00025957170814151336,-0.0909772827085477,0.09448888980306638,0.003252035386377316,0.007109187829638715,-0.10589073238942251,-0.08855802210925691,-0.18733956666904084,0.19059160205541814
2024,h,1,1,1,True,False,-5.882177694189892,0.5714285714285714,-0.008979174129272328,0.16155876172448932,0.08355295385139885,0.23613254144661608,0.005428473974292665,-0.17743127456687205,-0.036330767615140924,-0.20833356820772034,0.4444661096543364
2024,l,6,6,3,False,True,-0.705056374859538,0.37037037037037035,0.00658534241183941,-0.288180968807218,-0.03286746873404428,-0.314463095129423,-0.0023355401819282976,0.05173564642577461,-0.0397315226377755,0.009668583606070737,-0.32413167873549376
2024,m,3,3,5,True,False,2.753754246581849,0.5454545454545454,-0.0066289967843187825,0.02117470778669746,0.013567213427428969,0.028112924429807732,-0.004676547883901793,0.02938404153737671,0.005369961583803105,0.030077455237277954,-0.0019645308074702217
2024,s,5,2,6,False,False,-1.5223810361118382,0.4,-0.005726199925508616,0.14895072175569085,-0.04900070823807821,0.09422381359210384,-0.017931244130048655,0.14882922186426017,0.05973137472062909,0.19062935245484047,-0.09640553886273663
2024,t,2,3,3,True,False,-3.4671713519906717,0.54,-0.002598754061313554,0.019158470100332035,0.035276319203103326,0.051836035242121686,0.0024616194330917785,-0.09307985335371464,0.0007340034022950708,-0.08988423051832777,0.14172026576044944
2025,b,3,3,4,True,False,6.132446028045024,0.5217391304347826,0.0046547795449825196,-0.03898516082873021,0.07291384732290436,0.03858346603915661,0.004006985261786219,0.021551612514179898,0.05917826156786703,0.08473685934383338,-0.046153393304676764
2025,c,5,5,5,False,True,-2.4824749666085495,0.43478260869565216,-0.004154770972774851,-0.06062978288838955,0.024053266402516163,-0.04073128745864825,-0.005851391768464125,0.04961946554882828,0.021709855599142586,0.0654779293795068,-0.10620921683815505
2025,d,4,6,4,False,True,1.4052067541806608,0.46551724137931033,0.0012948337947896486,-0.05823621019492833,-0.07389822455867276,-0.13083960095881106,-0.005851391768464125,-0.003869219402157842,0.004335568539734078,-0.005385042630887711,-0.12545455832792335
2025,db,2,1,2,True,False,-4.490316994995027,0.49056603773584906,-0.004935715955846252,0.08298950409321275,0.026580774675510836,0.10463456281287731,-0.0027263892253288533,0.0003050805363185513,-0.018197978513725385,-0.020619287202735703,0.125253850015613
2025,e,4,4,5,False,False,7.062480278577844,0.6363636363636364,0.007745972114655329,0.0010958184668056446,-0.08853949221396963,-0.07969770163250857,0.0009062075835380904,0.06265350837104172,0.03457447296107461,0.0981341889156547,-0.17783189054816329
2025,f,2,2,2,True,False,-5.303349228229891,0.5087719298245614,0.0,0.12191893520043183,0.004339698095011131,0.12625863329544285,0.007869485235682976,-0.10185603810949964,-0.05946531490543702,-0.15345186777925357,0.2797105010746964
2025,g,3,3,3,True,False,0.22470880204585342,0.48148148148148145,-0.0033744353888938523,-0.015248076709108141,0.02657340327874169,0.007950891180740029,-0.0027263892253288533,0.007551489057085622,-0.014539153552230236,-0.00971405372047333,0.01766494490121336
2025,h,1,1,1,True,False,-3.920339435615219,0.5531914893617021,-0.014884724476425755,0.08186254164555637,0.06474033833121123,0.1317181555003419,-0.0037630616001455464,-0.16433146342739302,-0.03549315517607055,-0.20358768020360887,0.3353058357039508
2025,l,5,6,3,False,True,1.0271635686151797,0.54,0.003880486049077814,-0.08333130261329522,-0.08440867739000187,-0.1638594939542192,-0.002204214830854466,-0.03396276715413611,0.01103736375029141,-0.025129618234698992,-0.1387298757195202
2025,m,6,5,6,False,True,0.29165863869255304,0.34782608695652173,-0.0015564205476583065,-0.10124176001355031,0.01182640235548191,-0.09097177820572676,-0.006888064143280787,0.17953017452341263,-0.02445113267985253,0.14819097770027956,-0.23916275590600633
2025,s,6,4,6,False,False,3.785324800746345,0.575,0.00979894380109033,-0.00979894380109046,-0.03620639286035848,-0.03620639286035848,-0.00038902937662400286,0.1923376159977429,-6.4318401816830295e-06,0.19194215478093718,-0.22814854764129566
2025,t,1,2,1,True,False,-5.62001452477557,0.46808510638297873,0.0012948337947896486,0.052578156145361765,0.022926773879281673,0.07679976381943339,0.017351505311199708,-0.3038251184014125,0.006992691971187774,-0.2794809211190246,0.356280684938458
