year,team,kind,count
2013,b,walkoff,2
2013,c,walkoff,6
2013,d,walkoff,4
2013,db,walkoff,7
2013,e,walkoff,4
2013,f,walkoff,2
2013,g,walkoff,9
2013,h,walkoff,6
2013,l,walkoff,9
2013,m,walkoff,8
2013,s,walkoff,4
2013,t,walkoff,8
2014,b,walkoff,1
2014,c,walkoff,7
2014,d,incomplete_other,1
2014,d,walkoff,3
2014,db,walkoff,9
2014,e,walkoff,8
2014,f,incomplete_other,1
2014,f,walkoff,5
2014,g,walkoff,8
2014,h,walkoff,7
2014,l,incomplete_other,1
2014,l,walkoff,6
2014,m,walkoff,8
2014,s,incomplete_other,1
2014,s,walkoff,1
2014,t,walkoff,7
2015,b,walkoff,4
2015,c,walkoff,2
2015,d,walkoff,6
2015,db,walkoff,5
2015,e,walkoff,6
2015,f,walkoff,7
2015,g,walkoff,7
2015,h,incomplete_other,1
2015,h,walkoff,9
2015,l,walkoff,3
2015,m,incomplete_other,1
2015,m,walkoff,2
2015,s,walkoff,6
2015,t,walkoff,9
2016,b,incomplete_other,1
2016,b,walkoff,5
2016,c,walkoff,9
2016,d,walkoff,4
2016,db,walkoff,7
2016,e,walkoff,6
2016,f,walkoff,8
2016,g,walkoff,6
2016,h,walkoff,3
2016,l,walkoff,5
2016,m,walkoff,8
2016,s,walkoff,7
2016,t,incomplete_other,1
2016,t,walkoff,5
2017,b,walkoff,6
2017,c,walkoff,6
2017,d,walkoff,6
2017,db,walkoff,8
2017,e,walkoff,6
2017,f,walkoff,5
2017,g,incomplete_other,1
2017,g,walkoff,6
2017,h,walkoff,6
2017,l,walkoff,5
2017,m,walkoff,5
2017,s,incomplete_other,1
2017,s,walkoff,8
2017,t,walkoff,8
2018,b,walkoff,6
2018,c,walkoff,9
2018,d,walkoff,5
2018,db,incomplete_other,1
2018,db,walkoff,4
2018,e,walkoff,4
2018,f,incomplete_other,2
2018,f,walkoff,2
2018,g,walkoff,4
2018,h,walkoff,4
2018,l,walkoff,7
2018,m,walkoff,4
2018,s,incomplete_other,1
2018,s,walkoff,7
2018,t,walkoff,4
2019,b,walkoff,5
2019,c,incomplete_other,1
2019,c,walkoff,12
2019,d,walkoff,2
2019,db,walkoff,9
2019,e,walkoff,7
2019,f,incomplete_other,1
2019,f,walkoff,3
2019,g,walkoff,5
2019,h,incomplete_other,1
2019,h,walkoff,4
2019,l,incomplete_other,1
2019,l,walkoff,9
2019,m,walkoff,7
2019,s,incomplete_other,1
2019,s,walkoff,5
2019,t,walkoff,9
2020,b,incomplete_other,1
2020,b,walkoff,1
2020,c,walkoff,2
2020,d,walkoff,2
2020,db,walkoff,5
2020,e,walkoff,1
2020,f,walkoff,2
2020,g,walkoff,3
2020,h,walkoff,4
2020,l,walkoff,5
2020,m,walkoff,5
2020,s,walkoff,3
2020,t,incomplete_other,1
2020,t,walkoff,2
2021,b,walkoff,5
2021,c,walkoff,1
2021,d,walkoff,1
2021,db,incomplete_other,2
2021,db,walkoff,2
2021,e,walkoff,1
2021,f,walkoff,4
2021,g,incomplete_other,1
2021,g,walkoff,3
2021,h,walkoff,2
2021,l,walkoff,2
2021,m,walkoff,4
2021,s,incomplete_other,1
2021,s,walkoff,3
2021,t,walkoff,3
2022,b,incomplete_other,1
2022,b,walkoff,6
2022,c,walkoff,7
2022,d,walkoff,6
2022,db,incomplete_other,1
2022,db,walkoff,5
2022,e,incomplete_other,1
2022,e,walkoff,5
2022,f,walkoff,6
2022,g,walkoff,3
2022,h,walkoff,2
2022,l,walkoff,4
2022,m,walkoff,7
2022,s,walkoff,6
2022,t,incomplete_other,1
2022,t,walkoff,2
2023,b,walkoff,7
2023,c,walkoff,7
2023,d,walkoff,6
2023,db,walkoff,3
2023,e,walkoff,8
2023,f,walkoff,4
2023,g,walkoff,10
2023,h,walkoff,9
2023,l,walkoff,3
2023,m,walkoff,8
2023,s,incomplete_other,1
2023,s,walkoff,5
2023,t,incomplete_other,1
2023,t,walkoff,8
2024,b,incomplete_other,1
2024,b,walkoff,8
2024,c,walkoff,4
2024,d,walkoff,4
2024,db,walkoff,5
2024,e,incomplete_other,1
2024,e,walkoff,7
2024,f,walkoff,10
2024,g,incomplete_other,1
2024,g,walkoff,6
2024,h,incomplete_other,1
2024,h,walkoff,8
2024,l,walkoff,5
2024,m,incomplete_other,2
2024,m,walkoff,6
2024,s,incomplete_other,1
2024,s,walkoff,9
2024,t,walkoff,7
2025,b,walkoff,10
2025,c,incomplete_other,1
2025,c,walkoff,2
2025,d,walkoff,4
2025,db,incomplete_other,1
2025,db,walkoff,3
2025,e,walkoff,10
2025,f,walkoff,10
2025,g,incomplete_other,1
2025,g,walkoff,7
2025,h,walkoff,5
2025,l,walkoff,7
2025,m,walkoff,5
2025,s,walkoff,6
2025,t,walkoff,3
2026,b,walkoff,8
2026,c,incomplete_other,1
2026,c,walkoff,7
2026,d,walkoff,5
2026,db,incomplete_other,2
2026,db,walkoff,7
2026,e,incomplete_other,1
2026,e,walkoff,2
2026,f,walkoff,5
2026,g,walkoff,5
2026,h,walkoff,2
2026,l,walkoff,7
2026,m,walkoff,7
2026,s,walkoff,8
2026,t,incomplete_other,2
2026,t,walkoff,7
