year,team,cutoff,state,category,G,W,L,T
2013,c,6,lead,not_trailing,56,44,12,0
2013,c,6,tie,not_trailing,26,16,9,1
2013,c,6,trail,led,8,7,0,1
2013,c,6,trail,level_never_led,2,0,2,0
2013,c,6,trail,never_level,23,0,23,0
2013,c,6,trail,no_runs,23,0,23,0
2013,c,7,lead,not_trailing,63,53,9,1
2013,c,7,tie,not_trailing,15,8,6,1
2013,c,7,trail,led,7,6,1,0
2013,c,7,trail,level_never_led,3,0,3,0
2013,c,7,trail,never_level,18,0,18,0
2013,c,7,trail,no_runs,32,0,32,0
2013,d,6,lead,not_trailing,57,46,11,0
2013,d,6,tie,not_trailing,19,7,11,1
2013,d,6,trail,led,7,7,0,0
2013,d,6,trail,level_never_led,8,0,6,2
2013,d,6,trail,never_level,22,0,22,0
2013,d,6,trail,no_runs,25,0,25,0
2013,d,7,lead,not_trailing,58,50,8,0
2013,d,7,tie,not_trailing,16,3,11,2
2013,d,7,trail,led,7,7,0,0
2013,d,7,trail,level_never_led,4,0,3,1
2013,d,7,trail,never_level,17,0,17,0
2013,d,7,trail,no_runs,36,0,36,0
2013,db,6,lead,not_trailing,45,38,7,0
2013,db,6,tie,not_trailing,21,10,11,0
2013,db,6,trail,led,12,11,0,1
2013,db,6,trail,level_never_led,5,0,5,0
2013,db,6,trail,never_level,22,0,22,0
2013,db,6,trail,no_runs,32,0,32,0
2013,db,7,lead,not_trailing,46,42,3,1
2013,db,7,tie,not_trailing,15,9,6,0
2013,db,7,trail,led,8,8,0,0
2013,db,7,trail,level_never_led,3,0,3,0
2013,db,7,trail,never_level,21,0,21,0
2013,db,7,trail,no_runs,44,0,44,0
2013,g,6,lead,not_trailing,61,57,2,2
2013,g,6,tie,not_trailing,24,12,9,3
2013,g,6,trail,led,11,11,0,0
2013,g,6,trail,level_never_led,4,0,2,2
2013,g,6,trail,never_level,17,0,17,0
2013,g,6,trail,no_runs,19,0,19,0
2013,g,7,lead,not_trailing,67,64,3,0
2013,g,7,tie,not_trailing,17,9,4,4
2013,g,7,trail,led,7,7,0,0
2013,g,7,trail,level_never_led,4,0,1,3
2013,g,7,trail,never_level,13,0,13,0
2013,g,7,trail,no_runs,28,0,28,0
2013,s,6,lead,not_trailing,52,42,7,3
2013,s,6,tie,not_trailing,14,6,8,0
2013,s,6,trail,led,6,6,0,0
2013,s,6,trail,level_never_led,3,0,3,0
2013,s,6,trail,never_level,24,0,24,0
2013,s,6,trail,no_runs,35,0,35,0
2013,s,7,lead,not_trailing,52,45,4,3
2013,s,7,tie,not_trailing,11,4,7,0
2013,s,7,trail,led,5,5,0,0
2013,s,7,trail,level_never_led,4,0,4,0
2013,s,7,trail,never_level,20,0,20,0
2013,s,7,trail,no_runs,42,0,42,0
2013,t,6,lead,not_trailing,54,48,4,2
2013,t,6,tie,not_trailing,25,13,11,1
2013,t,6,trail,led,8,8,0,0
2013,t,6,trail,level_never_led,2,0,1,1
2013,t,6,trail,never_level,10,0,10,0
2013,t,6,trail,no_runs,36,0,36,0
2013,t,7,lead,not_trailing,55,52,2,1
2013,t,7,tie,not_trailing,24,12,10,2
2013,t,7,trail,led,5,5,0,0
2013,t,7,trail,level_never_led,1,0,0,1
2013,t,7,trail,never_level,8,0,8,0
2013,t,7,trail,no_runs,42,0,42,0
2014,c,6,lead,not_trailing,59,54,5,0
2014,c,6,tie,not_trailing,16,9,6,1
2014,c,6,trail,led,8,7,1,0
2014,c,6,trail,level_never_led,5,0,4,1
2014,c,6,trail,never_level,25,0,25,0
2014,c,6,trail,no_runs,21,0,21,0
2014,c,6,unavailable,not_trailing,1,1,0,0
2014,c,7,lead,not_trailing,62,58,4,0
2014,c,7,tie,not_trailing,15,7,6,2
2014,c,7,trail,led,5,5,0,0
2014,c,7,trail,level_never_led,3,0,3,0
2014,c,7,trail,never_level,23,0,23,0
2014,c,7,trail,no_runs,26,0,26,0
2014,c,7,unavailable,not_trailing,1,1,0,0
2014,d,6,lead,not_trailing,53,47,6,0
2014,d,6,tie,not_trailing,20,9,9,2
2014,d,6,trail,led,6,6,0,0
2014,d,6,trail,level_never_led,10,0,8,2
2014,d,6,trail,never_level,24,0,24,0
2014,d,6,trail,no_runs,25,0,25,0
2014,d,6,unavailable,not_trailing,1,1,0,0
2014,d,7,lead,not_trailing,54,51,3,0
2014,d,7,tie,not_trailing,17,8,7,2
2014,d,7,trail,led,3,3,0,0
2014,d,7,trail,level_never_led,8,0,6,2
2014,d,7,trail,never_level,17,0,17,0
2014,d,7,trail,no_runs,39,0,39,0
2014,d,7,unavailable,not_trailing,1,1,0,0
2014,db,6,lead,not_trailing,59,50,7,2
2014,db,6,tie,not_trailing,16,7,9,0
2014,db,6,trail,led,4,4,0,0
2014,db,6,trail,level_never_led,6,0,6,0
2014,db,6,trail,never_level,14,0,14,0
2014,db,6,trail,no_runs,32,0,32,0
2014,db,7,lead,not_trailing,62,55,6,1
2014,db,7,tie,not_trailing,15,5,9,1
2014,db,7,trail,led,1,1,0,0
2014,db,7,trail,level_never_led,2,0,2,0
2014,db,7,trail,never_level,11,0,11,0
2014,db,7,trail,no_runs,40,0,40,0
2014,g,6,lead,not_trailing,62,55,7,0
2014,g,6,tie,not_trailing,21,12,8,1
2014,g,6,trail,led,12,10,2,0
2014,g,6,trail,level_never_led,2,0,2,0
2014,g,6,trail,never_level,17,0,17,0
2014,g,6,trail,no_runs,20,0,20,0
2014,g,7,lead,not_trailing,59,55,4,0
2014,g,7,tie,not_trailing,21,13,7,1
2014,g,7,trail,led,11,9,2,0
2014,g,7,trail,level_never_led,2,0,2,0
2014,g,7,trail,never_level,13,0,13,0
2014,g,7,trail,no_runs,28,0,28,0
2014,s,6,lead,not_trailing,58,46,10,2
2014,s,6,tie,not_trailing,11,3,8,0
2014,s,6,trail,led,9,7,2,0
2014,s,6,trail,level_never_led,2,0,1,1
2014,s,6,trail,never_level,26,0,26,0
2014,s,6,trail,no_runs,27,0,27,0
2014,s,6,unavailable,not_trailing,1,0,1,0
2014,s,7,lead,not_trailing,58,47,9,2
2014,s,7,tie,not_trailing,10,6,3,1
2014,s,7,trail,led,5,3,2,0
2014,s,7,trail,level_never_led,1,0,1,0
2014,s,7,trail,never_level,22,0,22,0
2014,s,7,trail,no_runs,37,0,37,0
2014,s,7,unavailable,not_trailing,1,0,1,0
2014,t,6,lead,not_trailing,58,50,8,0
2014,t,6,tie,not_trailing,23,13,9,1
2014,t,6,trail,led,7,7,0,0
2014,t,6,trail,level_never_led,2,0,2,0
2014,t,6,trail,never_level,16,0,16,0
2014,t,6,trail,no_runs,31,0,31,0
2014,t,7,lead,not_trailing,57,51,6,0
2014,t,7,tie,not_trailing,23,12,10,1
2014,t,7,trail,led,7,7,0,0
2014,t,7,trail,level_never_led,1,0,1,0
2014,t,7,trail,never_level,15,0,15,0
2014,t,7,trail,no_runs,34,0,34,0
2015,c,6,lead,not_trailing,60,50,10,0
2015,c,6,tie,not_trailing,20,8,10,2
2015,c,6,trail,led,5,5,0,0
2015,c,6,trail,level_never_led,3,0,2,1
2015,c,6,trail,never_level,14,0,14,0
2015,c,6,trail,no_runs,29,0,29,0
2015,c,7,lead,not_trailing,60,51,8,1
2015,c,7,tie,not_trailing,21,10,10,1
2015,c,7,trail,led,2,2,0,0
2015,c,7,trail,level_never_led,3,0,2,1
2015,c,7,trail,never_level,14,0,14,0
2015,c,7,trail,no_runs,31,0,31,0
2015,d,6,lead,not_trailing,57,43,11,3
2015,d,6,tie,not_trailing,25,11,13,1
2015,d,6,trail,led,6,5,1,0
2015,d,6,trail,level_never_led,2,0,2,0
2015,d,6,trail,never_level,18,0,18,0
2015,d,6,trail,no_runs,28,0,28,0
2015,d,7,lead,not_trailing,58,46,9,3
2015,d,7,tie,not_trailing,20,8,11,1
2015,d,7,trail,led,6,5,1,0
2015,d,7,trail,never_level,15,0,15,0
2015,d,7,trail,no_runs,37,0,37,0
2015,db,6,lead,not_trailing,47,40,7,0
2015,db,6,tie,not_trailing,25,11,14,0
2015,db,6,trail,led,11,9,2,0
2015,db,6,trail,level_never_led,6,0,6,0
2015,db,6,trail,never_level,27,0,27,0
2015,db,6,trail,no_runs,18,0,18,0
2015,db,6,unavailable,not_trailing,1,0,0,1
2015,db,7,lead,not_trailing,49,43,6,0
2015,db,7,tie,not_trailing,23,11,12,0
2015,db,7,trail,led,7,6,1,0
2015,db,7,trail,level_never_led,5,0,5,0
2015,db,7,trail,never_level,19,0,19,0
2015,db,7,trail,no_runs,31,0,31,0
2015,db,7,unavailable,not_trailing,1,0,0,1
2015,g,6,lead,not_trailing,54,47,7,0
2015,g,6,tie,not_trailing,26,14,11,1
2015,g,6,trail,led,8,7,1,0
2015,g,6,trail,level_never_led,4,0,4,0
2015,g,6,trail,never_level,15,0,15,0
2015,g,6,trail,no_runs,27,0,27,0
2015,g,7,lead,not_trailing,57,52,5,0
2015,g,7,tie,not_trailing,24,10,13,1
2015,g,7,trail,led,6,6,0,0
2015,g,7,trail,level_never_led,2,0,2,0
2015,g,7,trail,never_level,12,0,12,0
2015,g,7,trail,no_runs,33,0,33,0
2015,s,6,lead,not_trailing,56,53,3,0
2015,s,6,tie,not_trailing,15,7,8,0
2015,s,6,trail,led,9,9,0,0
2015,s,6,trail,level_never_led,3,0,1,2
2015,s,6,trail,never_level,24,0,24,0
2015,s,6,trail,no_runs,26,0,26,0
2015,s,7,lead,not_trailing,58,57,1,0
2015,s,7,tie,not_trailing,10,6,4,0
2015,s,7,trail,led,6,6,0,0
2015,s,7,trail,level_never_led,2,0,0,2
2015,s,7,trail,never_level,17,0,17,0
2015,s,7,trail,no_runs,40,0,40,0
2015,t,6,lead,not_trailing,52,48,4,0
2015,t,6,tie,not_trailing,25,12,11,2
2015,t,6,trail,led,7,7,0,0
2015,t,6,trail,level_never_led,5,0,5,0
2015,t,6,trail,never_level,17,0,17,0
2015,t,6,trail,no_runs,27,0,27,0
2015,t,7,lead,not_trailing,51,48,3,0
2015,t,7,tie,not_trailing,20,13,6,1
2015,t,7,trail,led,7,6,0,1
2015,t,7,trail,level_never_led,4,0,4,0
2015,t,7,trail,never_level,10,0,10,0
2015,t,7,trail,no_runs,41,0,41,0
2016,c,6,lead,not_trailing,67,60,7,0
2016,c,6,tie,not_trailing,26,15,10,1
2016,c,6,trail,led,11,11,0,0
2016,c,6,trail,level_never_led,1,0,1,0
2016,c,6,trail,never_level,11,0,11,0
2016,c,6,trail,no_runs,19,0,19,0
2016,c,6,unavailable,not_trailing,1,0,0,1
2016,c,7,lead,not_trailing,71,66,5,0
2016,c,7,tie,not_trailing,18,9,8,1
2016,c,7,trail,led,11,11,0,0
2016,c,7,trail,level_never_led,2,0,2,0
2016,c,7,trail,never_level,7,0,7,0
2016,c,7,trail,no_runs,26,0,26,0
2016,c,7,unavailable,not_trailing,1,0,0,1
2016,d,6,lead,not_trailing,49,37,12,0
2016,d,6,tie,not_trailing,25,10,12,3
2016,d,6,trail,led,9,9,0,0
2016,d,6,trail,level_never_led,1,0,1,0
2016,d,6,trail,never_level,19,0,19,0
2016,d,6,trail,no_runs,32,0,32,0
2016,d,7,lead,not_trailing,49,43,6,0
2016,d,7,tie,not_trailing,20,8,9,3
2016,d,7,trail,led,5,5,0,0
2016,d,7,trail,level_never_led,3,0,3,0
2016,d,7,trail,never_level,10,0,10,0
2016,d,7,trail,no_runs,48,0,48,0
2016,db,6,lead,not_trailing,59,49,10,0
2016,db,6,tie,not_trailing,21,9,11,1
2016,db,6,trail,led,6,6,0,0
2016,db,6,trail,level_never_led,4,0,2,2
2016,db,6,trail,never_level,20,0,20,0
2016,db,6,trail,no_runs,26,0,26,0
2016,db,7,lead,not_trailing,57,51,6,0
2016,db,7,tie,not_trailing,16,7,8,1
2016,db,7,trail,led,6,6,0,0
2016,db,7,trail,level_never_led,3,0,1,2
2016,db,7,trail,never_level,12,0,12,0
2016,db,7,trail,no_runs,42,0,42,0
2016,g,6,lead,not_trailing,60,51,7,2
2016,g,6,tie,not_trailing,22,12,9,1
2016,g,6,trail,led,4,4,0,0
2016,g,6,trail,level_never_led,3,0,3,0
2016,g,6,trail,never_level,15,0,15,0
2016,g,6,trail,no_runs,28,0,28,0
2016,g,7,lead,not_trailing,60,53,5,2
2016,g,7,tie,not_trailing,20,12,7,1
2016,g,7,trail,led,2,2,0,0
2016,g,7,trail,level_never_led,1,0,1,0
2016,g,7,trail,never_level,13,0,13,0
2016,g,7,trail,no_runs,36,0,36,0
2016,s,6,lead,not_trailing,49,41,7,1
2016,s,6,tie,not_trailing,15,9,6,0
2016,s,6,trail,led,12,11,1,0
2016,s,6,trail,level_never_led,4,0,4,0
2016,s,6,trail,never_level,24,0,24,0
2016,s,6,trail,no_runs,32,0,32,0
2016,s,7,lead,not_trailing,55,50,5,0
2016,s,7,tie,not_trailing,14,6,7,1
2016,s,7,trail,led,6,5,1,0
2016,s,7,trail,level_never_led,1,0,1,0
2016,s,7,trail,never_level,19,0,19,0
2016,s,7,trail,no_runs,41,0,41,0
2016,t,6,lead,not_trailing,50,41,8,1
2016,t,6,tie,not_trailing,20,9,11,0
2016,t,6,trail,led,9,7,1,1
2016,t,6,trail,level_never_led,3,0,2,1
2016,t,6,trail,never_level,19,0,19,0
2016,t,6,trail,no_runs,34,0,34,0
2016,t,7,lead,not_trailing,53,44,8,1
2016,t,7,tie,not_trailing,15,7,7,1
2016,t,7,trail,led,7,6,1,0
2016,t,7,trail,level_never_led,3,0,2,1
2016,t,7,trail,never_level,16,0,16,0
2016,t,7,trail,no_runs,41,0,41,0
2017,c,6,lead,not_trailing,68,62,6,0
2017,c,6,tie,not_trailing,15,7,7,1
2017,c,6,trail,led,16,15,1,0
2017,c,6,trail,level_never_led,6,0,3,3
2017,c,6,trail,never_level,11,0,11,0
2017,c,6,trail,no_runs,20,0,20,0
2017,c,7,lead,not_trailing,72,68,4,0
2017,c,7,tie,not_trailing,18,9,8,1
2017,c,7,trail,led,7,7,0,0
2017,c,7,trail,level_never_led,6,0,3,3
2017,c,7,trail,never_level,10,0,10,0
2017,c,7,trail,no_runs,22,0,22,0
2017,c,7,unavailable,not_trailing,1,0,1,0
2017,d,6,lead,not_trailing,51,39,10,2
2017,d,6,tie,not_trailing,27,13,11,3
2017,d,6,trail,led,9,5,4,0
2017,d,6,trail,level_never_led,3,0,3,0
2017,d,6,trail,never_level,15,0,15,0
2017,d,6,trail,no_runs,29,0,29,0
2017,d,7,lead,not_trailing,54,43,10,1
2017,d,7,tie,not_trailing,26,11,11,4
2017,d,7,trail,led,4,3,1,0
2017,d,7,trail,level_never_led,2,0,2,0
2017,d,7,trail,never_level,11,0,11,0
2017,d,7,trail,no_runs,37,0,37,0
2017,db,6,lead,not_trailing,60,52,8,0
2017,db,6,tie,not_trailing,19,8,8,3
2017,db,6,trail,led,7,6,1,0
2017,db,6,trail,level_never_led,3,0,2,1
2017,db,6,trail,never_level,18,0,18,0
2017,db,6,trail,no_runs,26,0,26,0
2017,db,7,lead,not_trailing,60,54,6,0
2017,db,7,tie,not_trailing,19,6,9,4
2017,db,7,trail,led,6,6,0,0
2017,db,7,trail,never_level,16,0,16,0
2017,db,7,trail,no_runs,32,0,32,0
2017,g,6,lead,not_trailing,55,53,2,0
2017,g,6,tie,not_trailing,23,10,12,1
2017,g,6,trail,led,9,4,5,0
2017,g,6,trail,level_never_led,6,0,4,2
2017,g,6,trail,never_level,10,0,10,0
2017,g,6,trail,no_runs,31,0,31,0
2017,g,7,lead,not_trailing,61,57,4,0
2017,g,7,tie,not_trailing,12,4,7,1
2017,g,7,trail,led,7,6,1,0
2017,g,7,trail,level_never_led,5,0,3,2
2017,g,7,trail,never_level,8,0,8,0
2017,g,7,trail,no_runs,41,0,41,0
2017,s,6,lead,not_trailing,43,31,11,1
2017,s,6,tie,not_trailing,22,10,12,0
2017,s,6,trail,led,4,3,1,0
2017,s,6,trail,level_never_led,3,0,2,1
2017,s,6,trail,never_level,27,0,27,0
2017,s,6,trail,no_runs,36,0,36,0
2017,s,7,lead,not_trailing,41,34,6,1
2017,s,7,tie,not_trailing,17,7,10,0
2017,s,7,trail,led,2,2,0,0
2017,s,7,trail,level_never_led,2,0,1,1
2017,s,7,trail,never_level,23,0,23,0
2017,s,7,trail,no_runs,49,0,49,0
2017,s,7,unavailable,not_trailing,1,1,0,0
2017,t,6,lead,not_trailing,58,51,4,3
2017,t,6,tie,not_trailing,29,14,15,0
2017,t,6,trail,led,6,6,0,0
2017,t,6,trail,level_never_led,1,0,1,0
2017,t,6,trail,never_level,16,0,16,0
2017,t,6,trail,no_runs,22,0,22,0
2017,t,7,lead,not_trailing,55,50,2,3
2017,t,7,tie,not_trailing,28,17,11,0
2017,t,7,trail,led,5,4,1,0
2017,t,7,trail,never_level,11,0,11,0
2017,t,7,trail,no_runs,33,0,33,0
2018,c,6,lead,not_trailing,68,59,7,2
2018,c,6,tie,not_trailing,18,12,6,0
2018,c,6,trail,led,9,8,1,0
2018,c,6,trail,level_never_led,2,0,2,0
2018,c,6,trail,never_level,19,0,19,0
2018,c,6,trail,no_runs,21,0,21,0
2018,c,7,lead,not_trailing,72,65,5,2
2018,c,7,tie,not_trailing,13,9,4,0
2018,c,7,trail,led,5,5,0,0
2018,c,7,trail,level_never_led,2,0,2,0
2018,c,7,trail,never_level,16,0,16,0
2018,c,7,trail,no_runs,29,0,29,0
2018,d,6,lead,not_trailing,60,48,11,1
2018,d,6,tie,not_trailing,18,7,11,0
2018,d,6,trail,led,7,7,0,0
2018,d,6,trail,level_never_led,4,0,3,1
2018,d,6,trail,never_level,19,0,19,0
2018,d,6,trail,no_runs,32,0,32,0
2018,d,7,lead,not_trailing,59,51,8,0
2018,d,7,tie,not_trailing,15,5,9,1
2018,d,7,trail,led,7,6,1,0
2018,d,7,trail,level_never_led,3,0,2,1
2018,d,7,trail,never_level,15,0,15,0
2018,d,7,trail,no_runs,41,0,41,0
2018,db,6,lead,not_trailing,49,46,3,0
2018,db,6,tie,not_trailing,16,7,8,1
2018,db,6,trail,led,10,10,0,0
2018,db,6,trail,level_never_led,4,0,3,1
2018,db,6,trail,never_level,28,0,28,0
2018,db,6,trail,no_runs,28,0,28,0
2018,db,6,unavailable,not_trailing,1,1,0,0
2018,db,7,lead,not_trailing,50,48,2,0
2018,db,7,tie,not_trailing,13,7,5,1
2018,db,7,trail,led,7,7,0,0
2018,db,7,trail,level_never_led,3,0,2,1
2018,db,7,trail,never_level,21,0,21,0
2018,db,7,trail,no_runs,40,0,40,0
2018,db,7,unavailable,not_trailing,2,2,0,0
2018,g,6,lead,not_trailing,64,54,8,2
2018,g,6,tie,not_trailing,17,7,8,2
2018,g,6,trail,led,6,3,3,0
2018,g,6,trail,level_never_led,4,0,3,1
2018,g,6,trail,never_level,24,0,24,0
2018,g,6,trail,no_runs,23,0,23,0
2018,g,7,lead,not_trailing,66,59,6,1
2018,g,7,tie,not_trailing,15,4,8,3
2018,g,7,trail,led,2,1,1,0
2018,g,7,trail,level_never_led,4,0,3,1
2018,g,7,trail,never_level,18,0,18,0
2018,g,7,trail,no_runs,33,0,33,0
2018,s,6,lead,not_trailing,52,43,9,0
2018,s,6,tie,not_trailing,24,16,8,0
2018,s,6,trail,led,11,10,0,1
2018,s,6,trail,level_never_led,2,0,1,1
2018,s,6,trail,never_level,23,0,23,0
2018,s,6,trail,no_runs,24,0,24,0
2018,s,7,lead,not_trailing,58,51,6,1
2018,s,7,tie,not_trailing,14,9,5,0
2018,s,7,trail,led,10,9,1,0
2018,s,7,trail,level_never_led,1,0,0,1
2018,s,7,trail,never_level,23,0,23,0
2018,s,7,trail,no_runs,29,0,29,0
2018,s,7,unavailable,not_trailing,1,0,1,0
2018,t,6,lead,not_trailing,53,48,4,1
2018,t,6,tie,not_trailing,15,7,7,1
2018,t,6,trail,led,4,3,1,0
2018,t,6,trail,level_never_led,3,0,3,0
2018,t,6,trail,never_level,24,0,24,0
2018,t,6,trail,no_runs,32,0,32,0
2018,t,7,lead,not_trailing,53,49,3,1
2018,t,7,tie,not_trailing,17,8,8,1
2018,t,7,trail,led,1,1,0,0
2018,t,7,trail,level_never_led,1,0,1,0
2018,t,7,trail,never_level,21,0,21,0
2018,t,7,trail,no_runs,38,0,38,0
2019,c,6,lead,not_trailing,58,51,6,1
2019,c,6,tie,not_trailing,24,11,12,1
2019,c,6,trail,led,9,8,0,1
2019,c,6,trail,level_never_led,4,0,4,0
2019,c,6,trail,never_level,19,0,19,0
2019,c,6,trail,no_runs,28,0,28,0
2019,c,7,lead,not_trailing,58,52,4,2
2019,c,7,tie,not_trailing,25,12,12,1
2019,c,7,trail,led,6,6,0,0
2019,c,7,trail,level_never_led,1,0,1,0
2019,c,7,trail,never_level,15,0,15,0
2019,c,7,trail,no_runs,36,0,36,0
2019,c,7,unavailable,not_trailing,1,0,1,0
2019,d,6,lead,not_trailing,57,51,6,0
2019,d,6,tie,not_trailing,26,13,12,1
2019,d,6,trail,led,4,2,2,0
2019,d,6,trail,level_never_led,6,0,5,1
2019,d,6,trail,never_level,22,0,22,0
2019,d,6,trail,no_runs,24,0,24,0
2019,d,7,lead,not_trailing,58,53,5,0
2019,d,7,tie,not_trailing,21,11,9,1
2019,d,7,trail,led,3,2,1,0
2019,d,7,trail,level_never_led,7,0,6,1
2019,d,7,trail,never_level,16,0,16,0
2019,d,7,trail,no_runs,34,0,34,0
2019,db,6,lead,not_trailing,63,53,8,2
2019,db,6,tie,not_trailing,24,14,10,0
2019,db,6,trail,led,7,4,2,1
2019,db,6,trail,never_level,26,0,26,0
2019,db,6,trail,no_runs,21,0,21,0
2019,db,7,lead,not_trailing,67,59,6,2
2019,db,7,tie,not_trailing,11,7,4,0
2019,db,7,trail,led,7,5,2,0
2019,db,7,trail,level_never_led,1,0,0,1
2019,db,7,trail,never_level,19,0,19,0
2019,db,7,trail,no_runs,36,0,36,0
2019,g,6,lead,not_trailing,74,63,10,1
2019,g,6,tie,not_trailing,14,7,7,0
2019,g,6,trail,led,7,6,1,0
2019,g,6,trail,level_never_led,7,0,6,1
2019,g,6,trail,never_level,14,0,14,0
2019,g,6,trail,no_runs,25,0,25,0
2019,g,7,lead,not_trailing,71,65,5,1
2019,g,7,tie,not_trailing,14,5,9,0
2019,g,7,trail,led,6,6,0,0
2019,g,7,trail,level_never_led,4,0,3,1
2019,g,7,trail,never_level,13,0,13,0
2019,g,7,trail,no_runs,32,0,32,0
2019,g,7,unavailable,not_trailing,1,0,1,0
2019,s,6,lead,not_trailing,54,47,7,0
2019,s,6,tie,not_trailing,20,8,12,0
2019,s,6,trail,led,4,3,1,0
2019,s,6,trail,level_never_led,4,0,2,2
2019,s,6,trail,never_level,27,0,27,0
2019,s,6,trail,no_runs,32,0,32,0
2019,s,7,lead,not_trailing,54,47,7,0
2019,s,7,tie,not_trailing,11,6,5,0
2019,s,7,trail,led,4,3,1,0
2019,s,7,trail,level_never_led,4,0,2,2
2019,s,7,trail,never_level,16,0,16,0
2019,s,7,trail,no_runs,50,0,50,0
2019,s,7,unavailable,not_trailing,2,2,0,0
2019,t,6,lead,not_trailing,50,42,4,4
2019,t,6,tie,not_trailing,27,12,14,1
2019,t,6,trail,led,12,12,0,0
2019,t,6,trail,level_never_led,3,0,2,1
2019,t,6,trail,never_level,24,0,24,0
2019,t,6,trail,no_runs,24,0,24,0
2019,t,7,lead,not_trailing,60,52,5,3
2019,t,7,tie,not_trailing,18,7,10,1
2019,t,7,trail,led,8,7,0,1
2019,t,7,trail,level_never_led,2,0,1,1
2019,t,7,trail,never_level,16,0,16,0
2019,t,7,trail,no_runs,36,0,36,0
2020,c,6,lead,not_trailing,46,39,5,2
2020,c,6,tie,not_trailing,12,6,2,4
2020,c,6,trail,led,9,6,1,2
2020,c,6,trail,level_never_led,7,0,3,4
2020,c,6,trail,never_level,20,0,20,0
2020,c,6,trail,no_runs,23,0,23,0
2020,c,7,lead,not_trailing,51,42,5,4
2020,c,7,tie,not_trailing,12,3,4,5
2020,c,7,trail,led,6,6,0,0
2020,c,7,trail,level_never_led,4,0,1,3
2020,c,7,trail,never_level,12,0,12,0
2020,c,7,trail,no_runs,32,0,32,0
2020,d,6,lead,not_trailing,54,48,4,2
2020,d,6,tie,not_trailing,11,6,3,2
2020,d,6,trail,led,6,5,1,0
2020,d,6,trail,level_never_led,2,0,1,1
2020,d,6,trail,never_level,18,0,18,0
2020,d,6,trail,no_runs,27,0,27,0
2020,d,7,lead,not_trailing,53,50,2,1
2020,d,7,tie,not_trailing,12,6,2,4
2020,d,7,trail,led,4,3,1,0
2020,d,7,trail,level_never_led,1,0,1,0
2020,d,7,trail,never_level,15,0,15,0
2020,d,7,trail,no_runs,33,0,33,0
2020,db,6,lead,not_trailing,56,48,7,1
2020,db,6,tie,not_trailing,10,1,6,3
2020,db,6,trail,led,7,6,1,0
2020,db,6,trail,level_never_led,3,0,1,2
2020,db,6,trail,never_level,18,0,18,0
2020,db,6,trail,no_runs,22,0,22,0
2020,db,6,unavailable,not_trailing,2,0,2,0
2020,db,7,lead,not_trailing,54,48,5,1
2020,db,7,tie,not_trailing,13,3,6,4
2020,db,7,trail,led,4,4,0,0
2020,db,7,trail,level_never_led,2,0,1,1
2020,db,7,trail,never_level,18,0,18,0
2020,db,7,trail,no_runs,25,0,25,0
2020,db,7,unavailable,not_trailing,2,0,2,0
2020,g,6,lead,not_trailing,63,55,4,4
2020,g,6,tie,not_trailing,13,6,6,1
2020,g,6,trail,led,4,3,0,1
2020,g,6,trail,level_never_led,4,0,2,2
2020,g,6,trail,never_level,15,0,15,0
2020,g,6,trail,no_runs,16,0,16,0
2020,g,6,unavailable,not_trailing,1,1,0,0
2020,g,7,lead,not_trailing,64,59,2,3
2020,g,7,tie,not_trailing,9,3,3,3
2020,g,7,trail,led,3,2,0,1
2020,g,7,trail,level_never_led,2,0,1,1
2020,g,7,trail,never_level,17,0,17,0
2020,g,7,trail,no_runs,20,0,20,0
2020,g,7,unavailable,not_trailing,1,1,0,0
2020,s,6,lead,not_trailing,40,33,4,3
2020,s,6,tie,not_trailing,16,3,9,4
2020,s,6,trail,led,3,3,0,0
2020,s,6,trail,level_never_led,6,0,3,3
2020,s,6,trail,never_level,22,0,22,0
2020,s,6,trail,no_runs,29,0,29,0
2020,s,7,lead,not_trailing,37,35,2,0
2020,s,7,tie,not_trailing,17,4,7,6
2020,s,7,trail,level_never_led,6,0,2,4
2020,s,7,trail,never_level,20,0,20,0
2020,s,7,trail,no_runs,36,0,36,0
2020,t,6,lead,not_trailing,50,44,3,3
2020,t,6,tie,not_trailing,18,9,5,4
2020,t,6,trail,led,6,4,2,0
2020,t,6,trail,level_never_led,2,0,2,0
2020,t,6,trail,never_level,13,0,13,0
2020,t,6,trail,no_runs,27,0,27,0
2020,t,6,unavailable,not_trailing,1,1,0,0
2020,t,7,lead,not_trailing,51,48,1,2
2020,t,7,tie,not_trailing,15,7,4,4
2020,t,7,trail,led,4,2,1,1
2020,t,7,trail,level_never_led,1,0,1,0
2020,t,7,trail,never_level,10,0,10,0
2020,t,7,trail,no_runs,35,0,35,0
2020,t,7,unavailable,not_trailing,1,1,0,0
2021,c,6,lead,not_trailing,55,48,4,3
2021,c,6,tie,not_trailing,22,5,12,5
2021,c,6,trail,led,4,3,1,0
2021,c,6,trail,level_never_led,6,0,3,3
2021,c,6,trail,never_level,14,0,14,0
2021,c,6,trail,no_runs,32,0,32,0
2021,c,7,lead,not_trailing,54,49,3,2
2021,c,7,tie,not_trailing,19,4,8,7
2021,c,7,trail,led,4,3,1,0
2021,c,7,trail,level_never_led,3,0,1,2
2021,c,7,trail,never_level,9,0,9,0
2021,c,7,trail,no_runs,44,0,44,0
2021,d,6,lead,not_trailing,45,38,4,3
2021,d,6,tie,not_trailing,30,10,11,9
2021,d,6,trail,led,6,5,1,0
2021,d,6,trail,level_never_led,5,0,1,4
2021,d,6,trail,never_level,14,0,14,0
2021,d,6,trail,no_runs,36,0,36,0
2021,d,6,unavailable,not_trailing,1,0,1,0
2021,d,7,lead,not_trailing,46,41,3,2
2021,d,7,tie,not_trailing,26,8,7,11
2021,d,7,trail,led,4,4,0,0
2021,d,7,trail,level_never_led,3,0,0,3
2021,d,7,trail,never_level,8,0,8,0
2021,d,7,trail,no_runs,49,0,49,0
2021,d,7,unavailable,not_trailing,1,0,1,0
2021,db,6,lead,not_trailing,48,36,4,8
2021,db,6,tie,not_trailing,22,10,10,2
2021,db,6,trail,led,8,5,1,2
2021,db,6,trail,level_never_led,4,0,1,3
2021,db,6,trail,never_level,23,0,23,0
2021,db,6,trail,no_runs,29,0,29,0
2021,db,6,unavailable,not_trailing,1,1,0,0
2021,db,7,lead,not_trailing,54,43,6,5
2021,db,7,tie,not_trailing,18,6,5,7
2021,db,7,trail,led,3,2,0,1
2021,db,7,trail,level_never_led,3,0,1,2
2021,db,7,trail,never_level,14,0,14,0
2021,db,7,trail,no_runs,42,0,42,0
2021,db,7,unavailable,not_trailing,1,1,0,0
2021,g,6,lead,not_trailing,59,46,5,8
2021,g,6,tie,not_trailing,19,9,5,5
2021,g,6,trail,led,4,4,0,0
2021,g,6,trail,level_never_led,8,0,2,6
2021,g,6,trail,never_level,16,0,16,0
2021,g,6,trail,no_runs,30,0,30,0
2021,g,7,lead,not_trailing,59,50,3,6
2021,g,7,tie,not_trailing,16,5,2,9
2021,g,7,trail,led,4,4,0,0
2021,g,7,trail,level_never_led,6,0,2,4
2021,g,7,trail,never_level,13,0,13,0
2021,g,7,trail,no_runs,36,0,36,0
2021,g,7,unavailable,not_trailing,2,0,2,0
2021,s,6,lead,not_trailing,65,52,6,7
2021,s,6,tie,not_trailing,23,10,7,6
2021,s,6,trail,led,8,6,2,0
2021,s,6,trail,level_never_led,5,0,2,3
2021,s,6,trail,never_level,15,0,15,0
2021,s,6,trail,no_runs,14,0,14,0
2021,s,6,unavailable,not_trailing,1,1,0,0
2021,s,7,lead,not_trailing,65,56,4,5
2021,s,7,tie,not_trailing,24,8,7,9
2021,s,7,trail,led,4,4,0,0
2021,s,7,trail,level_never_led,3,0,1,2
2021,s,7,trail,never_level,12,0,12,0
2021,s,7,trail,no_runs,22,0,22,0
2021,s,7,unavailable,not_trailing,1,1,0,0
2021,t,6,lead,not_trailing,65,59,5,1
2021,t,6,tie,not_trailing,19,8,8,3
2021,t,6,trail,led,5,5,0,0
2021,t,6,trail,level_never_led,5,0,1,4
2021,t,6,trail,never_level,11,0,11,0
2021,t,6,trail,no_runs,29,0,29,0
2021,t,7,lead,not_trailing,64,60,3,1
2021,t,7,tie,not_trailing,16,5,6,5
2021,t,7,trail,led,5,5,0,0
2021,t,7,trail,level_never_led,2,0,0,2
2021,t,7,trail,never_level,10,0,10,0
2021,t,7,trail,no_runs,35,0,35,0
2021,t,7,unavailable,not_trailing,2,2,0,0
2022,c,6,lead,not_trailing,60,52,8,0
2022,c,6,tie,not_trailing,23,7,13,3
2022,c,6,trail,led,8,7,1,0
2022,c,6,trail,level_never_led,4,0,4,0
2022,c,6,trail,never_level,15,0,15,0
2022,c,6,trail,no_runs,29,0,29,0
2022,c,6,unavailable,not_trailing,1,0,1,0
2022,c,7,lead,not_trailing,61,52,8,1
2022,c,7,tie,not_trailing,23,10,11,2
2022,c,7,trail,led,4,4,0,0
2022,c,7,trail,level_never_led,2,0,2,0
2022,c,7,trail,never_level,8,0,8,0
2022,c,7,trail,no_runs,41,0,41,0
2022,c,7,unavailable,not_trailing,1,0,1,0
2022,d,6,lead,not_trailing,51,47,4,0
2022,d,6,tie,not_trailing,19,9,8,2
2022,d,6,trail,led,7,7,0,0
2022,d,6,trail,level_never_led,2,0,2,0
2022,d,6,trail,never_level,14,0,14,0
2022,d,6,trail,no_runs,46,0,46,0
2022,d,7,lead,not_trailing,49,47,2,0
2022,d,7,tie,not_trailing,20,11,7,2
2022,d,7,trail,led,5,5,0,0
2022,d,7,trail,level_never_led,1,0,1,0
2022,d,7,trail,never_level,12,0,12,0
2022,d,7,trail,no_runs,52,0,52,0
2022,db,6,lead,not_trailing,52,48,3,1
2022,db,6,tie,not_trailing,29,21,7,1
2022,db,6,trail,led,2,1,1,0
2022,db,6,trail,level_never_led,2,0,2,0
2022,db,6,trail,never_level,19,0,19,0
2022,db,6,trail,no_runs,32,0,32,0
2022,db,6,unavailable,not_trailing,1,1,0,0
2022,db,7,lead,not_trailing,54,50,3,1
2022,db,7,tie,not_trailing,25,19,5,1
2022,db,7,trail,led,1,1,0,0
2022,db,7,trail,level_never_led,2,0,2,0
2022,db,7,trail,never_level,13,0,13,0
2022,db,7,trail,no_runs,41,0,41,0
2022,db,7,unavailable,not_trailing,1,1,0,0
2022,g,6,lead,not_trailing,54,49,4,1
2022,g,6,tie,not_trailing,27,11,15,1
2022,g,6,trail,led,7,7,0,0
2022,g,6,trail,level_never_led,4,0,3,1
2022,g,6,trail,never_level,15,0,15,0
2022,g,6,trail,no_runs,34,0,34,0
2022,g,7,lead,not_trailing,58,55,3,0
2022,g,7,tie,not_trailing,23,8,13,2
2022,g,7,trail,led,4,4,0,0
2022,g,7,trail,level_never_led,3,0,2,1
2022,g,7,trail,never_level,9,0,9,0
2022,g,7,trail,no_runs,44,0,44,0
2022,s,6,lead,not_trailing,63,58,5,0
2022,s,6,tie,not_trailing,16,9,5,2
2022,s,6,trail,led,11,10,0,1
2022,s,6,trail,level_never_led,5,0,5,0
2022,s,6,trail,never_level,15,0,15,0
2022,s,6,trail,no_runs,28,0,28,0
2022,s,7,lead,not_trailing,61,58,3,0
2022,s,7,tie,not_trailing,20,9,8,3
2022,s,7,trail,led,10,10,0,0
2022,s,7,trail,level_never_led,1,0,1,0
2022,s,7,trail,never_level,14,0,14,0
2022,s,7,trail,no_runs,32,0,32,0
2022,t,6,lead,not_trailing,62,54,8,0
2022,t,6,tie,not_trailing,22,8,11,3
2022,t,6,trail,led,7,4,3,0
2022,t,6,trail,level_never_led,5,0,5,0
2022,t,6,trail,never_level,11,0,11,0
2022,t,6,trail,no_runs,32,0,32,0
2022,t,6,unavailable,not_trailing,2,1,1,0
2022,t,7,lead,not_trailing,65,58,7,0
2022,t,7,tie,not_trailing,19,5,12,2
2022,t,7,trail,led,4,3,1,0
2022,t,7,trail,level_never_led,4,0,3,1
2022,t,7,trail,never_level,10,0,10,0
2022,t,7,trail,no_runs,37,0,37,0
2022,t,7,unavailable,not_trailing,2,1,1,0
2023,c,6,lead,not_trailing,50,45,5,0
2023,c,6,tie,not_trailing,26,15,10,1
2023,c,6,trail,led,10,7,3,0
2023,c,6,trail,level_never_led,5,0,2,3
2023,c,6,trail,never_level,18,0,18,0
2023,c,6,trail,no_runs,19,0,19,0
2023,c,6,unavailable,not_trailing,1,1,0,0
2023,c,7,lead,not_trailing,58,52,6,0
2023,c,7,tie,not_trailing,19,9,8,2
2023,c,7,trail,led,7,6,1,0
2023,c,7,trail,level_never_led,3,0,1,2
2023,c,7,trail,never_level,12,0,12,0
2023,c,7,trail,no_runs,29,0,29,0
2023,c,7,unavailable,not_trailing,1,1,0,0
2023,d,6,lead,not_trailing,39,33,4,2
2023,d,6,tie,not_trailing,25,10,13,2
2023,d,6,trail,led,3,3,0,0
2023,d,6,trail,never_level,16,0,16,0
2023,d,6,trail,no_runs,42,0,42,0
2023,d,7,lead,not_trailing,36,33,2,1
2023,d,7,tie,not_trailing,22,10,9,3
2023,d,7,trail,led,3,3,0,0
2023,d,7,trail,level_never_led,2,0,2,0
2023,d,7,trail,never_level,13,0,13,0
2023,d,7,trail,no_runs,49,0,49,0
2023,db,6,lead,not_trailing,55,49,6,0
2023,db,6,tie,not_trailing,24,10,13,1
2023,db,6,trail,led,6,5,1,0
2023,db,6,trail,level_never_led,4,0,2,2
2023,db,6,trail,never_level,17,0,17,0
2023,db,6,trail,no_runs,20,0,20,0
2023,db,7,lead,not_trailing,61,54,7,0
2023,db,7,tie,not_trailing,19,6,11,2
2023,db,7,trail,led,5,4,1,0
2023,db,7,trail,level_never_led,1,0,0,1
2023,db,7,trail,never_level,14,0,14,0
2023,db,7,trail,no_runs,26,0,26,0
2023,g,6,lead,not_trailing,52,44,8,0
2023,g,6,tie,not_trailing,22,11,9,2
2023,g,6,trail,led,9,8,1,0
2023,g,6,trail,level_never_led,4,0,4,0
2023,g,6,trail,never_level,16,0,16,0
2023,g,6,trail,no_runs,23,0,23,0
2023,g,7,lead,not_trailing,49,45,4,0
2023,g,7,tie,not_trailing,23,12,9,2
2023,g,7,trail,led,7,6,1,0
2023,g,7,trail,level_never_led,1,0,1,0
2023,g,7,trail,never_level,13,0,13,0
2023,g,7,trail,no_runs,32,0,32,0
2023,g,7,unavailable,not_trailing,1,0,1,0
2023,s,6,lead,not_trailing,46,37,7,2
2023,s,6,tie,not_trailing,26,10,16,0
2023,s,6,trail,led,4,3,1,0
2023,s,6,trail,level_never_led,5,0,4,1
2023,s,6,trail,never_level,20,0,20,0
2023,s,6,trail,no_runs,26,0,26,0
2023,s,7,lead,not_trailing,48,41,6,1
2023,s,7,tie,not_trailing,17,7,8,2
2023,s,7,trail,led,1,1,0,0
2023,s,7,trail,level_never_led,4,0,4,0
2023,s,7,trail,never_level,18,0,18,0
2023,s,7,trail,no_runs,38,0,38,0
2023,s,7,unavailable,not_trailing,1,1,0,0
2023,t,6,lead,not_trailing,64,57,4,3
2023,t,6,tie,not_trailing,21,12,8,1
2023,t,6,trail,led,9,8,1,0
2023,t,6,trail,level_never_led,1,0,1,0
2023,t,6,trail,never_level,11,0,11,0
2023,t,6,trail,no_runs,18,0,18,0
2023,t,6,unavailable,not_trailing,1,0,1,0
2023,t,7,lead,not_trailing,65,61,3,1
2023,t,7,tie,not_trailing,19,11,6,2
2023,t,7,trail,led,6,5,1,0
2023,t,7,trail,level_never_led,1,0,0,1
2023,t,7,trail,never_level,7,0,7,0
2023,t,7,trail,no_runs,26,0,26,0
2023,t,7,unavailable,not_trailing,1,0,1,0
2024,c,6,lead,not_trailing,53,48,5,0
2024,c,6,tie,not_trailing,21,10,9,2
2024,c,6,trail,led,9,6,2,1
2024,c,6,trail,level_never_led,4,0,3,1
2024,c,6,trail,never_level,13,0,13,0
2024,c,6,trail,no_runs,30,0,30,0
2024,c,6,unavailable,not_trailing,1,0,0,1
2024,c,7,lead,not_trailing,54,50,4,0
2024,c,7,tie,not_trailing,20,8,9,3
2024,c,7,trail,led,8,6,1,1
2024,c,7,trail,level_never_led,2,0,2,0
2024,c,7,trail,never_level,7,0,7,0
2024,c,7,trail,no_runs,39,0,39,0
2024,c,7,unavailable,not_trailing,1,0,0,1
2024,d,6,lead,not_trailing,45,41,2,2
2024,d,6,tie,not_trailing,23,9,10,4
2024,d,6,trail,led,6,5,1,0
2024,d,6,trail,level_never_led,7,0,5,2
2024,d,6,trail,never_level,20,0,20,0
2024,d,6,trail,no_runs,34,0,34,0
2024,d,7,lead,not_trailing,47,43,2,2
2024,d,7,tie,not_trailing,15,6,5,4
2024,d,7,trail,led,7,6,1,0
2024,d,7,trail,level_never_led,6,0,4,2
2024,d,7,trail,never_level,15,0,15,0
2024,d,7,trail,no_runs,44,0,44,0
2024,d,7,unavailable,not_trailing,1,0,1,0
2024,db,6,lead,not_trailing,62,54,8,0
2024,db,6,tie,not_trailing,22,7,12,3
2024,db,6,trail,led,6,4,2,0
2024,db,6,trail,level_never_led,1,0,1,0
2024,db,6,trail,never_level,9,0,9,0
2024,db,6,trail,no_runs,30,0,30,0
2024,db,7,lead,not_trailing,61,54,7,0
2024,db,7,tie,not_trailing,18,6,9,3
2024,db,7,trail,led,5,4,1,0
2024,db,7,trail,level_never_led,1,0,1,0
2024,db,7,trail,never_level,7,0,7,0
2024,db,7,trail,no_runs,37,0,37,0
2024,db,7,unavailable,not_trailing,1,1,0,0
2024,g,6,lead,not_trailing,66,58,6,2
2024,g,6,tie,not_trailing,21,11,7,3
2024,g,6,trail,led,3,3,0,0
2024,g,6,trail,level_never_led,5,0,4,1
2024,g,6,trail,never_level,11,0,11,0
2024,g,6,trail,no_runs,27,0,27,0
2024,g,6,unavailable,not_trailing,1,0,0,1
2024,g,7,lead,not_trailing,66,60,5,1
2024,g,7,tie,not_trailing,13,6,3,4
2024,g,7,trail,led,5,5,0,0
2024,g,7,trail,level_never_led,5,0,4,1
2024,g,7,trail,never_level,8,0,8,0
2024,g,7,trail,no_runs,35,0,35,0
2024,g,7,unavailable,not_trailing,2,1,0,1
2024,s,6,lead,not_trailing,48,38,7,3
2024,s,6,tie,not_trailing,17,10,7,0
2024,s,6,trail,led,7,6,1,0
2024,s,6,trail,level_never_led,2,0,1,1
2024,s,6,trail,never_level,20,0,20,0
2024,s,6,trail,no_runs,36,0,36,0
2024,s,6,unavailable,not_trailing,3,2,1,0
2024,s,7,lead,not_trailing,54,43,8,3
2024,s,7,tie,not_trailing,6,5,1,0
2024,s,7,trail,led,6,6,0,0
2024,s,7,trail,level_never_led,3,0,2,1
2024,s,7,trail,never_level,17,0,17,0
2024,s,7,trail,no_runs,44,0,44,0
2024,s,7,unavailable,not_trailing,3,2,1,0
2024,t,6,lead,not_trailing,60,53,5,2
2024,t,6,tie,not_trailing,26,12,12,2
2024,t,6,trail,led,5,5,0,0
2024,t,6,trail,level_never_led,5,0,3,2
2024,t,6,trail,never_level,9,0,9,0
2024,t,6,trail,no_runs,29,0,29,0
2024,t,6,unavailable,not_trailing,1,0,1,0
2024,t,7,lead,not_trailing,64,56,7,1
2024,t,7,tie,not_trailing,21,8,9,4
2024,t,7,trail,led,5,5,0,0
2024,t,7,trail,level_never_led,3,0,2,1
2024,t,7,trail,never_level,8,0,8,0
2024,t,7,trail,no_runs,31,0,31,0
2024,t,7,unavailable,not_trailing,3,1,2,0
2025,c,6,lead,not_trailing,57,50,7,0
2025,c,6,tie,not_trailing,20,6,12,2
2025,c,6,trail,led,2,2,0,0
2025,c,6,trail,level_never_led,3,0,1,2
2025,c,6,trail,never_level,16,0,16,0
2025,c,6,trail,no_runs,35,0,35,0
2025,c,6,unavailable,not_trailing,2,0,1,1
2025,c,7,lead,not_trailing,55,49,6,0
2025,c,7,tie,not_trailing,17,8,6,3
2025,c,7,trail,led,1,1,0,0
2025,c,7,trail,level_never_led,2,0,1,1
2025,c,7,trail,never_level,11,0,11,0
2025,c,7,trail,no_runs,47,0,47,0
2025,c,7,unavailable,not_trailing,2,0,1,1
2025,d,6,lead,not_trailing,46,37,7,2
2025,d,6,tie,not_trailing,23,14,9,0
2025,d,6,trail,led,7,7,0,0
2025,d,6,trail,level_never_led,2,0,2,0
2025,d,6,trail,never_level,20,0,20,0
2025,d,6,trail,no_runs,37,0,37,0
2025,d,7,lead,not_trailing,53,45,7,1
2025,d,7,tie,not_trailing,17,9,7,1
2025,d,7,trail,led,4,4,0,0
2025,d,7,trail,level_never_led,2,0,2,0
2025,d,7,trail,never_level,11,0,11,0
2025,d,7,trail,no_runs,48,0,48,0
2025,db,6,lead,not_trailing,55,49,5,1
2025,db,6,tie,not_trailing,21,13,7,1
2025,db,6,trail,led,5,3,1,1
2025,db,6,trail,level_never_led,4,0,3,1
2025,db,6,trail,never_level,17,0,17,0
2025,db,6,trail,no_runs,31,0,31,0
2025,db,6,unavailable,not_trailing,2,1,0,1
2025,db,7,lead,not_trailing,57,51,3,3
2025,db,7,tie,not_trailing,17,9,8,0
2025,db,7,trail,led,6,5,1,0
2025,db,7,trail,level_never_led,4,0,3,1
2025,db,7,trail,never_level,10,0,10,0
2025,db,7,trail,no_runs,39,0,39,0
2025,db,7,unavailable,not_trailing,2,1,0,1
2025,g,6,lead,not_trailing,50,46,4,0
2025,g,6,tie,not_trailing,25,8,15,2
2025,g,6,trail,led,13,12,1,0
2025,g,6,trail,level_never_led,3,0,2,1
2025,g,6,trail,never_level,12,0,12,0
2025,g,6,trail,no_runs,32,0,32,0
2025,g,7,lead,not_trailing,50,48,2,0
2025,g,7,tie,not_trailing,29,13,14,2
2025,g,7,trail,led,5,5,0,0
2025,g,7,trail,level_never_led,3,0,2,1
2025,g,7,trail,never_level,11,0,11,0
2025,g,7,trail,no_runs,37,0,37,0
2025,s,6,lead,not_trailing,42,34,5,3
2025,s,6,tie,not_trailing,20,9,10,1
2025,s,6,trail,led,7,7,0,0
2025,s,6,trail,level_never_led,7,0,5,2
2025,s,6,trail,never_level,25,0,25,0
2025,s,6,trail,no_runs,30,0,30,0
2025,s,7,lead,not_trailing,43,39,3,1
2025,s,7,tie,not_trailing,20,6,12,2
2025,s,7,trail,led,5,5,0,0
2025,s,7,trail,level_never_led,5,0,2,3
2025,s,7,trail,never_level,22,0,22,0
2025,s,7,trail,no_runs,36,0,36,0
2025,t,6,lead,not_trailing,77,65,10,2
2025,t,6,tie,not_trailing,21,11,9,1
2025,t,6,trail,led,7,7,0,0
2025,t,6,trail,level_never_led,4,0,4,0
2025,t,6,trail,never_level,5,0,5,0
2025,t,6,trail,no_runs,21,0,21,0
2025,t,7,lead,not_trailing,73,67,4,2
2025,t,7,tie,not_trailing,24,11,13,0
2025,t,7,trail,led,5,5,0,0
2025,t,7,trail,level_never_led,3,0,2,1
2025,t,7,trail,never_level,4,0,4,0
2025,t,7,trail,no_runs,26,0,26,0
