mode,year,team,league,g,w,l,d,r,ra,npb_win_rate,actual_we,actual_we_rate,home_g,home_rd_g,away_g,away_rd_g,home_away_gap,shuffle_mean_we,shuffle_low_we,shuffle_high_we,shuffle_mean_mcse,excess_we,excess_rate,reference_position,home_away_gap_minus_other_cl
side,2013,b,P,144,66,73,5,513,529,0.4748201438848921,68.5,0.4756944444444444,72,-0.3472222222222222,72,0.125,-0.4722222222222222,71.557875,66.0,77.5,0.04629215902386195,-3.0578749999999957,-0.021235243055555526,inside,
side,2013,c,C,144,69,72,3,557,554,0.48936170212765956,70.5,0.4895833333333333,72,0.041666666666666664,72,0.0,0.041666666666666664,70.554625,65.0,76.0,0.04563862534492679,-0.05462500000000148,-0.00037934027777778806,inside,-0.06944444444444442
side,2013,d,C,144,64,77,3,526,599,0.45390070921985815,65.5,0.4548611111111111,72,-0.3472222222222222,72,-0.6666666666666666,0.3194444444444444,62.823,57.0,68.5,0.04583638558569917,2.6769999999999996,0.018590277777777775,inside,0.2638888888888889
side,2013,db,C,144,64,79,1,630,686,0.44755244755244755,64.5,0.4479166666666667,72,-0.7083333333333334,72,-0.06944444444444445,-0.638888888888889,66.819,61.0,72.5,0.04663867538331656,-2.3190000000000026,-0.016104166666666683,inside,-0.8861111111111112
side,2013,e,P,144,82,59,3,628,537,0.5815602836879432,83.5,0.5798611111111112,72,0.3194444444444444,72,0.9444444444444444,-0.625,80.623125,75.0,86.5,0.046660555991813006,2.8768749999999983,0.019978298611111098,inside,
side,2013,f,P,144,64,78,2,534,604,0.4507042253521127,65.0,0.4513888888888889,72,-0.9166666666666666,72,-0.05555555555555555,-0.861111111111111,63.187875,57.5,68.5,0.044723849082597314,1.8121250000000018,0.012584201388888902,inside,
side,2013,g,C,144,84,53,7,597,508,0.6131386861313869,87.5,0.6076388888888888,72,0.6666666666666666,72,0.5694444444444444,0.09722222222222221,81.898625,76.5,87.5,0.04543635678587406,5.601375000000004,0.03889843750000003,inside,-0.002777777777777768
side,2013,h,P,144,73,69,2,660,562,0.5140845070422535,74.0,0.5138888888888888,72,0.6944444444444444,72,0.6666666666666666,0.02777777777777779,80.47975,75.0,86.01250000000005,0.04601618581232237,-6.479749999999996,-0.04499826388888886,below,
side,2013,l,P,144,74,66,4,570,562,0.5285714285714286,76.0,0.5277777777777778,72,0.4861111111111111,72,-0.375,0.8611111111111112,76.395625,71.0,82.0,0.045068210811504236,-0.39562499999999545,-0.002747395833333302,inside,
side,2013,m,P,144,74,68,2,572,584,0.5211267605633803,75.0,0.5208333333333334,72,0.5277777777777778,72,-0.6944444444444444,1.2222222222222223,70.263125,64.5,76.0,0.0464151971473278,4.736874999999998,0.032894965277777764,inside,
side,2013,s,C,144,57,83,4,577,682,0.40714285714285714,59.0,0.4097222222222222,72,-0.2638888888888889,72,-1.1944444444444444,0.9305555555555556,63.602,58.0,69.5,0.04658028210165936,-4.601999999999997,-0.03195833333333331,inside,0.9972222222222222
side,2013,t,C,144,73,67,4,531,488,0.5214285714285715,75.0,0.5208333333333334,72,0.2222222222222222,72,0.375,-0.1527777777777778,75.164875,69.5,81.0,0.04546824742581073,-0.164874999999995,-0.001144965277777743,inside,-0.3027777777777778
side,2014,b,P,144,80,62,2,584,468,0.5633802816901409,81.0,0.5625,72,1.25,72,0.3611111111111111,0.8888888888888888,82.788375,77.48750000000001,88.5,0.04510906834390912,-1.788375000000002,-0.012419270833333348,inside,
side,2014,c,C,144,74,68,2,649,610,0.5211267605633803,75.0,0.5208333333333334,72,0.4861111111111111,72,0.05555555555555555,0.4305555555555556,75.758,70.0,81.5,0.047352212810115896,-0.7579999999999956,-0.005263888888888858,inside,0.4277777777777778
side,2014,d,C,144,67,73,4,570,590,0.4785714285714286,69.0,0.4791666666666667,72,0.09722222222222222,72,-0.375,0.4722222222222222,71.182875,65.5,77.0,0.04570170368841577,-2.1828749999999957,-0.015158854166666636,inside,0.47777777777777775
side,2014,db,C,144,67,75,2,568,624,0.47183098591549294,68.0,0.4722222222222222,72,-0.8055555555555556,72,0.027777777777777776,-0.8333333333333334,66.833875,61.0,72.5,0.046481852768074323,1.1661249999999939,0.008098090277777735,inside,-1.088888888888889
side,2014,e,P,144,64,80,0,549,604,0.4444444444444444,64.0,0.4444444444444444,72,-0.625,72,-0.1388888888888889,-0.4861111111111111,64.801625,59.0,70.5,0.046500328331932184,-0.8016250000000014,-0.005566840277777787,inside,
side,2014,f,P,144,73,68,3,593,569,0.5177304964539007,74.5,0.5173611111111112,72,0.5138888888888888,72,-0.18055555555555555,0.6944444444444444,75.14675,69.5,80.5,0.04554918815424022,-0.6467499999999973,-0.004491319444444425,inside,
side,2014,g,C,144,82,61,1,596,552,0.5734265734265734,82.5,0.5729166666666666,72,0.4583333333333333,72,0.1527777777777778,0.3055555555555555,78.547875,73.0,84.0,0.04556066356639137,3.9521249999999952,0.027445312499999968,inside,0.27777777777777773
side,2014,h,P,144,78,60,6,607,522,0.5652173913043478,81.0,0.5625,72,0.9305555555555556,72,0.25,0.6805555555555556,81.67875,76.0,87.5,0.04509422614573756,-0.6787499999999937,-0.004713541666666623,inside,
side,2014,l,P,144,63,77,4,574,600,0.45,65.0,0.4513888888888889,72,-0.625,72,0.2638888888888889,-0.8888888888888888,67.665875,62.0,73.5,0.046386150032336766,-2.6658749999999998,-0.01851302083333333,inside,
side,2014,m,P,144,66,76,2,556,642,0.4647887323943662,67.0,0.4652777777777778,72,-0.125,72,-1.0694444444444444,0.9444444444444444,65.4995,60.0,71.5,0.04641498707590377,1.5005000000000024,0.010420138888888906,inside,
side,2014,s,C,144,60,81,3,667,717,0.425531914893617,61.5,0.4270833333333333,72,-0.4583333333333333,72,-0.2361111111111111,-0.2222222222222222,67.35725,61.5,73.5,0.047247962409642234,-5.857249999999993,-0.04067534722222218,inside,-0.3555555555555555
side,2014,t,C,144,75,68,1,599,614,0.5244755244755245,75.5,0.5243055555555556,72,0.041666666666666664,72,-0.25,0.2916666666666667,68.30375,62.5,74.0,0.04679423211694849,7.196250000000006,0.049973958333333374,above,0.2611111111111111
side,2015,b,P,143,61,80,2,519,548,0.4326241134751773,62.0,0.43356643356643354,71,-0.19718309859154928,72,-0.20833333333333334,0.01115023474178406,70.17,64.5,76.0,0.046498016262837435,-8.170000000000002,-0.057132867132867145,below,
side,2015,c,C,143,69,71,3,506,474,0.4928571428571429,70.5,0.493006993006993,71,0.30985915492957744,72,0.1388888888888889,0.17097026604068855,74.680625,69.0,80.5,0.045769208890523404,-4.180625000000006,-0.029235139860139904,inside,-0.8419796557120501
side,2015,d,C,143,62,77,4,473,504,0.4460431654676259,64.0,0.44755244755244755,72,0.2916666666666667,71,-0.7323943661971831,1.0240610328638498,69.45225,64.0,75.0,0.043273021306216214,-5.4522500000000065,-0.038127622377622426,inside,0.18172926447574334
side,2015,db,C,143,62,80,1,508,598,0.43661971830985913,62.5,0.4370629370629371,71,-0.4647887323943662,72,-0.7916666666666666,0.32687793427230044,61.318875,56.0,66.51250000000005,0.04443740236868115,1.1811250000000015,0.008259615384615395,inside,-0.6548904538341158
side,2015,e,P,143,57,83,3,463,612,0.40714285714285714,58.5,0.4090909090909091,71,-1.0845070422535212,72,-1.0,-0.08450704225352124,56.409375,51.0,62.0,0.043558500755774096,2.090625000000003,0.014619755244755265,inside,
side,2015,f,P,143,79,62,2,615,581,0.5602836879432624,80.0,0.5594405594405595,72,-0.027777777777777776,71,0.5070422535211268,-0.5348200312989045,76.147625,70.5,82.0,0.04586801236682674,3.852374999999995,0.02693968531468528,inside,
side,2015,g,C,143,75,67,1,489,443,0.528169014084507,75.5,0.527972027972028,71,1.1971830985915493,72,-0.5416666666666666,1.738849765258216,74.785125,69.5,80.5,0.04377051545389345,0.7148750000000064,0.0049991258741259184,inside,1.0394757433489827
side,2015,h,P,143,90,49,4,651,491,0.6474820143884892,92.0,0.6433566433566433,72,1.0138888888888888,71,1.2253521126760563,-0.21146322378716742,89.1635,83.5,94.5,0.04446450787555344,2.836500000000001,0.019835664335664343,inside,
side,2015,l,P,143,69,69,5,631,573,0.5,71.5,0.5,72,0.7361111111111112,71,0.07042253521126761,0.6656885758998435,74.586375,69.0,80.5,0.04646742429082772,-3.086375000000004,-0.021583041958041987,inside,
side,2015,m,P,143,73,69,1,561,563,0.5140845070422535,73.5,0.513986013986014,71,0.07042253521126761,72,-0.09722222222222222,0.16764475743348983,69.613875,64.0,75.0,0.04515427414112703,3.886125000000007,0.02717569930069935,inside,
side,2015,s,C,143,76,65,2,574,518,0.5390070921985816,77.0,0.5384615384615384,72,0.7638888888888888,71,0.014084507042253521,0.7498043818466353,74.621,68.98750000000001,80.5,0.046045437293763355,2.379000000000005,0.01663636363636367,inside,-0.14737871674491387
side,2015,t,C,143,70,71,2,465,550,0.49645390070921985,71.0,0.4965034965034965,72,0.013888888888888888,71,-1.2112676056338028,1.2251564945226916,66.861,61.0,72.5,0.04549037913282777,4.138999999999996,0.028944055944055913,inside,0.42304381846635364
side,2016,b,P,143,57,83,3,499,635,0.40714285714285714,58.5,0.4090909090909091,72,-1.0833333333333333,71,-0.8169014084507042,-0.266431924882629,58.998375,53.5,64.5,0.044369974515469084,-0.4983750000000029,-0.0034851398601398803,inside,
side,2016,c,C,143,89,52,2,684,497,0.6312056737588653,90.0,0.6293706293706294,72,1.6527777777777777,71,0.9577464788732394,0.6950312989045383,89.7545,84.5,95.5,0.04470032961138924,0.24550000000000693,0.0017167832167832653,inside,0.5949139280125195
side,2016,d,C,143,58,82,3,500,573,0.4142857142857143,59.5,0.4160839160839161,71,-0.22535211267605634,72,-0.7916666666666666,0.5663145539906103,62.34375,56.5,68.0,0.04522825867995368,-2.84375,-0.019886363636363636,inside,0.4404538341158059
side,2016,db,C,143,69,71,3,572,588,0.4928571428571429,70.5,0.493006993006993,72,-0.2222222222222222,71,0.0,-0.2222222222222222,68.518125,63.0,74.0,0.04590367940633419,1.9818750000000023,0.01385926573426575,inside,-0.5057902973395931
side,2016,e,P,143,62,78,3,544,654,0.44285714285714284,63.5,0.44405594405594406,72,-0.8611111111111112,71,-0.676056338028169,-0.18505477308294216,61.38125,55.5,67.0,0.046013627577661316,2.1187499999999986,0.014816433566433557,inside,
side,2016,f,P,143,87,53,3,619,467,0.6214285714285714,88.5,0.6188811188811189,71,1.0704225352112675,72,1.0555555555555556,0.014866979655711932,87.0165,81.0,92.5,0.045737552059736473,1.4835000000000065,0.010374125874125919,inside,
side,2016,g,C,143,71,69,3,519,543,0.5071428571428571,72.5,0.506993006993007,72,-0.1388888888888889,71,-0.19718309859154928,0.05829420970266039,70.6875,65.0,76.5,0.045422755796913586,1.8125,0.012674825174825174,inside,-0.16917057902973395
side,2016,h,P,143,83,54,6,637,479,0.6058394160583942,86.0,0.6013986013986014,71,0.7323943661971831,72,1.4722222222222223,-0.7398278560250392,85.4245,80.0,91.0,0.04401913627718799,0.5755000000000052,0.004024475524475561,inside,
side,2016,l,P,143,64,76,3,619,618,0.45714285714285713,65.5,0.458041958041958,71,-0.07042253521126761,72,0.08333333333333333,-0.15375586854460094,69.708875,64.5,75.0,0.04501169233327521,-4.208875000000006,-0.02943269230769235,inside,
side,2016,m,P,143,72,68,3,583,582,0.5142857142857142,73.5,0.513986013986014,72,0.08333333333333333,71,-0.07042253521126761,0.15375586854460094,72.301625,66.5,78.0,0.046098291486379846,1.1983749999999986,0.008380244755244745,inside,
side,2016,s,C,143,64,78,1,594,694,0.4507042253521127,64.5,0.45104895104895104,71,-0.28169014084507044,72,-1.1111111111111112,0.8294209702660407,62.98425,57.0,68.5,0.046140087898733195,1.515749999999997,0.010599650349650328,inside,0.7561815336463225
side,2016,t,C,143,64,76,3,506,546,0.45714285714285713,65.5,0.458041958041958,71,-0.647887323943662,72,0.08333333333333333,-0.7312206572769954,67.157375,61.5,72.5,0.04482516007877464,-1.6573750000000018,-0.011590034965034978,inside,-1.1165884194053208
side,2017,b,P,143,63,79,1,539,598,0.44366197183098594,63.5,0.44405594405594406,71,-0.36619718309859156,72,-0.4583333333333333,0.09213615023474175,63.763625,58.0,69.0,0.04499642774122317,-0.26362499999999756,-0.0018435314685314515,inside,
side,2017,c,C,143,88,51,4,736,540,0.6330935251798561,90.0,0.6293706293706294,71,1.8591549295774648,72,0.8888888888888888,0.9702660406885759,89.98975,84.5,95.5,0.0449441734717334,0.010249999999999204,7.167832167831612e-05,inside,0.5338810641627543
side,2017,d,C,143,59,79,5,487,623,0.427536231884058,61.5,0.43006993006993005,72,-0.2638888888888889,71,-1.647887323943662,1.3839984350547732,60.9075,55.0,66.5,0.0453727683696662,0.5925000000000011,0.004143356643356651,inside,1.030359937402191
side,2017,db,C,143,73,65,5,597,598,0.5289855072463768,75.5,0.527972027972028,71,0.14084507042253522,72,-0.1527777777777778,0.29362284820031304,70.54325,65.0,76.0,0.04586626797559948,4.9567499999999995,0.03466258741258741,inside,-0.27809076682316114
side,2017,e,P,143,77,63,3,585,528,0.55,78.5,0.548951048951049,71,0.2535211267605634,72,0.5416666666666666,-0.28814553990610325,76.819625,71.5,82.5,0.04526229400569987,1.680374999999998,0.011750874125874111,inside,
side,2017,f,P,143,60,83,0,509,596,0.4195804195804196,60.0,0.4195804195804196,72,0.06944444444444445,71,-1.295774647887324,1.3652190923317684,62.15425,56.5,67.51250000000005,0.045577980675493006,-2.1542499999999976,-0.015064685314685298,inside,
side,2017,g,C,143,72,68,3,536,504,0.5142857142857142,73.5,0.513986013986014,71,0.4084507042253521,72,0.041666666666666664,0.36678403755868544,76.885375,71.5,82.5,0.043935617521158064,-3.3853749999999962,-0.023673951048951022,inside,-0.1902973395931143
side,2017,h,P,143,94,49,0,638,483,0.6573426573426573,94.0,0.6573426573426573,72,1.4027777777777777,71,0.7605633802816901,0.6422143974960876,88.198875,82.5,94.0,0.04563433117335193,5.801124999999999,0.04056730769230769,inside,
side,2017,l,P,143,79,61,3,690,560,0.5642857142857143,80.5,0.5629370629370629,72,1.5694444444444444,71,0.23943661971830985,1.3300078247261347,83.410625,77.5,89.5,0.04682952491158341,-2.910624999999996,-0.02035402097902095,inside,
side,2017,m,P,143,54,87,2,479,647,0.3829787234042553,55.0,0.38461538461538464,71,-0.9295774647887324,72,-1.4166666666666667,0.48708920187793436,55.918625,50.5,61.5,0.04543781521053281,-0.9186249999999987,-0.00642395104895104,inside,
side,2017,s,C,143,45,96,2,473,653,0.3191489361702128,46.0,0.32167832167832167,72,-1.1527777777777777,71,-1.3661971830985915,0.21341940532081383,50.085625,44.5,55.5,0.04293221120013949,-4.085625,-0.028570804195804198,inside,-0.37433489827856026
side,2017,t,C,143,78,61,4,589,528,0.5611510791366906,80.0,0.5594405594405595,72,0.3888888888888889,71,0.4647887323943662,-0.0758998435054773,76.965375,71.5,82.5,0.04521969546069655,3.0346250000000055,0.021221153846153883,inside,-0.7215179968701095
side,2018,b,P,143,65,73,5,538,565,0.47101449275362317,67.5,0.47202797202797203,72,-0.4027777777777778,71,0.028169014084507043,-0.43094679186228485,69.933875,64.0,75.5,0.046273862100241515,-2.4338750000000005,-0.017020104895104898,inside,
side,2018,c,C,143,82,59,2,721,651,0.5815602836879432,83.0,0.5804195804195804,72,0.6527777777777778,71,0.323943661971831,0.3288341158059468,78.793125,73.5,84.5,0.04567336830951856,4.206874999999997,0.02941870629370627,inside,0.1908059467918623
side,2018,d,C,143,63,78,2,598,654,0.44680851063829785,64.0,0.44755244755244755,71,0.2535211267605634,72,-1.0277777777777777,1.2812989045383412,65.263875,60.0,70.5,0.04476273893310092,-1.2638749999999987,-0.008838286713286705,inside,1.3337636932707355
side,2018,db,C,143,67,74,2,572,642,0.475177304964539,68.0,0.4755244755244755,72,-0.7222222222222222,71,-0.2535211267605634,-0.46870109546165883,67.35525,61.5,73.0,0.04559399974314761,0.6447500000000019,0.0045087412587412725,inside,-0.7662363067292645
side,2018,e,P,143,58,82,3,520,583,0.4142857142857143,59.5,0.4160839160839161,72,-1.4305555555555556,71,0.5633802816901409,-1.9939358372456963,65.30525,60.0,70.5,0.04453595707114714,-5.805250000000001,-0.04059615384615385,below,
side,2018,f,P,143,74,66,3,589,586,0.5285714285714286,75.5,0.527972027972028,71,0.29577464788732394,72,-0.25,0.545774647887324,72.800375,67.0,78.5,0.04583786226743196,2.6996249999999975,0.018878496503496486,inside,
side,2018,g,C,143,67,71,5,625,575,0.4855072463768116,69.5,0.486013986013986,72,0.2777777777777778,71,0.4225352112676056,-0.14475743348982784,74.5495,69.0,80.5,0.04551956112608378,-5.049499999999995,-0.035311188811188776,inside,-0.37750391236306724
side,2018,h,P,143,82,60,1,685,579,0.5774647887323944,82.5,0.5769230769230769,71,0.4788732394366197,72,1.0,-0.5211267605633803,82.63275,77.0,88.5,0.046493047977655355,-0.13275000000000148,-0.0009283216783216886,inside,
side,2018,l,P,143,88,53,2,792,653,0.624113475177305,89.0,0.6223776223776224,71,0.8028169014084507,72,1.1388888888888888,-0.3360719874804381,85.29775,79.5,91.0,0.04498748106682775,3.7022500000000065,0.025889860139860187,inside,
side,2018,m,P,143,59,81,3,534,628,0.42142857142857143,60.5,0.4230769230769231,72,-0.9444444444444444,71,-0.36619718309859156,-0.5782472613458529,60.598625,55.0,66.0,0.045341803251792726,-0.09862499999999841,-0.0006896853146853035,inside,
side,2018,s,C,143,75,66,2,658,665,0.5319148936170213,76.0,0.5314685314685315,71,0.43661971830985913,72,-0.5277777777777778,0.9643974960876369,72.640375,67.0,78.5,0.04602438376359813,3.359624999999994,0.023493881118881076,inside,0.9534820031298904
side,2018,t,C,143,62,79,2,577,628,0.4397163120567376,63.0,0.4405594405594406,71,-0.8309859154929577,72,0.1111111111111111,-0.9420970266040689,62.818875,57.0,68.5,0.046309490936863665,0.18112500000000153,0.0012666083916084024,inside,-1.3343114241001566
side,2019,b,P,143,61,75,7,544,637,0.4485294117647059,64.5,0.45104895104895104,71,-0.6901408450704225,72,-0.6111111111111112,-0.07902973395931134,61.413,56.0,67.0,0.044598682835120335,3.0870000000000033,0.021587412587412612,inside,
side,2019,c,C,143,70,70,3,591,601,0.5,71.5,0.5,71,0.014084507042253521,72,-0.1527777777777778,0.16686228482003132,70.827875,65.5,76.5,0.045351384302006456,0.6721249999999941,0.004700174825174784,inside,-0.004381846635367698
side,2019,d,C,143,68,73,2,563,544,0.48226950354609927,69.0,0.4825174825174825,72,0.3888888888888889,71,-0.1267605633802817,0.5156494522691706,72.803625,67.0,78.0,0.04454276994566411,-3.8036249999999967,-0.0265987762237762,inside,0.4141627543035994
side,2019,db,C,143,71,69,3,596,611,0.5071428571428571,72.5,0.506993006993007,72,0.4583333333333333,71,-0.676056338028169,1.1343896713615023,70.020375,64.0,75.5,0.046191601031412746,2.4796249999999986,0.017340034965034955,inside,1.1566510172143973
side,2019,e,P,143,71,68,4,614,578,0.5107913669064749,73.0,0.5104895104895105,71,0.04225352112676056,72,0.4583333333333333,-0.41607981220657275,75.821125,70.0,81.5,0.04573506021125239,-2.821124999999995,-0.01972814685314682,inside,
side,2019,f,P,143,65,73,5,560,586,0.47101449275362317,67.5,0.47202797202797203,72,-0.2638888888888889,71,-0.09859154929577464,-0.16529733959311427,68.629,63.0,74.0,0.046006387023018104,-1.1290000000000049,-0.00789510489510493,inside,
side,2019,g,C,143,77,64,2,663,573,0.5460992907801419,78.0,0.5454545454545454,71,0.7605633802816901,72,0.5,0.2605633802816901,78.64525,73.0,84.0,0.045402268124651174,-0.6452500000000043,-0.0045122377622377925,inside,0.10805946791862286
side,2019,h,P,143,76,62,5,582,564,0.5507246376811594,78.5,0.548951048951049,72,0.041666666666666664,71,0.2112676056338028,-0.16960093896713616,72.905375,67.5,78.5,0.044808945677698525,5.5946249999999935,0.0391232517482517,inside,
side,2019,l,P,143,80,62,1,756,695,0.5633802816901409,80.5,0.5629370629370629,72,0.09722222222222222,71,0.7605633802816901,-0.6633411580594679,77.2325,71.5,83.0,0.04687887685059971,3.2674999999999983,0.02284965034965034,inside,
side,2019,m,P,143,69,70,4,642,611,0.49640287769784175,71.0,0.4965034965034965,71,0.07042253521126761,72,0.3611111111111111,-0.2906885758998435,75.33575,69.5,81.0,0.04523706536011812,-4.335750000000004,-0.030319930069930102,inside,
side,2019,s,C,143,59,82,2,656,739,0.41843971631205673,60.0,0.4195804195804196,71,-1.1126760563380282,72,-0.05555555555555555,-1.0571205007824727,64.959375,59.0,70.5,0.04744052253230654,-4.959374999999994,-0.03468094405594402,inside,-1.4731611893583725
side,2019,t,C,143,69,68,6,538,566,0.5036496350364964,72.0,0.5034965034965035,72,-0.19444444444444445,71,-0.19718309859154928,0.0027386541471048353,70.138,64.5,76.0,0.04536281181952948,1.8619999999999948,0.013020979020978984,inside,-0.2013302034428795
side,2020,b,P,120,45,68,7,442,502,0.39823008849557523,48.5,0.4041666666666667,60,-0.38333333333333336,60,-0.6166666666666667,0.23333333333333334,52.932,48.0,58.0,0.0411124714512179,-4.432000000000002,-0.03693333333333335,inside,
side,2020,c,C,120,52,56,12,523,529,0.48148148148148145,58.0,0.48333333333333334,60,-0.5333333333333333,60,0.43333333333333335,-0.9666666666666667,58.898375,53.5,64.0,0.04233468461231353,-0.8983750000000015,-0.007486458333333346,inside,-1.88
side,2020,d,C,120,60,55,5,429,489,0.5217391304347826,62.5,0.5208333333333334,60,0.4166666666666667,60,-1.4166666666666667,1.8333333333333335,59.03375,54.0,64.0,0.040033466049993645,3.4662500000000023,0.028885416666666684,inside,1.4800000000000002
side,2020,db,C,120,56,58,6,516,474,0.49122807017543857,59.0,0.49166666666666664,60,0.9166666666666666,60,-0.21666666666666667,1.1333333333333333,64.752375,59.5,70.0,0.04125930710093618,-5.752375000000001,-0.04793645833333334,below,0.6399999999999999
side,2020,e,P,120,55,57,8,557,522,0.49107142857142855,59.0,0.49166666666666664,60,1.0666666666666667,60,-0.48333333333333334,1.55,60.698,55.5,66.0,0.04203737367148784,-1.6980000000000004,-0.014150000000000003,inside,
side,2020,f,P,120,53,62,5,493,528,0.4608695652173913,55.5,0.4625,60,0.36666666666666664,60,-0.95,1.3166666666666667,57.600875,52.5,62.512500000000045,0.04190172278304075,-2.100875000000002,-0.017507291666666685,inside,
side,2020,g,C,120,67,45,8,532,421,0.5982142857142857,71.0,0.5916666666666667,60,1.3666666666666667,60,0.48333333333333334,0.8833333333333333,70.63125,65.5,76.0,0.04169123587952618,0.3687500000000057,0.003072916666666714,inside,0.33999999999999997
side,2020,h,P,120,73,42,5,531,389,0.6347826086956522,75.5,0.6291666666666667,60,1.3833333333333333,60,0.9833333333333333,0.4,76.09575,71.0,81.0,0.04141873805828209,-0.5957499999999953,-0.004964583333333295,inside,
side,2020,l,P,120,58,58,4,479,543,0.5,60.0,0.5,60,0.0,60,-1.0666666666666667,1.0666666666666667,54.151625,49.0,59.5,0.0412106499495102,5.848374999999997,0.04873645833333331,above,
side,2020,m,P,120,60,57,3,461,479,0.5128205128205128,61.5,0.5125,60,0.2833333333333333,60,-0.5833333333333334,0.8666666666666667,59.281625,54.5,64.5,0.040718647041594766,2.2183750000000018,0.018486458333333348,inside,
side,2020,s,C,120,41,69,10,468,589,0.37272727272727274,46.0,0.38333333333333336,60,-1.0833333333333333,60,-0.9333333333333333,-0.1499999999999999,47.2515,42.0,52.5,0.04181730035705662,-1.2515,-0.010429166666666666,inside,-0.8999999999999999
side,2020,t,C,120,60,53,7,494,460,0.5309734513274337,63.5,0.5291666666666667,60,0.7166666666666667,60,-0.15,0.8666666666666667,60.7385,55.5,66.0,0.04093644019127559,2.761499999999998,0.023012499999999984,inside,0.31999999999999995
side,2021,b,P,143,70,55,18,551,500,0.56,79.0,0.5524475524475524,72,0.5972222222222222,71,0.11267605633802817,0.484546165884194,78.638375,73.0,84.5,0.04602046485684559,0.36162500000000364,0.0025288461538461792,inside,
side,2021,c,C,143,63,68,12,557,589,0.48091603053435117,69.0,0.4825174825174825,72,-0.4444444444444444,71,0.0,-0.4444444444444444,67.860875,62.0,73.5,0.04548667599437229,1.139125000000007,0.00796590909090914,inside,-0.36760563380281686
side,2021,d,C,143,55,71,17,405,478,0.4365079365079365,63.5,0.44405594405594406,71,0.18309859154929578,72,-1.1944444444444444,1.3775430359937402,64.336625,59.0,70.0,0.04387103479822783,-0.836624999999998,-0.005850524475524461,inside,1.8187793427230046
side,2021,db,C,143,54,73,16,559,624,0.4251968503937008,62.0,0.43356643356643354,71,-0.4507042253521127,72,-0.4583333333333333,0.007629107981220629,64.307625,58.5,70.0,0.045776358074702664,-2.3076250000000016,-0.016137237762237775,inside,0.1748826291079812
side,2021,e,P,143,66,62,15,532,507,0.515625,73.5,0.513986013986014,72,0.125,71,0.22535211267605634,-0.10035211267605634,74.107,68.5,79.5,0.0450245161191427,-0.6069999999999993,-0.00424475524475524,inside,
side,2021,f,P,143,55,68,20,454,515,0.44715447154471544,65.0,0.45454545454545453,71,-0.8873239436619719,72,0.027777777777777776,-0.9151017214397497,64.0915,58.5,70.0,0.044582761165592774,0.9085000000000036,0.006353146853146878,inside,
side,2021,g,C,143,61,62,20,552,541,0.4959349593495935,71.0,0.4965034965034965,72,0.027777777777777776,71,0.1267605633802817,-0.09898278560250391,73.09175,67.5,78.5,0.046016503713651555,-2.0917500000000047,-0.01462762237762241,inside,0.046948356807511735
side,2021,h,P,143,60,62,21,564,493,0.4918032786885246,70.5,0.493006993006993,71,0.6056338028169014,72,0.3888888888888889,0.21674491392801248,77.509,72.0,83.0,0.04524921682091002,-7.009,-0.049013986013986016,below,
side,2021,l,P,143,55,70,18,521,589,0.44,64.0,0.44755244755244755,71,-0.38028169014084506,72,-0.5694444444444444,0.18916275430359936,64.374125,59.0,70.0,0.04538041253177563,-0.3741250000000065,-0.0026162587412587868,inside,
side,2021,m,P,143,67,57,19,584,570,0.5403225806451613,76.5,0.534965034965035,72,-0.2361111111111111,71,0.43661971830985913,-0.6727308294209702,73.180375,67.5,79.0,0.045944976058868645,3.319625000000002,0.023214160839160853,inside,
side,2021,s,C,143,73,52,18,625,531,0.584,82.0,0.5734265734265734,72,0.3194444444444444,71,1.0,-0.6805555555555556,79.962625,74.5,85.5,0.045406090787623456,2.0373749999999973,0.014247377622377603,inside,-0.6509389671361503
side,2021,t,C,143,77,56,10,541,508,0.5789473684210527,82.0,0.5734265734265734,71,-0.2676056338028169,72,0.7222222222222222,-0.9898278560250391,77.373875,72.0,83.0,0.044622783354384375,4.626125000000002,0.032350524475524486,inside,-1.0220657276995304
side,2022,b,P,143,76,65,2,490,458,0.5390070921985816,77.0,0.5384615384615384,71,0.08450704225352113,72,0.3611111111111111,-0.27660406885759,77.858,72.5,83.5,0.04488938086149699,-0.8580000000000041,-0.006000000000000029,inside,
side,2022,c,C,143,66,74,3,552,544,0.4714285714285714,67.5,0.47202797202797203,71,0.2112676056338028,72,-0.09722222222222222,0.308489827856025,68.302625,63.0,74.0,0.04488351629331712,-0.8026250000000061,-0.005612762237762281,inside,0.3338810641627543
side,2022,d,C,143,66,75,2,414,495,0.46808510638297873,67.0,0.46853146853146854,71,-0.2676056338028169,72,-0.8611111111111112,0.5935054773082943,64.969125,59.5,70.5,0.04485531248757877,2.0308749999999947,0.014201923076923039,inside,0.6758998435054774
side,2022,db,C,143,73,68,2,497,534,0.5177304964539007,74.0,0.5174825174825175,72,0.3888888888888889,71,-0.9154929577464789,1.3043818466353678,72.1555,67.0,77.5,0.04430443723025463,1.8444999999999965,0.012898601398601373,inside,1.5289514866979657
side,2022,e,P,143,69,71,3,533,522,0.4928571428571429,70.5,0.493006993006993,71,-0.39436619718309857,72,0.5416666666666666,-0.9360328638497653,69.710375,64.0,75.5,0.045250628389959094,0.7896250000000009,0.005521853146853153,inside,
side,2022,f,P,143,59,81,3,463,534,0.42142857142857143,60.5,0.4230769230769231,72,-0.125,71,-0.8732394366197183,0.7482394366197183,62.216,57.0,68.0,0.04418935589928528,-1.716000000000001,-0.012000000000000007,inside,
side,2022,g,C,143,68,72,3,548,589,0.4857142857142857,69.5,0.486013986013986,72,-0.3611111111111111,71,-0.2112676056338028,-0.1498435054773083,67.519625,62.0,73.0,0.04477982970189572,1.9803749999999951,0.01384877622377619,inside,-0.21611893583724567
side,2022,h,P,143,76,65,2,555,471,0.5390070921985816,77.0,0.5384615384615384,72,0.5555555555555556,71,0.6197183098591549,-0.0641627543035993,80.103875,74.5,85.5,0.044696602976883694,-3.103875000000002,-0.021705419580419594,inside,
side,2022,l,P,143,72,68,3,464,448,0.5142857142857142,73.5,0.513986013986014,72,0.5972222222222222,71,-0.38028169014084506,0.9775039123630673,72.560125,67.5,78.0,0.04283699479567318,0.9398750000000007,0.006572552447552452,inside,
side,2022,m,P,143,69,73,1,501,536,0.4859154929577465,69.5,0.486013986013986,71,-0.43661971830985913,72,-0.05555555555555555,-0.38106416275430355,70.110125,64.5,76.0,0.04550241876672223,-0.6101249999999965,-0.004266608391608367,inside,
side,2022,s,C,143,80,59,4,619,566,0.5755395683453237,82.0,0.5734265734265734,71,-0.43661971830985913,72,1.1666666666666667,-1.603286384976526,76.53275,71.0,82.0,0.04568270829136785,5.467250000000007,0.03823251748251753,inside,-1.960250391236307
side,2022,t,C,143,68,71,4,489,428,0.4892086330935252,70.0,0.48951048951048953,72,0.2916666666666667,71,0.5633802816901409,-0.2717136150234742,75.986625,70.5,81.5,0.04425273131006549,-5.986625000000004,-0.041864510489510516,below,-0.3623630672926448
side,2023,b,P,143,86,53,4,508,428,0.6187050359712231,88.0,0.6153846153846154,72,0.2638888888888889,71,0.8591549295774648,-0.5952660406885759,80.8235,75.5,86.5,0.04372966680000672,7.176500000000004,0.050185314685314716,above,
side,2023,c,C,143,74,65,4,493,508,0.5323741007194245,76.0,0.5314685314685315,72,0.25,71,-0.4647887323943662,0.7147887323943662,72.371125,67.0,78.0,0.04450402887088072,3.6288749999999936,0.025376748251748207,inside,0.4345461658841941
side,2023,d,C,143,56,82,5,390,498,0.4057971014492754,58.5,0.4090909090909091,72,-0.5972222222222222,71,-0.9154929577464789,0.31827073552425666,60.63675,55.5,66.0,0.043198786362128164,-2.1367499999999993,-0.014942307692307687,inside,-0.041275430359937415
side,2023,db,C,143,74,66,3,520,496,0.5285714285714286,75.5,0.527972027972028,71,0.38028169014084506,72,-0.041666666666666664,0.42194835680751175,71.86225,66.5,77.5,0.04436212612052632,3.637749999999997,0.025438811188811167,inside,0.08313771517996871
side,2023,e,P,143,70,71,2,513,556,0.49645390070921985,71.0,0.4965034965034965,72,-0.1111111111111111,71,-0.49295774647887325,0.38184663536776214,68.269875,62.5,74.0,0.04539938349911015,2.730125000000001,0.019091783216783224,inside,
side,2023,f,P,143,60,82,1,464,496,0.4225352112676056,60.5,0.4230769230769231,71,-0.4084507042253521,72,-0.041666666666666664,-0.36678403755868544,67.480375,62.0,73.0,0.04371130585338995,-6.980374999999995,-0.04881381118881115,below,
side,2023,g,C,143,71,70,2,523,507,0.5035460992907801,72.0,0.5034965034965035,71,0.16901408450704225,72,0.05555555555555555,0.1134585289514867,74.621,69.0,80.5,0.04577480019708738,-2.620999999999995,-0.018328671328671293,inside,-0.28705007824726136
side,2023,h,P,143,71,69,3,536,507,0.5071428571428571,72.5,0.506993006993007,71,0.28169014084507044,72,0.125,0.15669014084507044,73.0215,67.5,78.5,0.04430611070000774,-0.5215000000000032,-0.003646853146853169,inside,
side,2023,l,P,143,65,77,1,435,465,0.45774647887323944,65.5,0.458041958041958,71,-0.5070422535211268,72,0.08333333333333333,-0.5903755868544601,69.294625,64.0,74.5,0.04381974092538022,-3.7946249999999964,-0.026535839160839136,inside,
side,2023,m,P,143,70,68,5,505,524,0.5072463768115942,72.5,0.506993006993007,72,0.5833333333333334,71,-0.8591549295774648,1.442488262910798,70.09275,64.5,75.5,0.045227046452401706,2.4072500000000048,0.016833916083916118,inside,
side,2023,s,C,143,57,83,3,534,567,0.40714285714285714,58.5,0.4090909090909091,72,-0.125,71,-0.3380281690140845,0.2130281690140845,65.747375,60.0,71.0,0.044743700976092815,-7.247375000000005,-0.050680944055944095,below,-0.16756651017214402
side,2023,t,C,143,85,53,5,555,424,0.6159420289855072,87.5,0.6118881118881119,71,1.0845070422535212,72,0.75,0.33450704225352124,83.67375,78.0,89.5,0.04503356792366094,3.8262500000000017,0.02675699300699302,inside,-0.02179186228481994
side,2024,b,P,143,63,77,3,402,448,0.45,64.5,0.45104895104895104,71,-0.352112676056338,72,-0.2916666666666667,-0.06044600938967132,68.64575,63.0,74.0,0.043830078180552325,-4.145750000000007,-0.02899125874125879,inside,
side,2024,c,C,143,68,70,5,415,419,0.4927536231884058,70.5,0.493006993006993,71,0.3380281690140845,72,-0.3888888888888889,0.7269170579029733,69.24325,64.0,74.5,0.044057903764205854,1.2567499999999967,0.008788461538461516,inside,0.43106416275430354
side,2024,d,C,143,60,75,8,373,478,0.4444444444444444,64.0,0.44755244755244755,71,-0.16901408450704225,72,-1.2916666666666667,1.1226525821596245,62.723625,57.5,68.0,0.04188282324013499,1.2763750000000016,0.008925699300699311,inside,0.9059467918622849
side,2024,db,C,143,71,69,3,522,503,0.5071428571428571,72.5,0.506993006993007,72,-0.1527777777777778,71,0.4225352112676056,-0.5753129890453834,73.096125,67.5,78.5,0.04499853428852743,-0.5961250000000007,-0.004168706293706298,inside,-1.1316118935837247
side,2024,e,P,143,67,72,4,492,579,0.48201438848920863,69.0,0.4825174825174825,71,-0.9154929577464789,72,-0.3055555555555556,-0.6099374021909233,63.61725,58.0,69.5,0.0455396840687468,5.3827500000000015,0.0376416083916084,inside,
side,2024,f,P,143,75,60,8,532,485,0.5555555555555556,79.0,0.5524475524475524,72,0.5555555555555556,71,0.09859154929577464,0.45696400625978095,77.438,72.0,83.0,0.04484917069498618,1.5619999999999976,0.010923076923076907,inside,
side,2024,g,C,143,77,59,7,462,381,0.5661764705882353,80.5,0.5629370629370629,72,0.3472222222222222,71,0.7887323943661971,-0.4415101721439749,80.079125,74.5,85.5,0.04423413103227863,0.4208749999999952,0.002943181818181785,inside,-0.9710485133020343
side,2024,h,P,143,91,49,3,607,390,0.65,92.5,0.6468531468531469,72,1.4027777777777777,71,1.6338028169014085,-0.23102503912363082,91.68825,86.5,97.0,0.0434696777949515,0.8117500000000035,0.005676573426573451,inside,
side,2024,l,P,143,49,91,3,350,485,0.35,50.5,0.3531468531468531,72,-0.8472222222222222,71,-1.0422535211267605,0.1950312989045383,54.74225,49.5,60.0,0.0418529915609464,-4.2422499999999985,-0.029666083916083906,inside,
side,2024,m,P,143,71,66,6,493,495,0.5182481751824818,74.0,0.5174825174825175,71,0.2535211267605634,72,-0.2777777777777778,0.5312989045383412,71.9535,66.5,77.5,0.044698184184789366,2.0464999999999947,0.014311188811188773,inside,
side,2024,s,C,143,62,77,4,506,556,0.4460431654676259,64.0,0.44755244755244755,71,-0.28169014084507044,72,-0.4166666666666667,0.13497652582159625,66.600125,61.0,72.0,0.044842567221921106,-2.6001250000000056,-0.018182692307692348,inside,-0.279264475743349
side,2024,t,C,143,74,63,6,485,420,0.5401459854014599,77.0,0.5384615384615384,72,1.0694444444444444,71,-0.16901408450704225,1.2384585289514867,77.159625,71.5,82.5,0.044365810836009004,-0.15962500000000546,-0.0011162587412587794,inside,1.0449139280125195
side,2025,b,P,143,74,66,3,502,519,0.5285714285714286,75.5,0.527972027972028,72,-0.05555555555555555,71,-0.18309859154929578,0.12754303599374023,70.635375,65.0,76.0,0.04544585084123105,4.864625000000004,0.034018356643356666,inside,
side,2025,c,C,143,59,79,5,441,497,0.427536231884058,61.5,0.43006993006993005,72,0.18055555555555555,71,-0.971830985915493,1.1523865414710486,63.714875,58.0,69.5,0.04513363014135008,-2.2148749999999993,-0.015488636363636359,inside,0.9631064162754304
side,2025,d,C,143,63,78,2,403,463,0.44680851063829785,64.0,0.44755244755244755,72,-0.027777777777777776,71,-0.8169014084507042,0.7891236306729265,64.959375,59.5,70.5,0.04371662513474757,-0.9593749999999943,-0.006708916083916044,inside,0.5271909233176839
side,2025,db,C,143,71,66,6,510,456,0.5182481751824818,74.0,0.5174825174825175,71,0.2112676056338028,72,0.5416666666666666,-0.3303990610328638,74.503375,69.0,80.0,0.04392317257002167,-0.5033750000000055,-0.0035201048951049333,inside,-0.8162363067292644
side,2025,e,P,143,67,74,2,446,526,0.475177304964539,68.0,0.4755244755244755,72,-0.3333333333333333,71,-0.7887323943661971,0.4553990610328638,64.437,59.0,70.0,0.045042160239599546,3.5630000000000024,0.024916083916083933,inside,
side,2025,f,P,143,83,57,3,548,409,0.5928571428571429,84.5,0.5909090909090909,71,0.6197183098591549,72,1.3194444444444444,-0.6997261345852895,81.958875,76.5,87.5,0.04349321180899516,2.541124999999994,0.017770104895104853,inside,
side,2025,g,C,143,70,69,4,463,461,0.5035971223021583,72.0,0.5034965034965035,71,0.4507042253521127,72,-0.4166666666666667,0.8673708920187794,71.9135,66.5,77.5,0.04348141379758091,0.08650000000000091,0.0006048951048951113,inside,0.6210876369327074
side,2025,h,P,143,87,52,4,551,389,0.6258992805755396,89.0,0.6223776223776224,71,1.3098591549295775,72,0.9583333333333334,0.3515258215962441,89.01975,83.5,94.5,0.04360407450231344,-0.019750000000001933,-0.00013811188811190163,inside,
side,2025,l,P,143,63,77,3,410,465,0.45,64.5,0.45104895104895104,71,-0.23943661971830985,72,-0.5277777777777778,0.2883411580594679,67.1615,61.5,72.5,0.04343401392792834,-2.6615000000000038,-0.018611888111888138,inside,
side,2025,m,P,143,56,84,3,441,553,0.4,57.5,0.4020979020979021,72,-0.4027777777777778,71,-1.1690140845070423,0.7662363067292645,59.438625,54.0,65.0,0.04551508604966355,-1.9386250000000018,-0.013556818181818194,inside,
side,2025,s,C,143,57,79,7,443,564,0.41911764705882354,60.5,0.4230769230769231,72,-0.8333333333333334,71,-0.8591549295774648,0.025821596244131384,58.376375,53.0,63.5,0.04333346613375789,2.123624999999997,0.014850524475524455,inside,-0.3887715179968702
side,2025,t,C,143,85,54,4,496,352,0.6115107913669064,87.0,0.6083916083916084,71,0.8028169014084507,72,1.2083333333333333,-0.4055164319248825,91.12825,86.0,96.0,0.04142807991962042,-4.128249999999994,-0.028868881118881078,inside,-0.9063771517996869
side_opponent,2013,b,P,144,66,73,5,513,529,0.4748201438848921,68.5,0.4756944444444444,72,-0.3472222222222222,72,0.125,-0.4722222222222222,72.6265,67.0,78.0,0.04290385615207775,-4.126499999999993,-0.028656249999999953,inside,
side_opponent,2013,c,C,144,69,72,3,557,554,0.48936170212765956,70.5,0.4895833333333333,72,0.041666666666666664,72,0.0,0.041666666666666664,70.7825,65.5,76.0,0.04118787804469242,-0.28249999999999886,-0.001961805555555548,inside,-0.06944444444444442
side_opponent,2013,d,C,144,64,77,3,526,599,0.45390070921985815,65.5,0.4548611111111111,72,-0.3472222222222222,72,-0.6666666666666666,0.3194444444444444,62.88225,57.5,68.5,0.043473123449904345,2.617750000000001,0.018178819444444452,inside,0.2638888888888889
side_opponent,2013,db,C,144,64,79,1,630,686,0.44755244755244755,64.5,0.4479166666666667,72,-0.7083333333333334,72,-0.06944444444444445,-0.638888888888889,66.336875,60.5,72.0,0.04602532201039217,-1.8368750000000063,-0.012756076388888933,inside,-0.8861111111111112
side_opponent,2013,e,P,144,82,59,3,628,537,0.5815602836879432,83.5,0.5798611111111112,72,0.3194444444444444,72,0.9444444444444444,-0.625,81.016625,76.0,86.0,0.041338904237953,2.4833749999999952,0.01724565972222219,inside,
side_opponent,2013,f,P,144,64,78,2,534,604,0.4507042253521127,65.0,0.4513888888888889,72,-0.9166666666666666,72,-0.05555555555555555,-0.861111111111111,63.848875,58.5,69.0,0.04324159909817041,1.1511250000000004,0.007993923611111113,inside,
side_opponent,2013,g,C,144,84,53,7,597,508,0.6131386861313869,87.5,0.6076388888888888,72,0.6666666666666666,72,0.5694444444444444,0.09722222222222221,82.735875,77.5,87.5,0.040367623256089606,4.764125000000007,0.033084201388888936,inside,-0.002777777777777768
side_opponent,2013,h,P,144,73,69,2,660,562,0.5140845070422535,74.0,0.5138888888888888,72,0.6944444444444444,72,0.6666666666666666,0.02777777777777779,78.42825,73.48750000000001,83.5,0.04245778668616126,-4.428250000000006,-0.03075173611111115,inside,
side_opponent,2013,l,P,144,74,66,4,570,562,0.5285714285714286,76.0,0.5277777777777778,72,0.4861111111111111,72,-0.375,0.8611111111111112,76.602125,71.5,82.0,0.04232146054426052,-0.6021250000000009,-0.0041814236111111175,inside,
side_opponent,2013,m,P,144,74,68,2,572,584,0.5211267605633803,75.0,0.5208333333333334,72,0.5277777777777778,72,-0.6944444444444444,1.2222222222222223,70.8765,65.5,76.5,0.042925343140980746,4.123500000000007,0.028635416666666715,inside,
side_opponent,2013,s,C,144,57,83,4,577,682,0.40714285714285714,59.0,0.4097222222222222,72,-0.2638888888888889,72,-1.1944444444444444,0.9305555555555556,61.630125,56.5,66.5,0.04117705834110976,-2.6301249999999996,-0.018264756944444443,inside,0.9972222222222222
side_opponent,2013,t,C,144,73,67,4,531,488,0.5214285714285715,75.0,0.5208333333333334,72,0.2222222222222222,72,0.375,-0.1527777777777778,76.264,71.0,81.5,0.04313833827417631,-1.2639999999999958,-0.008777777777777749,inside,-0.3027777777777778
side_opponent,2014,b,P,144,80,62,2,584,468,0.5633802816901409,81.0,0.5625,72,1.25,72,0.3611111111111111,0.8888888888888888,82.496,77.0,88.0,0.042787453669830444,-1.4959999999999951,-0.010388888888888856,inside,
side_opponent,2014,c,C,144,74,68,2,649,610,0.5211267605633803,75.0,0.5208333333333334,72,0.4861111111111111,72,0.05555555555555555,0.4305555555555556,75.51425,70.5,81.0,0.04222137960321642,-0.5142500000000041,-0.003571180555555584,inside,0.4277777777777778
side_opponent,2014,d,C,144,67,73,4,570,590,0.4785714285714286,69.0,0.4791666666666667,72,0.09722222222222222,72,-0.375,0.4722222222222222,72.5775,67.5,78.0,0.041840454029543575,-3.5775000000000006,-0.024843750000000005,inside,0.47777777777777775
side_opponent,2014,db,C,144,67,75,2,568,624,0.47183098591549294,68.0,0.4722222222222222,72,-0.8055555555555556,72,0.027777777777777776,-0.8333333333333334,66.467125,61.0,72.0,0.04394182978319092,1.5328750000000042,0.010644965277777807,inside,-1.088888888888889
side_opponent,2014,e,P,144,64,80,0,549,604,0.4444444444444444,64.0,0.4444444444444444,72,-0.625,72,-0.1388888888888889,-0.4861111111111111,63.755,58.0,69.5,0.04371430240846541,0.24499999999999744,0.0017013888888888712,inside,
side_opponent,2014,f,P,144,73,68,3,593,569,0.5177304964539007,74.5,0.5173611111111112,72,0.5138888888888888,72,-0.18055555555555555,0.6944444444444444,73.730875,68.5,79.0,0.0432069904020015,0.7691250000000025,0.0053411458333333505,inside,
side_opponent,2014,g,C,144,82,61,1,596,552,0.5734265734265734,82.5,0.5729166666666666,72,0.4583333333333333,72,0.1527777777777778,0.3055555555555555,79.0385,74.0,84.0,0.04206182041571871,3.461500000000001,0.024038194444444452,inside,0.27777777777777773
side_opponent,2014,h,P,144,78,60,6,607,522,0.5652173913043478,81.0,0.5625,72,0.9305555555555556,72,0.25,0.6805555555555556,81.488375,76.5,86.5,0.04105823041017298,-0.4883750000000049,-0.0033914930555555894,inside,
side_opponent,2014,l,P,144,63,77,4,574,600,0.45,65.0,0.4513888888888889,72,-0.625,72,0.2638888888888889,-0.8888888888888888,66.78125,61.5,72.0,0.04231818245762251,-1.78125,-0.012369791666666666,inside,
side_opponent,2014,m,P,144,66,76,2,556,642,0.4647887323943662,67.0,0.4652777777777778,72,-0.125,72,-1.0694444444444444,0.9444444444444444,66.303125,61.0,71.5,0.04348151439539887,0.6968750000000057,0.004839409722222261,inside,
side_opponent,2014,s,C,144,60,81,3,667,717,0.425531914893617,61.5,0.4270833333333333,72,-0.4583333333333333,72,-0.2361111111111111,-0.2222222222222222,66.46125,61.0,72.0,0.04345942693849582,-4.961250000000007,-0.03445312500000005,inside,-0.3555555555555555
side_opponent,2014,t,C,144,75,68,1,599,614,0.5244755244755245,75.5,0.5243055555555556,72,0.041666666666666664,72,-0.25,0.2916666666666667,69.532125,64.0,75.0,0.0433327480418328,5.9678750000000065,0.04144357638888893,above,0.2611111111111111
side_opponent,2015,b,P,143,61,80,2,519,548,0.4326241134751773,62.0,0.43356643356643354,71,-0.19718309859154928,72,-0.20833333333333334,0.01115023474178406,69.110875,63.5,74.5,0.04478671701630992,-7.110874999999993,-0.049726398601398554,below,
side_opponent,2015,c,C,143,69,71,3,506,474,0.4928571428571429,70.5,0.493006993006993,71,0.30985915492957744,72,0.1388888888888889,0.17097026604068855,73.286625,68.0,78.5,0.042878089217891865,-2.786625000000001,-0.019486888111888118,inside,-0.8419796557120501
side_opponent,2015,d,C,143,62,77,4,473,504,0.4460431654676259,64.0,0.44755244755244755,72,0.2916666666666667,71,-0.7323943661971831,1.0240610328638498,68.978,63.5,74.5,0.043078770236756735,-4.977999999999994,-0.03481118881118877,inside,0.18172926447574334
side_opponent,2015,db,C,143,62,80,1,508,598,0.43661971830985913,62.5,0.4370629370629371,71,-0.4647887323943662,72,-0.7916666666666666,0.32687793427230044,62.562875,57.0,68.0,0.04340936997866055,-0.06287499999999824,-0.0004396853146853024,inside,-0.6548904538341158
side_opponent,2015,e,P,143,57,83,3,463,612,0.40714285714285714,58.5,0.4090909090909091,71,-1.0845070422535212,72,-1.0,-0.08450704225352124,57.819,52.5,63.0,0.04268799967589349,0.6809999999999974,0.004762237762237744,inside,
side_opponent,2015,f,P,143,79,62,2,615,581,0.5602836879432624,80.0,0.5594405594405595,72,-0.027777777777777776,71,0.5070422535211268,-0.5348200312989045,76.86125,71.5,82.5,0.04370614563384126,3.1387500000000017,0.021949300699300713,inside,
side_opponent,2015,g,C,143,75,67,1,489,443,0.528169014084507,75.5,0.527972027972028,71,1.1971830985915493,72,-0.5416666666666666,1.738849765258216,73.64875,68.5,79.0,0.04242028676891977,1.8512499999999932,0.012945804195804149,inside,1.0394757433489827
side_opponent,2015,h,P,143,90,49,4,651,491,0.6474820143884892,92.0,0.6433566433566433,72,1.0138888888888888,71,1.2253521126760563,-0.21146322378716742,89.118875,83.5,94.5,0.04397617291829617,2.8811249999999973,0.020147727272727255,inside,
side_opponent,2015,l,P,143,69,69,5,631,573,0.5,71.5,0.5,72,0.7361111111111112,71,0.07042253521126761,0.6656885758998435,73.13525,68.0,78.5,0.0435720838496135,-1.6352499999999992,-0.01143531468531468,inside,
side_opponent,2015,m,P,143,73,69,1,561,563,0.5140845070422535,73.5,0.513986013986014,71,0.07042253521126761,72,-0.09722222222222222,0.16764475743348983,70.259875,64.5,76.0,0.04542085297046822,3.240125000000006,0.022658216783216827,inside,
side_opponent,2015,s,C,143,76,65,2,574,518,0.5390070921985816,77.0,0.5384615384615384,72,0.7638888888888888,71,0.014084507042253521,0.7498043818466353,75.34825,70.0,80.5,0.043189516296833985,1.651750000000007,0.011550699300699348,inside,-0.14737871674491387
side_opponent,2015,t,C,143,70,71,2,465,550,0.49645390070921985,71.0,0.4965034965034965,72,0.013888888888888888,71,-1.2112676056338028,1.2251564945226916,68.037,63.0,73.0,0.04223347211089369,2.962999999999994,0.020720279720279677,inside,0.42304381846635364
side_opponent,2016,b,P,143,57,83,3,499,635,0.40714285714285714,58.5,0.4090909090909091,72,-1.0833333333333333,71,-0.8169014084507042,-0.266431924882629,58.391125,53.0,63.5,0.04310072913312142,0.10887499999999761,0.0007613636363636197,inside,
side_opponent,2016,c,C,143,89,52,2,684,497,0.6312056737588653,90.0,0.6293706293706294,72,1.6527777777777777,71,0.9577464788732394,0.6950312989045383,90.57875,85.5,96.0,0.0441718931947919,-0.5787499999999994,-0.004047202797202793,inside,0.5949139280125195
side_opponent,2016,d,C,143,58,82,3,500,573,0.4142857142857143,59.5,0.4160839160839161,71,-0.22535211267605634,72,-0.7916666666666666,0.5663145539906103,61.445125,56.0,67.0,0.04415880782664901,-1.9451249999999973,-0.01360227272727271,inside,0.4404538341158059
side_opponent,2016,db,C,143,69,71,3,572,588,0.4928571428571429,70.5,0.493006993006993,72,-0.2222222222222222,71,0.0,-0.2222222222222222,67.995125,63.0,73.0,0.042929103305000355,2.5048749999999984,0.01751660839160838,inside,-0.5057902973395931
side_opponent,2016,e,P,143,62,78,3,544,654,0.44285714285714284,63.5,0.44405594405594406,72,-0.8611111111111112,71,-0.676056338028169,-0.18505477308294216,62.5955,57.0,68.0,0.044913519607807297,0.9044999999999987,0.006325174825174817,inside,
side_opponent,2016,f,P,143,87,53,3,619,467,0.6214285714285714,88.5,0.6188811188811189,71,1.0704225352112675,72,1.0555555555555556,0.014866979655711932,86.837125,81.5,92.0,0.04345161756898229,1.6628749999999997,0.011628496503496502,inside,
side_opponent,2016,g,C,143,71,69,3,519,543,0.5071428571428571,72.5,0.506993006993007,72,-0.1388888888888889,71,-0.19718309859154928,0.05829420970266039,70.67825,65.5,76.0,0.04404980795384008,1.8217499999999944,0.01273951048951045,inside,-0.16917057902973395
side_opponent,2016,h,P,143,83,54,6,637,479,0.6058394160583942,86.0,0.6013986013986014,71,0.7323943661971831,72,1.4722222222222223,-0.7398278560250392,85.07375,80.0,90.5,0.04248636848745504,0.926249999999996,0.0064772727272727,inside,
side_opponent,2016,l,P,143,64,76,3,619,618,0.45714285714285713,65.5,0.458041958041958,71,-0.07042253521126761,72,0.08333333333333333,-0.15375586854460094,70.219875,65.0,75.5,0.0424938178119101,-4.719875000000002,-0.033006118881118894,inside,
side_opponent,2016,m,P,143,72,68,3,583,582,0.5142857142857142,73.5,0.513986013986014,72,0.08333333333333333,71,-0.07042253521126761,0.15375586854460094,72.672875,67.0,78.0,0.04419524848432123,0.8271249999999952,0.005784090909090876,inside,
side_opponent,2016,s,C,143,64,78,1,594,694,0.4507042253521127,64.5,0.45104895104895104,71,-0.28169014084507044,72,-1.1111111111111112,0.8294209702660407,63.201375,57.5,69.0,0.044717544845932815,1.2986250000000013,0.009081293706293715,inside,0.7561815336463225
side_opponent,2016,t,C,143,64,76,3,506,546,0.45714285714285713,65.5,0.458041958041958,71,-0.647887323943662,72,0.08333333333333333,-0.7312206572769954,68.032625,63.0,73.0,0.04089520304084194,-2.532624999999996,-0.017710664335664306,inside,-1.1165884194053208
side_opponent,2017,b,P,143,63,79,1,539,598,0.44366197183098594,63.5,0.44405594405594406,71,-0.36619718309859156,72,-0.4583333333333333,0.09213615023474175,64.596125,59.0,70.0,0.044975952798982415,-1.0961250000000007,-0.007665209790209795,inside,
side_opponent,2017,c,C,143,88,51,4,736,540,0.6330935251798561,90.0,0.6293706293706294,71,1.8591549295774648,72,0.8888888888888888,0.9702660406885759,90.033375,84.5,95.5,0.04379709406691186,-0.033375000000006594,-0.0002333916083916545,inside,0.5338810641627543
side_opponent,2017,d,C,143,59,79,5,487,623,0.427536231884058,61.5,0.43006993006993005,72,-0.2638888888888889,71,-1.647887323943662,1.3839984350547732,61.21925,56.0,66.5,0.042720397557453355,0.2807499999999976,0.0019632867132866965,inside,1.030359937402191
side_opponent,2017,db,C,143,73,65,5,597,598,0.5289855072463768,75.5,0.527972027972028,71,0.14084507042253522,72,-0.1527777777777778,0.29362284820031304,69.84825,64.5,75.0,0.04334808529219745,5.651750000000007,0.03952272727272732,above,-0.27809076682316114
side_opponent,2017,e,P,143,77,63,3,585,528,0.55,78.5,0.548951048951049,71,0.2535211267605634,72,0.5416666666666666,-0.28814553990610325,76.357125,71.0,82.0,0.045083413658911574,2.1428750000000036,0.014985139860139886,inside,
side_opponent,2017,f,P,143,60,83,0,509,596,0.4195804195804196,60.0,0.4195804195804196,72,0.06944444444444445,71,-1.295774647887324,1.3652190923317684,61.8825,56.5,67.0,0.04326933378631543,-1.8825000000000003,-0.013164335664335666,inside,
side_opponent,2017,g,C,143,72,68,3,536,504,0.5142857142857142,73.5,0.513986013986014,71,0.4084507042253521,72,0.041666666666666664,0.36678403755868544,77.380375,72.0,82.5,0.042317012208145155,-3.880375000000001,-0.027135489510489517,inside,-0.1902973395931143
side_opponent,2017,h,P,143,94,49,0,638,483,0.6573426573426573,94.0,0.6573426573426573,72,1.4027777777777777,71,0.7605633802816901,0.6422143974960876,88.892,83.5,94.0,0.04270292595327916,5.108000000000004,0.035720279720279746,inside,
side_opponent,2017,l,P,143,79,61,3,690,560,0.5642857142857143,80.5,0.5629370629370629,72,1.5694444444444444,71,0.23943661971830985,1.3300078247261347,83.405625,77.5,89.0,0.04557303962134666,-2.9056250000000006,-0.020319055944055947,inside,
side_opponent,2017,m,P,143,54,87,2,479,647,0.3829787234042553,55.0,0.38461538461538464,71,-0.9295774647887324,72,-1.4166666666666667,0.48708920187793436,55.90775,50.5,61.5,0.043492115669467625,-0.9077500000000001,-0.006347902097902099,inside,
side_opponent,2017,s,C,143,45,96,2,473,653,0.3191489361702128,46.0,0.32167832167832167,72,-1.1527777777777777,71,-1.3661971830985915,0.21341940532081383,51.27075,46.0,56.5,0.041508033422274375,-5.27075,-0.036858391608391605,inside,-0.37433489827856026
side_opponent,2017,t,C,143,78,61,4,589,528,0.5611510791366906,80.0,0.5594405594405595,72,0.3888888888888889,71,0.4647887323943662,-0.0758998435054773,77.179875,71.5,82.5,0.04517015836695144,2.8201250000000044,0.019721153846153878,inside,-0.7215179968701095
side_opponent,2018,b,P,143,65,73,5,538,565,0.47101449275362317,67.5,0.47202797202797203,72,-0.4027777777777778,71,0.028169014084507043,-0.43094679186228485,66.774375,61.987500000000004,72.0,0.04231524973261689,0.7256249999999937,0.005074300699300656,inside,
side_opponent,2018,c,C,143,82,59,2,721,651,0.5815602836879432,83.0,0.5804195804195804,72,0.6527777777777778,71,0.323943661971831,0.3288341158059468,79.45725,74.0,85.0,0.04477423134262699,3.542749999999998,0.024774475524475512,inside,0.1908059467918623
side_opponent,2018,d,C,143,63,78,2,598,654,0.44680851063829785,64.0,0.44755244755244755,71,0.2535211267605634,72,-1.0277777777777777,1.2812989045383412,64.601,59.5,70.0,0.04290181979281746,-0.6009999999999991,-0.004202797202797196,inside,1.3337636932707355
side_opponent,2018,db,C,143,67,74,2,572,642,0.475177304964539,68.0,0.4755244755244755,72,-0.7222222222222222,71,-0.2535211267605634,-0.46870109546165883,69.54825,64.0,75.0,0.04467393730737908,-1.548249999999996,-0.010826923076923048,inside,-0.7662363067292645
side_opponent,2018,e,P,143,58,82,3,520,583,0.4142857142857143,59.5,0.4160839160839161,72,-1.4305555555555556,71,0.5633802816901409,-1.9939358372456963,64.229125,59.0,69.5,0.04240352961045349,-4.729124999999996,-0.03307080419580417,inside,
side_opponent,2018,f,P,143,74,66,3,589,586,0.5285714285714286,75.5,0.527972027972028,71,0.29577464788732394,72,-0.25,0.545774647887324,72.781875,67.5,78.0,0.04338343896912677,2.7181250000000006,0.019007867132867135,inside,
side_opponent,2018,g,C,143,67,71,5,625,575,0.4855072463768116,69.5,0.486013986013986,72,0.2777777777777778,71,0.4225352112676056,-0.14475743348982784,73.584625,68.0,79.0,0.04401977922007783,-4.084625000000003,-0.028563811188811208,inside,-0.37750391236306724
side_opponent,2018,h,P,143,82,60,1,685,579,0.5774647887323944,82.5,0.5769230769230769,71,0.4788732394366197,72,1.0,-0.5211267605633803,84.2895,79.5,89.5,0.041368847371944274,-1.7895000000000039,-0.012513986013986041,inside,
side_opponent,2018,l,P,143,88,53,2,792,653,0.624113475177305,89.0,0.6223776223776224,71,0.8028169014084507,72,1.1388888888888888,-0.3360719874804381,86.339125,81.0,91.5,0.04147183275214282,2.6608750000000043,0.018607517482517513,inside,
side_opponent,2018,m,P,143,59,81,3,534,628,0.42142857142857143,60.5,0.4230769230769231,72,-0.9444444444444444,71,-0.36619718309859156,-0.5782472613458529,60.901875,55.5,66.0,0.042592540746303885,-0.4018749999999969,-0.0028103146853146635,inside,
side_opponent,2018,s,C,143,75,66,2,658,665,0.5319148936170213,76.0,0.5314685314685315,71,0.43661971830985913,72,-0.5277777777777778,0.9643974960876369,73.157,67.5,78.5,0.04461422539142442,2.8430000000000035,0.019881118881118907,inside,0.9534820031298904
side_opponent,2018,t,C,143,62,79,2,577,628,0.4397163120567376,63.0,0.4405594405594406,71,-0.8309859154929577,72,0.1111111111111111,-0.9420970266040689,62.526875,57.0,68.0,0.04525487056020717,0.4731250000000031,0.0033085664335664555,inside,-1.3343114241001566
side_opponent,2019,b,P,143,61,75,7,544,637,0.4485294117647059,64.5,0.45104895104895104,71,-0.6901408450704225,72,-0.6111111111111112,-0.07902973395931134,62.13125,57.0,67.5,0.042623614962988866,2.3687499999999986,0.016564685314685305,inside,
side_opponent,2019,c,C,143,70,70,3,591,601,0.5,71.5,0.5,71,0.014084507042253521,72,-0.1527777777777778,0.16686228482003132,70.837625,65.5,76.0,0.04371922697790569,0.6623749999999973,0.004631993006992988,inside,-0.004381846635367698
side_opponent,2019,d,C,143,68,73,2,563,544,0.48226950354609927,69.0,0.4825174825174825,72,0.3888888888888889,71,-0.1267605633802817,0.5156494522691706,71.32525,66.0,76.5,0.043151113705540756,-2.325249999999997,-0.01626048951048949,inside,0.4141627543035994
side_opponent,2019,db,C,143,71,69,3,596,611,0.5071428571428571,72.5,0.506993006993007,72,0.4583333333333333,71,-0.676056338028169,1.1343896713615023,69.747,64.5,75.0,0.04362200958151725,2.753,0.019251748251748253,inside,1.1566510172143973
side_opponent,2019,e,P,143,71,68,4,614,578,0.5107913669064749,73.0,0.5104895104895105,71,0.04225352112676056,72,0.4583333333333333,-0.41607981220657275,77.220125,72.0,82.5,0.04250379117396224,-4.220124999999996,-0.029511363636363606,inside,
side_opponent,2019,f,P,143,65,73,5,560,586,0.47101449275362317,67.5,0.47202797202797203,72,-0.2638888888888889,71,-0.09859154929577464,-0.16529733959311427,68.2625,63.0,74.0,0.04448018445557865,-0.7625000000000028,-0.005332167832167852,inside,
side_opponent,2019,g,C,143,77,64,2,663,573,0.5460992907801419,78.0,0.5454545454545454,71,0.7605633802816901,72,0.5,0.2605633802816901,79.272125,74.0,84.5,0.04329083211408661,-1.2721250000000026,-0.00889597902097904,inside,0.10805946791862286
side_opponent,2019,h,P,143,76,62,5,582,564,0.5507246376811594,78.5,0.548951048951049,72,0.041666666666666664,71,0.2112676056338028,-0.16960093896713616,74.15325,68.5,79.5,0.04397498788248629,4.34675,0.03039685314685315,inside,
side_opponent,2019,l,P,143,80,62,1,756,695,0.5633802816901409,80.5,0.5629370629370629,72,0.09722222222222222,71,0.7605633802816901,-0.6633411580594679,75.92675,70.5,81.5,0.04366754026612014,4.573250000000002,0.03198076923076924,inside,
side_opponent,2019,m,P,143,69,70,4,642,611,0.49640287769784175,71.0,0.4965034965034965,71,0.07042253521126761,72,0.3611111111111111,-0.2906885758998435,74.219375,69.0,79.5,0.04233712774197265,-3.2193749999999994,-0.022513111888111885,inside,
side_opponent,2019,s,C,143,59,82,2,656,739,0.41843971631205673,60.0,0.4195804195804196,71,-1.1126760563380282,72,-0.05555555555555555,-1.0571205007824727,64.36425,58.5,70.0,0.04532245873395907,-4.364249999999998,-0.030519230769230757,inside,-1.4731611893583725
side_opponent,2019,t,C,143,69,68,6,538,566,0.5036496350364964,72.0,0.5034965034965035,72,-0.19444444444444445,71,-0.19718309859154928,0.0027386541471048353,70.3175,64.5,76.0,0.044851366743664495,1.6825000000000045,0.011765734265734297,inside,-0.2013302034428795
side_opponent,2020,b,P,120,45,68,7,442,502,0.39823008849557523,48.5,0.4041666666666667,60,-0.38333333333333336,60,-0.6166666666666667,0.23333333333333334,53.66425,49.0,58.5,0.0396779103345568,-5.164250000000003,-0.04303541666666669,below,
side_opponent,2020,c,C,120,52,56,12,523,529,0.48148148148148145,58.0,0.48333333333333334,60,-0.5333333333333333,60,0.43333333333333335,-0.9666666666666667,58.276625,53.5,63.5,0.03960897935007968,-0.2766250000000028,-0.0023052083333333566,inside,-1.88
side_opponent,2020,d,C,120,60,55,5,429,489,0.5217391304347826,62.5,0.5208333333333334,60,0.4166666666666667,60,-1.4166666666666667,1.8333333333333335,59.39975,54.5,64.0,0.03895459664179417,3.1002500000000026,0.025835416666666687,inside,1.4800000000000002
side_opponent,2020,db,C,120,56,58,6,516,474,0.49122807017543857,59.0,0.49166666666666664,60,0.9166666666666666,60,-0.21666666666666667,1.1333333333333333,63.381125,58.5,68.5,0.039969609718122155,-4.381124999999997,-0.036509374999999976,inside,0.6399999999999999
side_opponent,2020,e,P,120,55,57,8,557,522,0.49107142857142855,59.0,0.49166666666666664,60,1.0666666666666667,60,-0.48333333333333334,1.55,60.839875,55.5,65.5,0.040302905629052185,-1.8398749999999993,-0.01533229166666666,inside,
side_opponent,2020,f,P,120,53,62,5,493,528,0.4608695652173913,55.5,0.4625,60,0.36666666666666664,60,-0.95,1.3166666666666667,57.168375,52.0,62.5,0.04084614659630321,-1.6683749999999975,-0.01390312499999998,inside,
side_opponent,2020,g,C,120,67,45,8,532,421,0.5982142857142857,71.0,0.5916666666666667,60,1.3666666666666667,60,0.48333333333333334,0.8833333333333333,70.867875,66.0,76.0,0.040182692583867155,0.13212500000000205,0.0011010416666666837,inside,0.33999999999999997
side_opponent,2020,h,P,120,73,42,5,531,389,0.6347826086956522,75.5,0.6291666666666667,60,1.3833333333333333,60,0.9833333333333333,0.4,74.905375,70.5,79.5,0.037996882676306874,0.5946249999999935,0.004955208333333279,inside,
side_opponent,2020,l,P,120,58,58,4,479,543,0.5,60.0,0.5,60,0.0,60,-1.0666666666666667,1.0666666666666667,53.9855,49.0,59.0,0.03935126513870938,6.014499999999998,0.050120833333333316,above,
side_opponent,2020,m,P,120,60,57,3,461,479,0.5128205128205128,61.5,0.5125,60,0.2833333333333333,60,-0.5833333333333334,0.8666666666666667,59.430875,54.5,64.5,0.039957026285512606,2.0691249999999997,0.017242708333333332,inside,
side_opponent,2020,s,C,120,41,69,10,468,589,0.37272727272727274,46.0,0.38333333333333336,60,-1.0833333333333333,60,-0.9333333333333333,-0.1499999999999999,47.070125,42.0,52.0,0.03895522267215411,-1.0701249999999973,-0.00891770833333331,inside,-0.8999999999999999
side_opponent,2020,t,C,120,60,53,7,494,460,0.5309734513274337,63.5,0.5291666666666667,60,0.7166666666666667,60,-0.15,0.8666666666666667,60.972125,56.5,65.5,0.03782390491527164,2.5278750000000016,0.021065625000000015,inside,0.31999999999999995
side_opponent,2021,b,P,143,70,55,18,551,500,0.56,79.0,0.5524475524475524,72,0.5972222222222222,71,0.11267605633802817,0.484546165884194,79.746625,74.5,85.0,0.04272898423631455,-0.7466249999999945,-0.005221153846153808,inside,
side_opponent,2021,c,C,143,63,68,12,557,589,0.48091603053435117,69.0,0.4825174825174825,72,-0.4444444444444444,71,0.0,-0.4444444444444444,68.1265,63.0,73.5,0.04299482906503506,0.873500000000007,0.006108391608391658,inside,-0.36760563380281686
side_opponent,2021,d,C,143,55,71,17,405,478,0.4365079365079365,63.5,0.44405594405594406,71,0.18309859154929578,72,-1.1944444444444444,1.3775430359937402,62.177,57.0,67.0,0.04092171057762798,1.3230000000000004,0.009251748251748255,inside,1.8187793427230046
side_opponent,2021,db,C,143,54,73,16,559,624,0.4251968503937008,62.0,0.43356643356643354,71,-0.4507042253521127,72,-0.4583333333333333,0.007629107981220629,64.021,58.987500000000004,69.0,0.0421758604037926,-2.021000000000001,-0.014132867132867138,inside,0.1748826291079812
side_opponent,2021,e,P,143,66,62,15,532,507,0.515625,73.5,0.513986013986014,72,0.125,71,0.22535211267605634,-0.10035211267605634,74.85475,70.0,80.0,0.041945386674112455,-1.3547499999999957,-0.009473776223776193,inside,
side_opponent,2021,f,P,143,55,68,20,454,515,0.44715447154471544,65.0,0.45454545454545453,71,-0.8873239436619719,72,0.027777777777777776,-0.9151017214397497,62.65975,58.0,67.5,0.039924378183865836,2.3402499999999975,0.016365384615384598,inside,
side_opponent,2021,g,C,143,61,62,20,552,541,0.4959349593495935,71.0,0.4965034965034965,72,0.027777777777777776,71,0.1267605633802817,-0.09898278560250391,73.880875,68.5,79.0,0.04303370375076234,-2.880875000000003,-0.020145979020979043,inside,0.046948356807511735
side_opponent,2021,h,P,143,60,62,21,564,493,0.4918032786885246,70.5,0.493006993006993,71,0.6056338028169014,72,0.3888888888888889,0.21674491392801248,77.620875,72.0,83.0,0.0430713271028227,-7.120874999999998,-0.04979632867132866,below,
side_opponent,2021,l,P,143,55,70,18,521,589,0.44,64.0,0.44755244755244755,71,-0.38028169014084506,72,-0.5694444444444444,0.18916275430359936,63.27375,57.5,68.5,0.04364871460818448,0.7262500000000003,0.0050786713286713305,inside,
side_opponent,2021,m,P,143,67,57,19,584,570,0.5403225806451613,76.5,0.534965034965035,72,-0.2361111111111111,71,0.43661971830985913,-0.6727308294209702,72.3805,67.0,78.0,0.04438662501948256,4.119500000000002,0.028807692307692322,inside,
side_opponent,2021,s,C,143,73,52,18,625,531,0.584,82.0,0.5734265734265734,72,0.3194444444444444,71,1.0,-0.6805555555555556,81.04125,75.5,86.5,0.04317634663333792,0.9587499999999949,0.006704545454545419,inside,-0.6509389671361503
side_opponent,2021,t,C,143,77,56,10,541,508,0.5789473684210527,82.0,0.5734265734265734,71,-0.2676056338028169,72,0.7222222222222222,-0.9898278560250391,78.18,73.0,83.5,0.04084121081855044,3.819999999999993,0.026713286713286665,inside,-1.0220657276995304
side_opponent,2022,b,P,143,76,65,2,490,458,0.5390070921985816,77.0,0.5384615384615384,71,0.08450704225352113,72,0.3611111111111111,-0.27660406885759,77.57475,72.5,82.5,0.04084828949985258,-0.5747499999999945,-0.004019230769230731,inside,
side_opponent,2022,c,C,143,66,74,3,552,544,0.4714285714285714,67.5,0.47202797202797203,71,0.2112676056338028,72,-0.09722222222222222,0.308489827856025,68.468125,63.0,73.5,0.04298333703785081,-0.9681250000000006,-0.006770104895104899,inside,0.3338810641627543
side_opponent,2022,d,C,143,66,75,2,414,495,0.46808510638297873,67.0,0.46853146853146854,71,-0.2676056338028169,72,-0.8611111111111112,0.5935054773082943,65.131875,59.987500000000004,70.5,0.043054907413172305,1.8681250000000063,0.013063811188811232,inside,0.6758998435054774
side_opponent,2022,db,C,143,73,68,2,497,534,0.5177304964539007,74.0,0.5174825174825175,72,0.3888888888888889,71,-0.9154929577464789,1.3043818466353678,70.940125,65.5,76.0,0.04372253178900165,3.0598750000000052,0.021397727272727308,inside,1.5289514866979657
side_opponent,2022,e,P,143,69,71,3,533,522,0.4928571428571429,70.5,0.493006993006993,71,-0.39436619718309857,72,0.5416666666666666,-0.9360328638497653,71.239,66.0,76.5,0.04189983471372243,-0.7390000000000043,-0.0051678321678321985,inside,
side_opponent,2022,f,P,143,59,81,3,463,534,0.42142857142857143,60.5,0.4230769230769231,72,-0.125,71,-0.8732394366197183,0.7482394366197183,61.490125,56.5,67.0,0.043454655364666805,-0.990124999999999,-0.006923951048951042,inside,
side_opponent,2022,g,C,143,68,72,3,548,589,0.4857142857142857,69.5,0.486013986013986,72,-0.3611111111111111,71,-0.2112676056338028,-0.1498435054773083,69.447375,64.0,75.0,0.04324035394623984,0.05262500000000614,0.00036800699300703596,inside,-0.21611893583724567
side_opponent,2022,h,P,143,76,65,2,555,471,0.5390070921985816,77.0,0.5384615384615384,72,0.5555555555555556,71,0.6197183098591549,-0.0641627543035993,78.622125,73.5,84.0,0.0427053033220314,-1.622124999999997,-0.011343531468531447,inside,
side_opponent,2022,l,P,143,72,68,3,464,448,0.5142857142857142,73.5,0.513986013986014,72,0.5972222222222222,71,-0.38028169014084506,0.9775039123630673,72.373875,67.0,78.0,0.04488574304359787,1.1261250000000018,0.007875000000000012,inside,
side_opponent,2022,m,P,143,69,73,1,501,536,0.4859154929577465,69.5,0.486013986013986,71,-0.43661971830985913,72,-0.05555555555555555,-0.38106416275430355,69.858375,64.5,75.0,0.044091379285247694,-0.3583749999999952,-0.002506118881118848,inside,
side_opponent,2022,s,C,143,80,59,4,619,566,0.5755395683453237,82.0,0.5734265734265734,71,-0.43661971830985913,72,1.1666666666666667,-1.603286384976526,77.347875,72.0,83.0,0.04467218398622654,4.652124999999998,0.032532342657342644,inside,-1.960250391236307
side_opponent,2022,t,C,143,68,71,4,489,428,0.4892086330935252,70.0,0.48951048951048953,72,0.2916666666666667,71,0.5633802816901409,-0.2717136150234742,75.376875,70.0,80.5,0.04162446795668287,-5.376874999999998,-0.03760052447552446,inside,-0.3623630672926448
side_opponent,2023,b,P,143,86,53,4,508,428,0.6187050359712231,88.0,0.6153846153846154,72,0.2638888888888889,71,0.8591549295774648,-0.5952660406885759,82.39925,76.5,88.0,0.044804036757891026,5.600750000000005,0.03916608391608395,inside,
side_opponent,2023,c,C,143,74,65,4,493,508,0.5323741007194245,76.0,0.5314685314685315,72,0.25,71,-0.4647887323943662,0.7147887323943662,73.3315,68.0,78.5,0.04234575218581015,2.6684999999999945,0.018660839160839122,inside,0.4345461658841941
side_opponent,2023,d,C,143,56,82,5,390,498,0.4057971014492754,58.5,0.4090909090909091,72,-0.5972222222222222,71,-0.9154929577464789,0.31827073552425666,60.2655,55.0,65.51250000000005,0.043108128760029674,-1.765500000000003,-0.012346153846153866,inside,-0.041275430359937415
side_opponent,2023,db,C,143,74,66,3,520,496,0.5285714285714286,75.5,0.527972027972028,71,0.38028169014084506,72,-0.041666666666666664,0.42194835680751175,72.315375,67.0,77.5,0.04238409938070913,3.184624999999997,0.022270104895104875,inside,0.08313771517996871
side_opponent,2023,e,P,143,70,71,2,513,556,0.49645390070921985,71.0,0.4965034965034965,72,-0.1111111111111111,71,-0.49295774647887325,0.38184663536776214,70.586125,65.0,76.0,0.04265182927763981,0.41387500000000443,0.0028942307692308004,inside,
side_opponent,2023,f,P,143,60,82,1,464,496,0.4225352112676056,60.5,0.4230769230769231,71,-0.4084507042253521,72,-0.041666666666666664,-0.36678403755868544,65.715375,60.5,70.51250000000005,0.04231383216445729,-5.2153749999999945,-0.036471153846153806,inside,
side_opponent,2023,g,C,143,71,70,2,523,507,0.5035460992907801,72.0,0.5034965034965035,71,0.16901408450704225,72,0.05555555555555555,0.1134585289514867,72.898875,67.5,78.5,0.04295835673879035,-0.8988750000000039,-0.006285839160839188,inside,-0.28705007824726136
side_opponent,2023,h,P,143,71,69,3,536,507,0.5071428571428571,72.5,0.506993006993007,71,0.28169014084507044,72,0.125,0.15669014084507044,74.111,69.0,79.5,0.041800646807416506,-1.6110000000000042,-0.011265734265734295,inside,
side_opponent,2023,l,P,143,65,77,1,435,465,0.45774647887323944,65.5,0.458041958041958,71,-0.5070422535211268,72,0.08333333333333333,-0.5903755868544601,67.682125,62.5,72.5,0.0415477713050755,-2.182124999999999,-0.015259615384615378,inside,
side_opponent,2023,m,P,143,70,68,5,505,524,0.5072463768115942,72.5,0.506993006993007,72,0.5833333333333334,71,-0.8591549295774648,1.442488262910798,70.09075,64.5,75.5,0.04287001363298387,2.40925,0.016847902097902098,inside,
side_opponent,2023,s,C,143,57,83,3,534,567,0.40714285714285714,58.5,0.4090909090909091,72,-0.125,71,-0.3380281690140845,0.2130281690140845,64.7485,59.5,70.0,0.04446937225515098,-6.248500000000007,-0.043695804195804246,below,-0.16756651017214402
side_opponent,2023,t,C,143,85,53,5,555,424,0.6159420289855072,87.5,0.6118881118881119,71,1.0845070422535212,72,0.75,0.33450704225352124,83.89525,79.0,89.0,0.040996061135579326,3.6047499999999957,0.025208041958041928,inside,-0.02179186228481994
side_opponent,2024,b,P,143,63,77,3,402,448,0.45,64.5,0.45104895104895104,71,-0.352112676056338,72,-0.2916666666666667,-0.06044600938967132,67.706,62.5,72.5,0.04105940779824017,-3.206000000000003,-0.02241958041958044,inside,
side_opponent,2024,c,C,143,68,70,5,415,419,0.4927536231884058,70.5,0.493006993006993,71,0.3380281690140845,72,-0.3888888888888889,0.7269170579029733,67.467875,62.0,73.0,0.04344657089143292,3.0321249999999935,0.021203671328671285,inside,0.43106416275430354
side_opponent,2024,d,C,143,60,75,8,373,478,0.4444444444444444,64.0,0.44755244755244755,71,-0.16901408450704225,72,-1.2916666666666667,1.1226525821596245,63.80025,59.0,68.5,0.03849295924390379,0.19975000000000165,0.0013968531468531583,inside,0.9059467918622849
side_opponent,2024,db,C,143,71,69,3,522,503,0.5071428571428571,72.5,0.506993006993007,72,-0.1527777777777778,71,0.4225352112676056,-0.5753129890453834,73.460625,68.48750000000001,79.0,0.042567810984084485,-0.9606249999999932,-0.006717657342657295,inside,-1.1316118935837247
side_opponent,2024,e,P,143,67,72,4,492,579,0.48201438848920863,69.0,0.4825174825174825,71,-0.9154929577464789,72,-0.3055555555555556,-0.6099374021909233,65.152,60.0,70.5,0.04171109209551999,3.847999999999999,0.026909090909090903,inside,
side_opponent,2024,f,P,143,75,60,8,532,485,0.5555555555555556,79.0,0.5524475524475524,72,0.5555555555555556,71,0.09859154929577464,0.45696400625978095,76.279375,70.5,81.5,0.044558592262097386,2.7206249999999983,0.01902534965034964,inside,
side_opponent,2024,g,C,143,77,59,7,462,381,0.5661764705882353,80.5,0.5629370629370629,72,0.3472222222222222,71,0.7887323943661971,-0.4415101721439749,81.2975,76.5,86.5,0.04089213223983044,-0.7974999999999994,-0.005576923076923073,inside,-0.9710485133020343
side_opponent,2024,h,P,143,91,49,3,607,390,0.65,92.5,0.6468531468531469,72,1.4027777777777777,71,1.6338028169014085,-0.23102503912363082,92.108375,87.0,97.5,0.04286068827601376,0.3916250000000048,0.002738636363636397,inside,
side_opponent,2024,l,P,143,49,91,3,350,485,0.35,50.5,0.3531468531468531,72,-0.8472222222222222,71,-1.0422535211267605,0.1950312989045383,55.98925,51.0,61.0,0.040550597370590954,-5.489249999999998,-0.03838636363636363,below,
side_opponent,2024,m,P,143,71,66,6,493,495,0.5182481751824818,74.0,0.5174825174825175,71,0.2535211267605634,72,-0.2777777777777778,0.5312989045383412,71.452875,66.0,77.0,0.04253278374403684,2.547124999999994,0.017812062937062896,inside,
side_opponent,2024,s,C,143,62,77,4,506,556,0.4460431654676259,64.0,0.44755244755244755,71,-0.28169014084507044,72,-0.4166666666666667,0.13497652582159625,65.56875,60.5,70.5,0.04133962204063573,-1.5687499999999943,-0.01097027972027968,inside,-0.279264475743349
side_opponent,2024,t,C,143,74,63,6,485,420,0.5401459854014599,77.0,0.5384615384615384,72,1.0694444444444444,71,-0.16901408450704225,1.2384585289514867,77.591,72.5,82.5,0.04165619473307553,-0.590999999999994,-0.004132867132867091,inside,1.0449139280125195
side_opponent,2025,b,P,143,74,66,3,502,519,0.5285714285714286,75.5,0.527972027972028,72,-0.05555555555555555,71,-0.18309859154929578,0.12754303599374023,72.661125,67.5,78.0,0.042620176307130206,2.8388750000000016,0.01985227272727274,inside,
side_opponent,2025,c,C,143,59,79,5,441,497,0.427536231884058,61.5,0.43006993006993005,72,0.18055555555555555,71,-0.971830985915493,1.1523865414710486,63.68575,58.0,69.0,0.04336726200982208,-2.1857499999999987,-0.015284965034965027,inside,0.9631064162754304
side_opponent,2025,d,C,143,63,78,2,403,463,0.44680851063829785,64.0,0.44755244755244755,72,-0.027777777777777776,71,-0.8169014084507042,0.7891236306729265,65.327375,60.0,71.0,0.042712593210298494,-1.3273750000000035,-0.009282342657342683,inside,0.5271909233176839
side_opponent,2025,db,C,143,71,66,6,510,456,0.5182481751824818,74.0,0.5174825174825175,71,0.2112676056338028,72,0.5416666666666666,-0.3303990610328638,72.518,67.0,78.0,0.04239316920446971,1.4819999999999993,0.01036363636363636,inside,-0.8162363067292644
side_opponent,2025,e,P,143,67,74,2,446,526,0.475177304964539,68.0,0.4755244755244755,72,-0.3333333333333333,71,-0.7887323943661971,0.4553990610328638,64.45075,59.0,70.0,0.044418950011847855,3.5492500000000007,0.024819930069930076,inside,
side_opponent,2025,f,P,143,83,57,3,548,409,0.5928571428571429,84.5,0.5909090909090909,71,0.6197183098591549,72,1.3194444444444444,-0.6997261345852895,81.589875,76.5,87.0,0.04276334203437843,2.9101249999999936,0.02035052447552443,inside,
side_opponent,2025,g,C,143,70,69,4,463,461,0.5035971223021583,72.0,0.5034965034965035,71,0.4507042253521127,72,-0.4166666666666667,0.8673708920187794,72.465125,67.0,78.0,0.042919075833029535,-0.46512500000000045,-0.003252622377622381,inside,0.6210876369327074
side_opponent,2025,h,P,143,87,52,4,551,389,0.6258992805755396,89.0,0.6223776223776224,71,1.3098591549295775,72,0.9583333333333334,0.3515258215962441,89.137625,84.0,94.0,0.041770179576094774,-0.1376249999999999,-0.0009624125874125866,inside,
side_opponent,2025,l,P,143,63,77,3,410,465,0.45,64.5,0.45104895104895104,71,-0.23943661971830985,72,-0.5277777777777778,0.2883411580594679,67.3895,62.5,72.5,0.04113957101837468,-2.889499999999998,-0.020206293706293694,inside,
side_opponent,2025,m,P,143,56,84,3,441,553,0.4,57.5,0.4020979020979021,72,-0.4027777777777778,71,-1.1690140845070423,0.7662363067292645,60.518,55.0,66.0,0.04482656974762663,-3.0180000000000007,-0.02110489510489511,inside,
side_opponent,2025,s,C,143,57,79,7,443,564,0.41911764705882354,60.5,0.4230769230769231,72,-0.8333333333333334,71,-0.8591549295774648,0.025821596244131384,58.175625,53.0,63.5,0.042151868699411926,2.3243750000000034,0.016254370629370653,inside,-0.3887715179968702
side_opponent,2025,t,C,143,85,54,4,496,352,0.6115107913669064,87.0,0.6083916083916084,71,0.8028169014084507,72,1.2083333333333333,-0.4055164319248825,89.955,85.0,95.0,0.03979379205946096,-2.9549999999999983,-0.02066433566433565,inside,-0.9063771517996869
