year,team,name,league,sr_log,rps_log,ig_log,rg_log,iso,obp
2013,b,オリックス,P,-0.0902776006456497,-0.0379433964550271,0.0063311794916394,-0.1218898176090367,-0.005060721365728868,-0.009431659366220979
2013,c,広島,C,-0.0276675998641307,0.0065950547806445,-0.001413609436711,-0.0224861545201972,-0.002300879646980211,-0.004852392286401053
2013,d,中日,C,-0.0255660264221242,-0.0604569787750922,0.0062728234874453,-0.0797501817097713,-0.008374817833007628,-0.009439506526528751
2013,e,楽天,P,0.0585794985859436,0.0341851212190177,-0.0123901161165692,0.0803745036883923,-0.002904179955271327,0.007957759315358692
2013,f,日本ハム,P,-0.0716223600348556,-0.0079415328311863,-0.0022059309535699,-0.0817698238196114,-0.0035110320625534874,-0.0061546266378204595
2013,l,西武,P,0.0050373495251587,-0.0263510402497103,0.0047843887733408,-0.0165293019512104,-0.010211902767134073,-0.00036568915794582546
2013,m,ロッテ,P,-0.0224357036124969,0.0085021201855676,0.0009069120269203,-0.0130266714000084,-0.0028169367145248897,-0.0006537510918875333
2013,t,阪神,C,-0.0923477623122067,0.0196213969430897,0.0024369921635741,-0.0702893732055424,-0.021948963136744437,0.0037921362217984145
2014,d,中日,C,-0.0478453491030727,-0.0201824873631341,0.0032152300864099,-0.0648126063797968,-0.024804609708462308,-0.005240555492459054
2014,e,楽天,P,-0.0877989653752866,0.0415206244235341,-0.0037542927130839,-0.0500326336648364,-0.024288280564810125,-0.0009708839373040457
2014,h,ソフトバンク,P,0.0596247157827713,-0.0155386071192713,0.0063116072216311,0.0503977158851312,-0.007263893057415316,0.01884039553458594
2014,t,阪神,C,-0.0400826026263519,0.0325244164611274,-0.007629182927719,-0.0151873690929432,-0.019005347981780288,0.006773043764461806
2015,b,オリックス,P,-0.1044958653869941,0.0080672662188648,-0.0031347988053715,-0.0995633979735004,-0.01721691723571933,-0.006756000482476376
2015,d,中日,C,-0.0439265301543174,-0.0250071154153557,0.008433394128375,-0.0605002514412979,-0.023818765024330973,-0.0010192824579580706
2015,e,楽天,P,-0.1009493924928504,-0.1336975193796184,0.0209066848193138,-0.2137402270531549,-0.026380987134141318,-0.017811031560072355
2015,g,巨人,C,-0.0221196346719602,0.0012913162514902,-0.0064048320378888,-0.0272331504583588,-0.0002400510239626702,-0.00130802927639595
2015,m,ロッテ,P,-0.0347882610190076,0.0248483979893035,-0.011806512586989,-0.0217463756166927,-0.011282786755333327,-0.007476207576184335
2015,t,阪神,C,-0.0443428020077538,-0.0315201851433172,-0.0016952471948036,-0.0775582343458746,-0.01647249101056973,0.004261402495844613
2016,b,オリックス,P,-0.1006582119175827,-0.0578575273026444,0.0020773832451347,-0.156438355975092,-0.016673214750996437,-0.01649285438315823
2016,d,中日,C,-0.141637755117969,0.0132452267500205,0.0106094927115646,-0.1177830356563835,-0.021542165320685938,-0.01228755571296275
2016,e,楽天,P,-0.1037662175274498,0.0284856238017795,0.0051853888550018,-0.0700952048706682,-0.004941776247356464,-0.00810196511538197
2016,m,ロッテ,P,-0.0680534186808431,0.0612352700331926,0.0059608832715323,-0.0008572653761184,-0.010292364519293024,-0.005022310583731149
2016,s,ヤクルト,C,0.0448376665836968,0.0153901639903375,-0.0057396452899649,0.0544881852840697,-0.0042963602818266305,0.01465393395976905
2016,t,阪神,C,-0.0826725551541064,-0.0244817928305665,0.0012998831935628,-0.1058544647911097,-0.023400673310700615,-0.008660602600246592
2017,b,オリックス,P,-0.061039760547921,-0.010079699686071,0.0093677500036,-0.0617517102303919,-0.008447733997665963,-0.00357999244525653
2017,d,中日,C,-0.0444993957643197,-0.1188834378224912,0.0065955622219191,-0.1567872713648915,-0.009301361376957681,-0.02115052762245362
2017,e,楽天,P,0.0157534625026176,0.0028237051498369,0.0015673984400126,0.0201445660924674,-0.00032621389854270433,0.00632536907951925
2017,f,日本ハム,P,-0.0760396204472336,-0.0476744884458404,0.0046948443042076,-0.1190192645888662,-0.024943917901327897,-0.007515045207223903
2017,g,巨人,C,-0.0528982149807517,-0.0029458367834696,-0.0050731816124583,-0.0609172333766792,-0.002954527310814803,0.0001819895167680663
2017,m,ロッテ,P,-0.132814009355423,-0.0539867010304309,0.0070340266573797,-0.1797666837284738,-0.02174331548539793,-0.02615819018075527
2017,s,ヤクルト,C,-0.1744228927236569,-0.0173549810245005,0.0058218677926087,-0.1859560059555484,-0.02761772129385888,-0.014177903591286733
2017,t,阪神,C,0.0405147095187607,-0.0051917412453322,-0.001948179069323,0.0333747892041054,-0.004943459245809245,0.011058666870141232
2018,b,オリックス,P,-0.1177168419583906,-0.0198605219669183,0.012523564364337,-0.1250537995609715,-0.027308861709400764,-0.019941478971068627
2018,d,中日,C,0.0142734973227142,-0.055175065626782,-0.0035259585991326,-0.0444275269032005,-0.029652175434946637,-0.00694422996731936
2018,e,楽天,P,-0.0863576002932375,-0.0867879740602887,0.0140620262062429,-0.1590835481472829,-0.020600899213863322,-0.020636118197133235
2018,f,日本ハム,P,-0.0265008741058681,-0.0002904482164453,-0.0076948537488559,-0.034486176071169,-0.0028880346649960142,0.005664772239560634
2018,m,ロッテ,P,-0.082031858687407,-0.0537274173650185,0.0032427552898641,-0.1325165207625611,-0.042371620077629624,-0.000202448248103837
2018,s,ヤクルト,C,0.0250832086432153,0.0288447789669842,-0.0027413371387146,0.0511866504714851,-0.004457132493320054,0.019684870419527434
2018,t,阪神,C,-0.094593108196182,0.0070139819173914,0.0074031119330576,-0.0801760143457326,-0.03737859520393398,-0.0008021963418486378
2019,b,オリックス,P,-0.1023326600337739,-0.0324653757320574,0.0099593399027587,-0.1248386958630725,-0.034228380871526215,-0.01967313176384483
2019,c,広島,C,0.0047791354886747,-0.0289610967757041,0.0071257670176437,-0.0170561942693858,-0.002232671411192072,0.0008587003339050603
2019,d,中日,C,-0.0111186659648359,-0.0444117614563465,-0.0100621561146112,-0.0655925835357935,-0.025412618441289586,-0.007401954932120425
2019,e,楽天,P,0.0028798488857129,-0.0096581340242708,0.002985270566685,-0.0037930145718728,-0.001020704868783029,0.009285520823933857
2019,f,日本ハム,P,-0.1097712371939118,0.022667441245517,-0.0087473630414255,-0.0958511589898202,-0.03057285385489522,-0.0007323689067523786
2019,t,阪神,C,-0.092967000332362,-0.0267204061241963,0.0086737549428585,-0.1110136515136996,-0.03441116516764468,-0.005326855337289271
2020,b,オリックス,P,-0.0952587450597296,-0.0225390264365224,0.0069095752284397,-0.1108881962678122,-0.01332440354230549,-0.011013417575581996
2020,d,中日,C,-0.0557679153540291,-0.0811694833411567,-0.0034662079764861,-0.140403606671672,-0.03516525501675756,-0.008384027648435544
2020,f,日本ハム,P,-0.0245094417053251,0.020616853211478,0.0022036841910271,-0.0016889043028201,-0.019579602745513194,0.005696378229242016
2020,m,ロッテ,P,-0.062961482488692,-0.0042615142112906,-0.0015770386488789,-0.0688000353488617,-0.012746353757658924,0.004370257108679165
2020,s,ヤクルト,C,-0.0745301918095521,0.0058418936484727,0.0152960684790367,-0.0533922296820424,-0.0043708853245674195,-0.0032600106996699685
2020,t,阪神,C,-0.009577285417792,0.017513555951063,-0.0072612789450377,0.0006749915882333,-0.0014834800387135971,-0.003439953439080823
2021,c,広島,C,0.0360333413343396,-0.006985139551556,0.0022565882012258,0.0313047899840097,-0.008082355220639159,0.01088157904899939
2021,d,中日,C,-0.1673761960815273,-0.1182681180262303,-0.0017290687289777,-0.2873733828367351,-0.04633806659112766,-0.02879685862839443
2021,e,楽天,P,0.0104261217310997,-0.01400726766076,-0.0007952286701383,-0.0043763745997987,-0.00777200990387851,0.01644081601565256
2021,f,日本ハム,P,-0.1116996811015622,-0.0575621502422689,0.0063391654437356,-0.1629226659000951,-0.02547824969474162,-0.010957661533676832
2021,l,西武,P,-0.0337411383940041,0.010858901900429,-0.0023875856945014,-0.0252698221880763,-0.0033186856200392856,-0.006308300820774826
2021,t,阪神,C,0.0052731020382646,-0.0005861632129471,-0.0025281099221103,0.0021588289032074,-0.0014972347197501346,-0.005064893768400802
2022,b,オリックス,P,0.0435148864190885,-0.0666274703633336,0.0009118739640526,-0.0222007099801924,-0.005207034799597027,0.009493341119792331
2022,c,広島,C,-0.0284137505869961,0.081717772721886,0.0067357767624569,0.0600397988973469,-0.017331964621606133,0.001211747830677956
2022,d,中日,C,-0.0923529701476808,-0.1342489912193016,-0.0010403121874512,-0.2276422735544339,-0.03315610050087264,-0.008138535153259852
2022,e,楽天,P,0.0052781420428846,0.0510487591901403,0.0055884218479545,0.0619153230809796,-0.005387322439356371,0.01940302942293448
2022,m,ロッテ,P,-0.0271120291490165,0.0238591474829901,0.003252881666026,0.0,-0.008877843350571263,-0.0074067239144415264
2022,t,阪神,C,-0.0820426190374038,0.0211568377360976,-0.00025997660357,-0.0611457579048762,-0.034063178769230776,-0.008192518672198779
2023,c,広島,C,0.0035656294724538,-0.0150989926493192,-0.0075531027136754,-0.0190864658905407,-0.008837416968271825,-0.002319966612036317
2023,d,中日,C,-0.1985102323966977,-0.0698758505932373,0.0149371821803961,-0.2534489008095388,-0.03163853219415591,-0.02517331186562527
2023,f,日本ハム,P,-0.0043585630921621,-0.0570193607909863,-0.0002603827641321,-0.0616383066472811,-0.00014658366398886957,-0.01484674331273228
2023,h,ソフトバンク,P,0.0399878468105178,0.0397637108146367,0.0028597445721113,0.0826113021972655,-0.0014253774724375667,0.012235528582422495
2023,l,西武,P,-0.1197950978674221,-0.0037748462721741,-0.0026068836452557,-0.1261768277848522,-0.007643427836226943,-0.01566522826129102
2023,t,阪神,C,0.0472645851702369,0.056528647370326,-0.0044207587273594,0.0993724738132037,-0.015667778145086353,0.019964829574923793
2024,b,オリックス,P,-0.0837265474976488,-0.0879332836711478,-0.0042843298250645,-0.1759441609938612,-0.015219341558401489,-0.006422517743832734
2024,c,広島,C,-0.0772970754069119,-0.0249188415803189,-0.0018184184774324,-0.1040343354646632,-0.023248949662199855,-0.021567992438256522
2024,d,中日,C,-0.1425507136818381,-0.0779978507281041,0.009814128358396,-0.2107344360515461,-0.010402581500675995,-0.0136475962834251
2024,e,楽天,P,0.0272629554561818,0.0007646588951358,-0.0019451474718925,0.0260824668794258,-0.010363569245063695,0.0007479678856012195
2024,l,西武,P,-0.2881809688072184,-0.0328674687340445,0.0065853424118394,-0.314463095129423,-0.019973478501492045,-0.03409226259497322
2024,m,ロッテ,P,0.0211747077866974,0.0135672134274289,-0.0066289967843187,0.0281129244298077,-0.008703218413423766,0.011354631092010015
2024,t,阪神,C,0.0191584701003316,0.0352763192031033,-0.0025987540613135,0.0518360352421216,-0.01298718100892976,0.011086326453115247
2025,c,広島,C,-0.0606297828883899,0.0240532664025161,-0.0041547709727748,-0.0407312874586482,-0.01326083185206954,-0.004092467820265289
2025,d,中日,C,-0.0582362101949286,-0.0738982245586727,0.0012948337947896,-0.130839600958811,-0.005071245804071034,-0.017460397908268033
2025,e,楽天,P,0.0010958184668056,-0.0885394922139696,0.0077459721146553,-0.0796977016325085,-0.024761900443688964,0.002784911521552802
2025,l,西武,P,-0.0833313026132952,-0.0844086773900018,0.0038804860490778,-0.1638594939542192,-0.011872320507016351,-0.021308837589923357
2025,m,ロッテ,P,-0.1012417600135505,0.0118264023554819,-0.0015564205476583,-0.0909717782057267,-0.011515398091151027,-0.011578606701614536
2025,s,ヤクルト,C,-0.0097989438010904,-0.0362063928603584,0.0097989438010903,-0.0362063928603584,-0.0023146775081867715,-0.006029527327993889
